afd_support_t,afd_proximity_ordinal,party_clean,wahlperiode_cat,afd_support_c,proximity_c,afd_x_proximity,predicted_gal_tan,ci_95_low,ci_95_high
9.000,0.000,cdu/csu,WP19,-5.556,-1.990,11.059,3.076,2.932,3.220
9.172,0.000,cdu/csu,WP19,-5.384,-1.990,10.717,3.076,2.934,3.217
9.343,0.000,cdu/csu,WP19,-5.213,-1.990,10.375,3.076,2.937,3.215
9.515,0.000,cdu/csu,WP19,-5.041,-1.990,10.034,3.076,2.939,3.213
9.687,0.000,cdu/csu,WP19,-4.869,-1.990,9.692,3.076,2.942,3.211
9.859,0.000,cdu/csu,WP19,-4.697,-1.990,9.350,3.076,2.944,3.209
10.030,0.000,cdu/csu,WP19,-4.526,-1.990,9.008,3.077,2.947,3.206
10.202,0.000,cdu/csu,WP19,-4.354,-1.990,8.666,3.077,2.949,3.205
10.374,0.000,cdu/csu,WP19,-4.182,-1.990,8.325,3.077,2.951,3.203
10.545,0.000,cdu/csu,WP19,-4.011,-1.990,7.983,3.077,2.953,3.201
10.717,0.000,cdu/csu,WP19,-3.839,-1.990,7.641,3.077,2.955,3.199
10.889,0.000,cdu/csu,WP19,-3.667,-1.990,7.299,3.077,2.957,3.197
11.061,0.000,cdu/csu,WP19,-3.495,-1.990,6.957,3.077,2.959,3.196
11.232,0.000,cdu/csu,WP19,-3.324,-1.990,6.616,3.078,2.961,3.194
11.404,0.000,cdu/csu,WP19,-3.152,-1.990,6.274,3.078,2.963,3.193
11.576,0.000,cdu/csu,WP19,-2.980,-1.990,5.932,3.078,2.964,3.192
11.747,0.000,cdu/csu,WP19,-2.809,-1.990,5.590,3.078,2.966,3.191
11.919,0.000,cdu/csu,WP19,-2.637,-1.990,5.248,3.078,2.967,3.189
12.091,0.000,cdu/csu,WP19,-2.465,-1.990,4.907,3.078,2.968,3.188
12.263,0.000,cdu/csu,WP19,-2.293,-1.990,4.565,3.079,2.969,3.188
12.434,0.000,cdu/csu,WP19,-2.122,-1.990,4.223,3.079,2.970,3.187
12.606,0.000,cdu/csu,WP19,-1.950,-1.990,3.881,3.079,2.971,3.186
12.778,0.000,cdu/csu,WP19,-1.778,-1.990,3.539,3.079,2.972,3.186
12.949,0.000,cdu/csu,WP19,-1.607,-1.990,3.198,3.079,2.973,3.185
13.121,0.000,cdu/csu,WP19,-1.435,-1.990,2.856,3.079,2.973,3.185
13.293,0.000,cdu/csu,WP19,-1.263,-1.990,2.514,3.079,2.974,3.185
13.465,0.000,cdu/csu,WP19,-1.091,-1.990,2.172,3.080,2.974,3.185
13.636,0.000,cdu/csu,WP19,-0.920,-1.990,1.831,3.080,2.974,3.185
13.808,0.000,cdu/csu,WP19,-0.748,-1.990,1.489,3.080,2.974,3.186
13.980,0.000,cdu/csu,WP19,-0.576,-1.990,1.147,3.080,2.974,3.186
14.152,0.000,cdu/csu,WP19,-0.404,-1.990,0.805,3.080,2.974,3.187
14.323,0.000,cdu/csu,WP19,-0.233,-1.990,0.463,3.080,2.973,3.187
14.495,0.000,cdu/csu,WP19,-0.061,-1.990,0.122,3.081,2.973,3.188
14.667,0.000,cdu/csu,WP19,0.111,-1.990,-0.220,3.081,2.972,3.189
14.838,0.000,cdu/csu,WP19,0.282,-1.990,-0.562,3.081,2.972,3.190
15.010,0.000,cdu/csu,WP19,0.454,-1.990,-0.904,3.081,2.971,3.191
15.182,0.000,cdu/csu,WP19,0.626,-1.990,-1.246,3.081,2.970,3.192
15.354,0.000,cdu/csu,WP19,0.798,-1.990,-1.587,3.081,2.969,3.194
15.525,0.000,cdu/csu,WP19,0.969,-1.990,-1.929,3.081,2.968,3.195
15.697,0.000,cdu/csu,WP19,1.141,-1.990,-2.271,3.082,2.966,3.197
15.869,0.000,cdu/csu,WP19,1.313,-1.990,-2.613,3.082,2.965,3.199
16.040,0.000,cdu/csu,WP19,1.484,-1.990,-2.955,3.082,2.963,3.200
16.212,0.000,cdu/csu,WP19,1.656,-1.990,-3.296,3.082,2.962,3.202
16.384,0.000,cdu/csu,WP19,1.828,-1.990,-3.638,3.082,2.960,3.204
16.556,0.000,cdu/csu,WP19,2.000,-1.990,-3.980,3.082,2.958,3.206
16.727,0.000,cdu/csu,WP19,2.171,-1.990,-4.322,3.082,2.957,3.208
16.899,0.000,cdu/csu,WP19,2.343,-1.990,-4.664,3.083,2.955,3.211
17.071,0.000,cdu/csu,WP19,2.515,-1.990,-5.005,3.083,2.953,3.213
17.242,0.000,cdu/csu,WP19,2.686,-1.990,-5.347,3.083,2.951,3.215
17.414,0.000,cdu/csu,WP19,2.858,-1.990,-5.689,3.083,2.949,3.218
17.586,0.000,cdu/csu,WP19,3.030,-1.990,-6.031,3.083,2.946,3.220
17.758,0.000,cdu/csu,WP19,3.202,-1.990,-6.373,3.083,2.944,3.223
17.929,0.000,cdu/csu,WP19,3.373,-1.990,-6.714,3.084,2.942,3.225
18.101,0.000,cdu/csu,WP19,3.545,-1.990,-7.056,3.084,2.939,3.228
18.273,0.000,cdu/csu,WP19,3.717,-1.990,-7.398,3.084,2.937,3.231
18.444,0.000,cdu/csu,WP19,3.888,-1.990,-7.740,3.084,2.935,3.233
18.616,0.000,cdu/csu,WP19,4.060,-1.990,-8.081,3.084,2.932,3.236
18.788,0.000,cdu/csu,WP19,4.232,-1.990,-8.423,3.084,2.930,3.239
18.960,0.000,cdu/csu,WP19,4.404,-1.990,-8.765,3.084,2.927,3.242
19.131,0.000,cdu/csu,WP19,4.575,-1.990,-9.107,3.085,2.924,3.245
19.303,0.000,cdu/csu,WP19,4.747,-1.990,-9.449,3.085,2.922,3.248
19.475,0.000,cdu/csu,WP19,4.919,-1.990,-9.790,3.085,2.919,3.251
19.646,0.000,cdu/csu,WP19,5.090,-1.990,-10.132,3.085,2.916,3.254
19.818,0.000,cdu/csu,WP19,5.262,-1.990,-10.474,3.085,2.914,3.257
19.990,0.000,cdu/csu,WP19,5.434,-1.990,-10.816,3.085,2.911,3.260
20.162,0.000,cdu/csu,WP19,5.606,-1.990,-11.158,3.086,2.908,3.263
20.333,0.000,cdu/csu,WP19,5.777,-1.990,-11.499,3.086,2.905,3.266
20.505,0.000,cdu/csu,WP19,5.949,-1.990,-11.841,3.086,2.902,3.269
20.677,0.000,cdu/csu,WP19,6.121,-1.990,-12.183,3.086,2.899,3.273
20.848,0.000,cdu/csu,WP19,6.292,-1.990,-12.525,3.086,2.897,3.276
21.020,0.000,cdu/csu,WP19,6.464,-1.990,-12.867,3.086,2.894,3.279
21.192,0.000,cdu/csu,WP19,6.636,-1.990,-13.208,3.086,2.891,3.282
21.364,0.000,cdu/csu,WP19,6.808,-1.990,-13.550,3.087,2.888,3.285
21.535,0.000,cdu/csu,WP19,6.979,-1.990,-13.892,3.087,2.885,3.289
21.707,0.000,cdu/csu,WP19,7.151,-1.990,-14.234,3.087,2.882,3.292
21.879,0.000,cdu/csu,WP19,7.323,-1.990,-14.576,3.087,2.879,3.295
22.051,0.000,cdu/csu,WP19,7.494,-1.990,-14.917,3.087,2.876,3.299
22.222,0.000,cdu/csu,WP19,7.666,-1.990,-15.259,3.087,2.873,3.302
22.394,0.000,cdu/csu,WP19,7.838,-1.990,-15.601,3.087,2.869,3.306
22.566,0.000,cdu/csu,WP19,8.010,-1.990,-15.943,3.088,2.866,3.309
22.737,0.000,cdu/csu,WP19,8.181,-1.990,-16.284,3.088,2.863,3.312
22.909,0.000,cdu/csu,WP19,8.353,-1.990,-16.626,3.088,2.860,3.316
23.081,0.000,cdu/csu,WP19,8.525,-1.990,-16.968,3.088,2.857,3.319
23.253,0.000,cdu/csu,WP19,8.697,-1.990,-17.310,3.088,2.854,3.323
23.424,0.000,cdu/csu,WP19,8.868,-1.990,-17.652,3.088,2.851,3.326
23.596,0.000,cdu/csu,WP19,9.040,-1.990,-17.993,3.089,2.847,3.330
23.768,0.000,cdu/csu,WP19,9.212,-1.990,-18.335,3.089,2.844,3.333
23.939,0.000,cdu/csu,WP19,9.383,-1.990,-18.677,3.089,2.841,3.337
24.111,0.000,cdu/csu,WP19,9.555,-1.990,-19.019,3.089,2.838,3.340
24.283,0.000,cdu/csu,WP19,9.727,-1.990,-19.361,3.089,2.835,3.344
24.455,0.000,cdu/csu,WP19,9.899,-1.990,-19.702,3.089,2.831,3.347
24.626,0.000,cdu/csu,WP19,10.070,-1.990,-20.044,3.089,2.828,3.351
24.798,0.000,cdu/csu,WP19,10.242,-1.990,-20.386,3.090,2.825,3.354
24.970,0.000,cdu/csu,WP19,10.414,-1.990,-20.728,3.090,2.822,3.358
25.141,0.000,cdu/csu,WP19,10.585,-1.990,-21.070,3.090,2.819,3.361
25.313,0.000,cdu/csu,WP19,10.757,-1.990,-21.411,3.090,2.815,3.365
25.485,0.000,cdu/csu,WP19,10.929,-1.990,-21.753,3.090,2.812,3.368
25.657,0.000,cdu/csu,WP19,11.101,-1.990,-22.095,3.090,2.809,3.372
25.828,0.000,cdu/csu,WP19,11.272,-1.990,-22.437,3.091,2.805,3.376
26.000,0.000,cdu/csu,WP19,11.444,-1.990,-22.779,3.091,2.802,3.379
9.000,1.000,cdu/csu,WP19,-5.556,-0.990,5.503,2.900,2.776,3.024
9.172,1.000,cdu/csu,WP19,-5.384,-0.990,5.333,2.905,2.783,3.028
9.343,1.000,cdu/csu,WP19,-5.213,-0.990,5.163,2.911,2.790,3.032
9.515,1.000,cdu/csu,WP19,-5.041,-0.990,4.993,2.917,2.797,3.036
9.687,1.000,cdu/csu,WP19,-4.869,-0.990,4.823,2.922,2.804,3.040
9.859,1.000,cdu/csu,WP19,-4.697,-0.990,4.653,2.928,2.811,3.045
10.030,1.000,cdu/csu,WP19,-4.526,-0.990,4.482,2.933,2.818,3.049
10.202,1.000,cdu/csu,WP19,-4.354,-0.990,4.312,2.939,2.824,3.053
10.374,1.000,cdu/csu,WP19,-4.182,-0.990,4.142,2.944,2.831,3.058
10.545,1.000,cdu/csu,WP19,-4.011,-0.990,3.972,2.950,2.838,3.062
10.717,1.000,cdu/csu,WP19,-3.839,-0.990,3.802,2.956,2.844,3.067
10.889,1.000,cdu/csu,WP19,-3.667,-0.990,3.632,2.961,2.851,3.071
11.061,1.000,cdu/csu,WP19,-3.495,-0.990,3.462,2.967,2.858,3.076
11.232,1.000,cdu/csu,WP19,-3.324,-0.990,3.292,2.972,2.864,3.081
11.404,1.000,cdu/csu,WP19,-3.152,-0.990,3.122,2.978,2.870,3.086
11.576,1.000,cdu/csu,WP19,-2.980,-0.990,2.952,2.984,2.877,3.091
11.747,1.000,cdu/csu,WP19,-2.809,-0.990,2.782,2.989,2.883,3.096
11.919,1.000,cdu/csu,WP19,-2.637,-0.990,2.612,2.995,2.889,3.101
12.091,1.000,cdu/csu,WP19,-2.465,-0.990,2.442,3.000,2.895,3.106
12.263,1.000,cdu/csu,WP19,-2.293,-0.990,2.271,3.006,2.901,3.111
12.434,1.000,cdu/csu,WP19,-2.122,-0.990,2.101,3.012,2.907,3.116
12.606,1.000,cdu/csu,WP19,-1.950,-0.990,1.931,3.017,2.912,3.122
12.778,1.000,cdu/csu,WP19,-1.778,-0.990,1.761,3.023,2.918,3.127
12.949,1.000,cdu/csu,WP19,-1.607,-0.990,1.591,3.028,2.924,3.133
13.121,1.000,cdu/csu,WP19,-1.435,-0.990,1.421,3.034,2.929,3.138
13.293,1.000,cdu/csu,WP19,-1.263,-0.990,1.251,3.039,2.935,3.144
13.465,1.000,cdu/csu,WP19,-1.091,-0.990,1.081,3.045,2.940,3.150
13.636,1.000,cdu/csu,WP19,-0.920,-0.990,0.911,3.051,2.946,3.156
13.808,1.000,cdu/csu,WP19,-0.748,-0.990,0.741,3.056,2.951,3.162
13.980,1.000,cdu/csu,WP19,-0.576,-0.990,0.571,3.062,2.956,3.168
14.152,1.000,cdu/csu,WP19,-0.404,-0.990,0.401,3.067,2.961,3.174
14.323,1.000,cdu/csu,WP19,-0.233,-0.990,0.231,3.073,2.966,3.180
14.495,1.000,cdu/csu,WP19,-0.061,-0.990,0.060,3.079,2.971,3.186
14.667,1.000,cdu/csu,WP19,0.111,-0.990,-0.110,3.084,2.976,3.192
14.838,1.000,cdu/csu,WP19,0.282,-0.990,-0.280,3.090,2.981,3.199
15.010,1.000,cdu/csu,WP19,0.454,-0.990,-0.450,3.095,2.985,3.205
15.182,1.000,cdu/csu,WP19,0.626,-0.990,-0.620,3.101,2.990,3.212
15.354,1.000,cdu/csu,WP19,0.798,-0.990,-0.790,3.107,2.995,3.218
15.525,1.000,cdu/csu,WP19,0.969,-0.990,-0.960,3.112,2.999,3.225
15.697,1.000,cdu/csu,WP19,1.141,-0.990,-1.130,3.118,3.004,3.232
15.869,1.000,cdu/csu,WP19,1.313,-0.990,-1.300,3.123,3.008,3.239
16.040,1.000,cdu/csu,WP19,1.484,-0.990,-1.470,3.129,3.012,3.245
16.212,1.000,cdu/csu,WP19,1.656,-0.990,-1.640,3.134,3.017,3.252
16.384,1.000,cdu/csu,WP19,1.828,-0.990,-1.810,3.140,3.021,3.259
16.556,1.000,cdu/csu,WP19,2.000,-0.990,-1.980,3.146,3.025,3.266
16.727,1.000,cdu/csu,WP19,2.171,-0.990,-2.150,3.151,3.029,3.273
16.899,1.000,cdu/csu,WP19,2.343,-0.990,-2.321,3.157,3.033,3.280
17.071,1.000,cdu/csu,WP19,2.515,-0.990,-2.491,3.162,3.037,3.288
17.242,1.000,cdu/csu,WP19,2.686,-0.990,-2.661,3.168,3.041,3.295
17.414,1.000,cdu/csu,WP19,2.858,-0.990,-2.831,3.174,3.045,3.302
17.586,1.000,cdu/csu,WP19,3.030,-0.990,-3.001,3.179,3.049,3.309
17.758,1.000,cdu/csu,WP19,3.202,-0.990,-3.171,3.185,3.053,3.317
17.929,1.000,cdu/csu,WP19,3.373,-0.990,-3.341,3.190,3.057,3.324
18.101,1.000,cdu/csu,WP19,3.545,-0.990,-3.511,3.196,3.060,3.332
18.273,1.000,cdu/csu,WP19,3.717,-0.990,-3.681,3.202,3.064,3.339
18.444,1.000,cdu/csu,WP19,3.888,-0.990,-3.851,3.207,3.068,3.346
18.616,1.000,cdu/csu,WP19,4.060,-0.990,-4.021,3.213,3.071,3.354
18.788,1.000,cdu/csu,WP19,4.232,-0.990,-4.191,3.218,3.075,3.362
18.960,1.000,cdu/csu,WP19,4.404,-0.990,-4.361,3.224,3.079,3.369
19.131,1.000,cdu/csu,WP19,4.575,-0.990,-4.532,3.229,3.082,3.377
19.303,1.000,cdu/csu,WP19,4.747,-0.990,-4.702,3.235,3.086,3.384
19.475,1.000,cdu/csu,WP19,4.919,-0.990,-4.872,3.241,3.089,3.392
19.646,1.000,cdu/csu,WP19,5.090,-0.990,-5.042,3.246,3.093,3.400
19.818,1.000,cdu/csu,WP19,5.262,-0.990,-5.212,3.252,3.096,3.408
19.990,1.000,cdu/csu,WP19,5.434,-0.990,-5.382,3.257,3.100,3.415
20.162,1.000,cdu/csu,WP19,5.606,-0.990,-5.552,3.263,3.103,3.423
20.333,1.000,cdu/csu,WP19,5.777,-0.990,-5.722,3.269,3.106,3.431
20.505,1.000,cdu/csu,WP19,5.949,-0.990,-5.892,3.274,3.110,3.439
20.677,1.000,cdu/csu,WP19,6.121,-0.990,-6.062,3.280,3.113,3.446
20.848,1.000,cdu/csu,WP19,6.292,-0.990,-6.232,3.285,3.116,3.454
21.020,1.000,cdu/csu,WP19,6.464,-0.990,-6.402,3.291,3.120,3.462
21.192,1.000,cdu/csu,WP19,6.636,-0.990,-6.572,3.296,3.123,3.470
21.364,1.000,cdu/csu,WP19,6.808,-0.990,-6.743,3.302,3.126,3.478
21.535,1.000,cdu/csu,WP19,6.979,-0.990,-6.913,3.308,3.129,3.486
21.707,1.000,cdu/csu,WP19,7.151,-0.990,-7.083,3.313,3.133,3.494
21.879,1.000,cdu/csu,WP19,7.323,-0.990,-7.253,3.319,3.136,3.502
22.051,1.000,cdu/csu,WP19,7.494,-0.990,-7.423,3.324,3.139,3.510
22.222,1.000,cdu/csu,WP19,7.666,-0.990,-7.593,3.330,3.142,3.518
22.394,1.000,cdu/csu,WP19,7.838,-0.990,-7.763,3.336,3.145,3.526
22.566,1.000,cdu/csu,WP19,8.010,-0.990,-7.933,3.341,3.149,3.534
22.737,1.000,cdu/csu,WP19,8.181,-0.990,-8.103,3.347,3.152,3.542
22.909,1.000,cdu/csu,WP19,8.353,-0.990,-8.273,3.352,3.155,3.550
23.081,1.000,cdu/csu,WP19,8.525,-0.990,-8.443,3.358,3.158,3.558
23.253,1.000,cdu/csu,WP19,8.697,-0.990,-8.613,3.364,3.161,3.566
23.424,1.000,cdu/csu,WP19,8.868,-0.990,-8.783,3.369,3.164,3.574
23.596,1.000,cdu/csu,WP19,9.040,-0.990,-8.954,3.375,3.167,3.582
23.768,1.000,cdu/csu,WP19,9.212,-0.990,-9.124,3.380,3.170,3.590
23.939,1.000,cdu/csu,WP19,9.383,-0.990,-9.294,3.386,3.173,3.598
24.111,1.000,cdu/csu,WP19,9.555,-0.990,-9.464,3.391,3.176,3.607
24.283,1.000,cdu/csu,WP19,9.727,-0.990,-9.634,3.397,3.179,3.615
24.455,1.000,cdu/csu,WP19,9.899,-0.990,-9.804,3.403,3.183,3.623
24.626,1.000,cdu/csu,WP19,10.070,-0.990,-9.974,3.408,3.186,3.631
24.798,1.000,cdu/csu,WP19,10.242,-0.990,-10.144,3.414,3.189,3.639
24.970,1.000,cdu/csu,WP19,10.414,-0.990,-10.314,3.419,3.192,3.647
25.141,1.000,cdu/csu,WP19,10.585,-0.990,-10.484,3.425,3.195,3.655
25.313,1.000,cdu/csu,WP19,10.757,-0.990,-10.654,3.431,3.198,3.664
25.485,1.000,cdu/csu,WP19,10.929,-0.990,-10.824,3.436,3.201,3.672
25.657,1.000,cdu/csu,WP19,11.101,-0.990,-10.994,3.442,3.204,3.680
25.828,1.000,cdu/csu,WP19,11.272,-0.990,-11.164,3.447,3.207,3.688
26.000,1.000,cdu/csu,WP19,11.444,-0.990,-11.335,3.453,3.210,3.696
9.000,2.000,cdu/csu,WP19,-5.556,0.010,-0.053,2.724,2.607,2.841
9.172,2.000,cdu/csu,WP19,-5.384,0.010,-0.051,2.735,2.619,2.851
9.343,2.000,cdu/csu,WP19,-5.213,0.010,-0.050,2.746,2.631,2.861
9.515,2.000,cdu/csu,WP19,-5.041,0.010,-0.048,2.757,2.643,2.871
9.687,2.000,cdu/csu,WP19,-4.869,0.010,-0.047,2.768,2.655,2.881
9.859,2.000,cdu/csu,WP19,-4.697,0.010,-0.045,2.779,2.667,2.891
10.030,2.000,cdu/csu,WP19,-4.526,0.010,-0.043,2.790,2.679,2.901
10.202,2.000,cdu/csu,WP19,-4.354,0.010,-0.042,2.801,2.691,2.911
10.374,2.000,cdu/csu,WP19,-4.182,0.010,-0.040,2.812,2.703,2.921
10.545,2.000,cdu/csu,WP19,-4.011,0.010,-0.038,2.823,2.715,2.932
10.717,2.000,cdu/csu,WP19,-3.839,0.010,-0.037,2.834,2.726,2.942
10.889,2.000,cdu/csu,WP19,-3.667,0.010,-0.035,2.845,2.738,2.952
11.061,2.000,cdu/csu,WP19,-3.495,0.010,-0.033,2.856,2.750,2.963
11.232,2.000,cdu/csu,WP19,-3.324,0.010,-0.032,2.867,2.761,2.973
11.404,2.000,cdu/csu,WP19,-3.152,0.010,-0.030,2.878,2.773,2.984
11.576,2.000,cdu/csu,WP19,-2.980,0.010,-0.028,2.889,2.784,2.994
11.747,2.000,cdu/csu,WP19,-2.809,0.010,-0.027,2.900,2.796,3.005
11.919,2.000,cdu/csu,WP19,-2.637,0.010,-0.025,2.911,2.807,3.016
12.091,2.000,cdu/csu,WP19,-2.465,0.010,-0.024,2.922,2.818,3.027
12.263,2.000,cdu/csu,WP19,-2.293,0.010,-0.022,2.933,2.829,3.037
12.434,2.000,cdu/csu,WP19,-2.122,0.010,-0.020,2.944,2.840,3.048
12.606,2.000,cdu/csu,WP19,-1.950,0.010,-0.019,2.955,2.852,3.059
12.778,2.000,cdu/csu,WP19,-1.778,0.010,-0.017,2.966,2.863,3.070
12.949,2.000,cdu/csu,WP19,-1.607,0.010,-0.015,2.977,2.873,3.081
13.121,2.000,cdu/csu,WP19,-1.435,0.010,-0.014,2.988,2.884,3.093
13.293,2.000,cdu/csu,WP19,-1.263,0.010,-0.012,2.999,2.895,3.104
13.465,2.000,cdu/csu,WP19,-1.091,0.010,-0.010,3.011,2.906,3.115
13.636,2.000,cdu/csu,WP19,-0.920,0.010,-0.009,3.022,2.917,3.127
13.808,2.000,cdu/csu,WP19,-0.748,0.010,-0.007,3.033,2.927,3.138
13.980,2.000,cdu/csu,WP19,-0.576,0.010,-0.006,3.044,2.938,3.149
14.152,2.000,cdu/csu,WP19,-0.404,0.010,-0.004,3.055,2.948,3.161
14.323,2.000,cdu/csu,WP19,-0.233,0.010,-0.002,3.066,2.959,3.173
14.495,2.000,cdu/csu,WP19,-0.061,0.010,-0.001,3.077,2.969,3.184
14.667,2.000,cdu/csu,WP19,0.111,0.010,0.001,3.088,2.979,3.196
14.838,2.000,cdu/csu,WP19,0.282,0.010,0.003,3.099,2.990,3.208
15.010,2.000,cdu/csu,WP19,0.454,0.010,0.004,3.110,3.000,3.220
15.182,2.000,cdu/csu,WP19,0.626,0.010,0.006,3.121,3.010,3.231
15.354,2.000,cdu/csu,WP19,0.798,0.010,0.008,3.132,3.020,3.243
15.525,2.000,cdu/csu,WP19,0.969,0.010,0.009,3.143,3.030,3.255
15.697,2.000,cdu/csu,WP19,1.141,0.010,0.011,3.154,3.040,3.267
15.869,2.000,cdu/csu,WP19,1.313,0.010,0.013,3.165,3.050,3.279
16.040,2.000,cdu/csu,WP19,1.484,0.010,0.014,3.176,3.060,3.292
16.212,2.000,cdu/csu,WP19,1.656,0.010,0.016,3.187,3.070,3.304
16.384,2.000,cdu/csu,WP19,1.828,0.010,0.017,3.198,3.080,3.316
16.556,2.000,cdu/csu,WP19,2.000,0.010,0.019,3.209,3.090,3.328
16.727,2.000,cdu/csu,WP19,2.171,0.010,0.021,3.220,3.099,3.341
16.899,2.000,cdu/csu,WP19,2.343,0.010,0.022,3.231,3.109,3.353
17.071,2.000,cdu/csu,WP19,2.515,0.010,0.024,3.242,3.119,3.365
17.242,2.000,cdu/csu,WP19,2.686,0.010,0.026,3.253,3.128,3.378
17.414,2.000,cdu/csu,WP19,2.858,0.010,0.027,3.264,3.138,3.390
17.586,2.000,cdu/csu,WP19,3.030,0.010,0.029,3.275,3.148,3.403
17.758,2.000,cdu/csu,WP19,3.202,0.010,0.031,3.286,3.157,3.415
17.929,2.000,cdu/csu,WP19,3.373,0.010,0.032,3.297,3.167,3.428
18.101,2.000,cdu/csu,WP19,3.545,0.010,0.034,3.308,3.176,3.440
18.273,2.000,cdu/csu,WP19,3.717,0.010,0.036,3.319,3.185,3.453
18.444,2.000,cdu/csu,WP19,3.888,0.010,0.037,3.330,3.195,3.466
18.616,2.000,cdu/csu,WP19,4.060,0.010,0.039,3.341,3.204,3.478
18.788,2.000,cdu/csu,WP19,4.232,0.010,0.040,3.352,3.213,3.491
18.960,2.000,cdu/csu,WP19,4.404,0.010,0.042,3.363,3.223,3.504
19.131,2.000,cdu/csu,WP19,4.575,0.010,0.044,3.374,3.232,3.516
19.303,2.000,cdu/csu,WP19,4.747,0.010,0.045,3.385,3.241,3.529
19.475,2.000,cdu/csu,WP19,4.919,0.010,0.047,3.396,3.251,3.542
19.646,2.000,cdu/csu,WP19,5.090,0.010,0.049,3.407,3.260,3.555
19.818,2.000,cdu/csu,WP19,5.262,0.010,0.050,3.418,3.269,3.568
19.990,2.000,cdu/csu,WP19,5.434,0.010,0.052,3.429,3.278,3.581
20.162,2.000,cdu/csu,WP19,5.606,0.010,0.054,3.440,3.287,3.594
20.333,2.000,cdu/csu,WP19,5.777,0.010,0.055,3.451,3.296,3.606
20.505,2.000,cdu/csu,WP19,5.949,0.010,0.057,3.462,3.306,3.619
20.677,2.000,cdu/csu,WP19,6.121,0.010,0.059,3.473,3.315,3.632
20.848,2.000,cdu/csu,WP19,6.292,0.010,0.060,3.485,3.324,3.645
21.020,2.000,cdu/csu,WP19,6.464,0.010,0.062,3.496,3.333,3.658
21.192,2.000,cdu/csu,WP19,6.636,0.010,0.063,3.507,3.342,3.671
21.364,2.000,cdu/csu,WP19,6.808,0.010,0.065,3.518,3.351,3.684
21.535,2.000,cdu/csu,WP19,6.979,0.010,0.067,3.529,3.360,3.697
21.707,2.000,cdu/csu,WP19,7.151,0.010,0.068,3.540,3.369,3.710
21.879,2.000,cdu/csu,WP19,7.323,0.010,0.070,3.551,3.378,3.723
22.051,2.000,cdu/csu,WP19,7.494,0.010,0.072,3.562,3.387,3.737
22.222,2.000,cdu/csu,WP19,7.666,0.010,0.073,3.573,3.396,3.750
22.394,2.000,cdu/csu,WP19,7.838,0.010,0.075,3.584,3.405,3.763
22.566,2.000,cdu/csu,WP19,8.010,0.010,0.077,3.595,3.414,3.776
22.737,2.000,cdu/csu,WP19,8.181,0.010,0.078,3.606,3.423,3.789
22.909,2.000,cdu/csu,WP19,8.353,0.010,0.080,3.617,3.431,3.802
23.081,2.000,cdu/csu,WP19,8.525,0.010,0.082,3.628,3.440,3.815
23.253,2.000,cdu/csu,WP19,8.697,0.010,0.083,3.639,3.449,3.828
23.424,2.000,cdu/csu,WP19,8.868,0.010,0.085,3.650,3.458,3.842
23.596,2.000,cdu/csu,WP19,9.040,0.010,0.086,3.661,3.467,3.855
23.768,2.000,cdu/csu,WP19,9.212,0.010,0.088,3.672,3.476,3.868
23.939,2.000,cdu/csu,WP19,9.383,0.010,0.090,3.683,3.485,3.881
24.111,2.000,cdu/csu,WP19,9.555,0.010,0.091,3.694,3.493,3.894
24.283,2.000,cdu/csu,WP19,9.727,0.010,0.093,3.705,3.502,3.908
24.455,2.000,cdu/csu,WP19,9.899,0.010,0.095,3.716,3.511,3.921
24.626,2.000,cdu/csu,WP19,10.070,0.010,0.096,3.727,3.520,3.934
24.798,2.000,cdu/csu,WP19,10.242,0.010,0.098,3.738,3.529,3.947
24.970,2.000,cdu/csu,WP19,10.414,0.010,0.100,3.749,3.537,3.961
25.141,2.000,cdu/csu,WP19,10.585,0.010,0.101,3.760,3.546,3.974
25.313,2.000,cdu/csu,WP19,10.757,0.010,0.103,3.771,3.555,3.987
25.485,2.000,cdu/csu,WP19,10.929,0.010,0.105,3.782,3.564,4.000
25.657,2.000,cdu/csu,WP19,11.101,0.010,0.106,3.793,3.573,4.014
25.828,2.000,cdu/csu,WP19,11.272,0.010,0.108,3.804,3.581,4.027
26.000,2.000,cdu/csu,WP19,11.444,0.010,0.109,3.815,3.590,4.040
9.000,3.000,cdu/csu,WP19,-5.556,1.010,-5.609,2.548,2.423,2.673
9.172,3.000,cdu/csu,WP19,-5.384,1.010,-5.436,2.565,2.441,2.688
9.343,3.000,cdu/csu,WP19,-5.213,1.010,-5.262,2.581,2.459,2.703
9.515,3.000,cdu/csu,WP19,-5.041,1.010,-5.089,2.597,2.477,2.718
9.687,3.000,cdu/csu,WP19,-4.869,1.010,-4.916,2.614,2.494,2.733
9.859,3.000,cdu/csu,WP19,-4.697,1.010,-4.742,2.630,2.512,2.748
10.030,3.000,cdu/csu,WP19,-4.526,1.010,-4.569,2.647,2.530,2.764
10.202,3.000,cdu/csu,WP19,-4.354,1.010,-4.396,2.663,2.548,2.779
10.374,3.000,cdu/csu,WP19,-4.182,1.010,-4.222,2.680,2.565,2.794
10.545,3.000,cdu/csu,WP19,-4.011,1.010,-4.049,2.696,2.583,2.810
10.717,3.000,cdu/csu,WP19,-3.839,1.010,-3.876,2.713,2.600,2.825
10.889,3.000,cdu/csu,WP19,-3.667,1.010,-3.702,2.729,2.618,2.840
11.061,3.000,cdu/csu,WP19,-3.495,1.010,-3.529,2.746,2.635,2.856
11.232,3.000,cdu/csu,WP19,-3.324,1.010,-3.355,2.762,2.652,2.872
11.404,3.000,cdu/csu,WP19,-3.152,1.010,-3.182,2.778,2.670,2.887
11.576,3.000,cdu/csu,WP19,-2.980,1.010,-3.009,2.795,2.687,2.903
11.747,3.000,cdu/csu,WP19,-2.809,1.010,-2.835,2.811,2.704,2.919
11.919,3.000,cdu/csu,WP19,-2.637,1.010,-2.662,2.828,2.721,2.935
12.091,3.000,cdu/csu,WP19,-2.465,1.010,-2.489,2.844,2.738,2.951
12.263,3.000,cdu/csu,WP19,-2.293,1.010,-2.315,2.861,2.755,2.967
12.434,3.000,cdu/csu,WP19,-2.122,1.010,-2.142,2.877,2.772,2.983
12.606,3.000,cdu/csu,WP19,-1.950,1.010,-1.969,2.894,2.788,2.999
12.778,3.000,cdu/csu,WP19,-1.778,1.010,-1.795,2.910,2.805,3.015
12.949,3.000,cdu/csu,WP19,-1.607,1.010,-1.622,2.927,2.822,3.032
13.121,3.000,cdu/csu,WP19,-1.435,1.010,-1.449,2.943,2.838,3.048
13.293,3.000,cdu/csu,WP19,-1.263,1.010,-1.275,2.960,2.854,3.065
13.465,3.000,cdu/csu,WP19,-1.091,1.010,-1.102,2.976,2.871,3.081
13.636,3.000,cdu/csu,WP19,-0.920,1.010,-0.928,2.992,2.887,3.098
13.808,3.000,cdu/csu,WP19,-0.748,1.010,-0.755,3.009,2.903,3.115
13.980,3.000,cdu/csu,WP19,-0.576,1.010,-0.582,3.025,2.919,3.131
14.152,3.000,cdu/csu,WP19,-0.404,1.010,-0.408,3.042,2.935,3.148
14.323,3.000,cdu/csu,WP19,-0.233,1.010,-0.235,3.058,2.951,3.165
14.495,3.000,cdu/csu,WP19,-0.061,1.010,-0.062,3.075,2.967,3.182
14.667,3.000,cdu/csu,WP19,0.111,1.010,0.112,3.091,2.983,3.199
14.838,3.000,cdu/csu,WP19,0.282,1.010,0.285,3.108,2.999,3.217
15.010,3.000,cdu/csu,WP19,0.454,1.010,0.458,3.124,3.014,3.234
15.182,3.000,cdu/csu,WP19,0.626,1.010,0.632,3.141,3.030,3.251
15.354,3.000,cdu/csu,WP19,0.798,1.010,0.805,3.157,3.045,3.269
15.525,3.000,cdu/csu,WP19,0.969,1.010,0.979,3.173,3.061,3.286
15.697,3.000,cdu/csu,WP19,1.141,1.010,1.152,3.190,3.076,3.304
15.869,3.000,cdu/csu,WP19,1.313,1.010,1.325,3.206,3.092,3.321
16.040,3.000,cdu/csu,WP19,1.484,1.010,1.499,3.223,3.107,3.339
16.212,3.000,cdu/csu,WP19,1.656,1.010,1.672,3.239,3.122,3.357
16.384,3.000,cdu/csu,WP19,1.828,1.010,1.845,3.256,3.137,3.374
16.556,3.000,cdu/csu,WP19,2.000,1.010,2.019,3.272,3.152,3.392
16.727,3.000,cdu/csu,WP19,2.171,1.010,2.192,3.289,3.167,3.410
16.899,3.000,cdu/csu,WP19,2.343,1.010,2.365,3.305,3.182,3.428
17.071,3.000,cdu/csu,WP19,2.515,1.010,2.539,3.322,3.197,3.446
17.242,3.000,cdu/csu,WP19,2.686,1.010,2.712,3.338,3.212,3.464
17.414,3.000,cdu/csu,WP19,2.858,1.010,2.885,3.355,3.227,3.482
17.586,3.000,cdu/csu,WP19,3.030,1.010,3.059,3.371,3.242,3.500
17.758,3.000,cdu/csu,WP19,3.202,1.010,3.232,3.387,3.257,3.518
17.929,3.000,cdu/csu,WP19,3.373,1.010,3.406,3.404,3.271,3.536
18.101,3.000,cdu/csu,WP19,3.545,1.010,3.579,3.420,3.286,3.555
18.273,3.000,cdu/csu,WP19,3.717,1.010,3.752,3.437,3.301,3.573
18.444,3.000,cdu/csu,WP19,3.888,1.010,3.926,3.453,3.315,3.591
18.616,3.000,cdu/csu,WP19,4.060,1.010,4.099,3.470,3.330,3.610
18.788,3.000,cdu/csu,WP19,4.232,1.010,4.272,3.486,3.345,3.628
18.960,3.000,cdu/csu,WP19,4.404,1.010,4.446,3.503,3.359,3.646
19.131,3.000,cdu/csu,WP19,4.575,1.010,4.619,3.519,3.374,3.665
19.303,3.000,cdu/csu,WP19,4.747,1.010,4.792,3.536,3.388,3.683
19.475,3.000,cdu/csu,WP19,4.919,1.010,4.966,3.552,3.402,3.702
19.646,3.000,cdu/csu,WP19,5.090,1.010,5.139,3.568,3.417,3.720
19.818,3.000,cdu/csu,WP19,5.262,1.010,5.312,3.585,3.431,3.739
19.990,3.000,cdu/csu,WP19,5.434,1.010,5.486,3.601,3.446,3.757
20.162,3.000,cdu/csu,WP19,5.606,1.010,5.659,3.618,3.460,3.776
20.333,3.000,cdu/csu,WP19,5.777,1.010,5.833,3.634,3.474,3.794
20.505,3.000,cdu/csu,WP19,5.949,1.010,6.006,3.651,3.488,3.813
20.677,3.000,cdu/csu,WP19,6.121,1.010,6.179,3.667,3.503,3.832
20.848,3.000,cdu/csu,WP19,6.292,1.010,6.353,3.684,3.517,3.850
21.020,3.000,cdu/csu,WP19,6.464,1.010,6.526,3.700,3.531,3.869
21.192,3.000,cdu/csu,WP19,6.636,1.010,6.699,3.717,3.545,3.888
21.364,3.000,cdu/csu,WP19,6.808,1.010,6.873,3.733,3.560,3.907
21.535,3.000,cdu/csu,WP19,6.979,1.010,7.046,3.750,3.574,3.925
21.707,3.000,cdu/csu,WP19,7.151,1.010,7.219,3.766,3.588,3.944
21.879,3.000,cdu/csu,WP19,7.323,1.010,7.393,3.782,3.602,3.963
22.051,3.000,cdu/csu,WP19,7.494,1.010,7.566,3.799,3.616,3.982
22.222,3.000,cdu/csu,WP19,7.666,1.010,7.740,3.815,3.630,4.001
22.394,3.000,cdu/csu,WP19,7.838,1.010,7.913,3.832,3.644,4.019
22.566,3.000,cdu/csu,WP19,8.010,1.010,8.086,3.848,3.658,4.038
22.737,3.000,cdu/csu,WP19,8.181,1.010,8.260,3.865,3.672,4.057
22.909,3.000,cdu/csu,WP19,8.353,1.010,8.433,3.881,3.686,4.076
23.081,3.000,cdu/csu,WP19,8.525,1.010,8.606,3.898,3.700,4.095
23.253,3.000,cdu/csu,WP19,8.697,1.010,8.780,3.914,3.715,4.114
23.424,3.000,cdu/csu,WP19,8.868,1.010,8.953,3.931,3.729,4.133
23.596,3.000,cdu/csu,WP19,9.040,1.010,9.126,3.947,3.743,4.152
23.768,3.000,cdu/csu,WP19,9.212,1.010,9.300,3.963,3.757,4.170
23.939,3.000,cdu/csu,WP19,9.383,1.010,9.473,3.980,3.771,4.189
24.111,3.000,cdu/csu,WP19,9.555,1.010,9.646,3.996,3.784,4.208
24.283,3.000,cdu/csu,WP19,9.727,1.010,9.820,4.013,3.798,4.227
24.455,3.000,cdu/csu,WP19,9.899,1.010,9.993,4.029,3.812,4.246
24.626,3.000,cdu/csu,WP19,10.070,1.010,10.167,4.046,3.826,4.265
24.798,3.000,cdu/csu,WP19,10.242,1.010,10.340,4.062,3.840,4.284
24.970,3.000,cdu/csu,WP19,10.414,1.010,10.513,4.079,3.854,4.303
25.141,3.000,cdu/csu,WP19,10.585,1.010,10.687,4.095,3.868,4.322
25.313,3.000,cdu/csu,WP19,10.757,1.010,10.860,4.112,3.882,4.341
25.485,3.000,cdu/csu,WP19,10.929,1.010,11.033,4.128,3.896,4.360
25.657,3.000,cdu/csu,WP19,11.101,1.010,11.207,4.145,3.910,4.379
25.828,3.000,cdu/csu,WP19,11.272,1.010,11.380,4.161,3.924,4.398
26.000,3.000,cdu/csu,WP19,11.444,1.010,11.553,4.177,3.938,4.417
9.000,4.000,cdu/csu,WP19,-5.556,2.010,-11.165,2.372,2.226,2.518
9.172,4.000,cdu/csu,WP19,-5.384,2.010,-10.820,2.394,2.251,2.538
9.343,4.000,cdu/csu,WP19,-5.213,2.010,-10.475,2.416,2.275,2.557
9.515,4.000,cdu/csu,WP19,-5.041,2.010,-10.130,2.438,2.299,2.577
9.687,4.000,cdu/csu,WP19,-4.869,2.010,-9.785,2.460,2.323,2.596
9.859,4.000,cdu/csu,WP19,-4.697,2.010,-9.440,2.482,2.347,2.616
10.030,4.000,cdu/csu,WP19,-4.526,2.010,-9.095,2.504,2.372,2.635
10.202,4.000,cdu/csu,WP19,-4.354,2.010,-8.750,2.525,2.396,2.655
10.374,4.000,cdu/csu,WP19,-4.182,2.010,-8.405,2.547,2.420,2.675
10.545,4.000,cdu/csu,WP19,-4.011,2.010,-8.059,2.569,2.443,2.695
10.717,4.000,cdu/csu,WP19,-3.839,2.010,-7.714,2.591,2.467,2.715
10.889,4.000,cdu/csu,WP19,-3.667,2.010,-7.369,2.613,2.491,2.735
11.061,4.000,cdu/csu,WP19,-3.495,2.010,-7.024,2.635,2.515,2.755
11.232,4.000,cdu/csu,WP19,-3.324,2.010,-6.679,2.657,2.538,2.775
11.404,4.000,cdu/csu,WP19,-3.152,2.010,-6.334,2.679,2.562,2.796
11.576,4.000,cdu/csu,WP19,-2.980,2.010,-5.989,2.701,2.585,2.816
11.747,4.000,cdu/csu,WP19,-2.809,2.010,-5.644,2.722,2.608,2.837
11.919,4.000,cdu/csu,WP19,-2.637,2.010,-5.299,2.744,2.632,2.857
12.091,4.000,cdu/csu,WP19,-2.465,2.010,-4.954,2.766,2.655,2.878
12.263,4.000,cdu/csu,WP19,-2.293,2.010,-4.609,2.788,2.678,2.899
12.434,4.000,cdu/csu,WP19,-2.122,2.010,-4.264,2.810,2.700,2.920
12.606,4.000,cdu/csu,WP19,-1.950,2.010,-3.919,2.832,2.723,2.941
12.778,4.000,cdu/csu,WP19,-1.778,2.010,-3.573,2.854,2.746,2.962
12.949,4.000,cdu/csu,WP19,-1.607,2.010,-3.228,2.876,2.768,2.983
13.121,4.000,cdu/csu,WP19,-1.435,2.010,-2.883,2.898,2.791,3.005
13.293,4.000,cdu/csu,WP19,-1.263,2.010,-2.538,2.920,2.813,3.026
13.465,4.000,cdu/csu,WP19,-1.091,2.010,-2.193,2.941,2.835,3.048
13.636,4.000,cdu/csu,WP19,-0.920,2.010,-1.848,2.963,2.857,3.070
13.808,4.000,cdu/csu,WP19,-0.748,2.010,-1.503,2.985,2.879,3.091
13.980,4.000,cdu/csu,WP19,-0.576,2.010,-1.158,3.007,2.901,3.114
14.152,4.000,cdu/csu,WP19,-0.404,2.010,-0.813,3.029,2.922,3.136
14.323,4.000,cdu/csu,WP19,-0.233,2.010,-0.468,3.051,2.944,3.158
14.495,4.000,cdu/csu,WP19,-0.061,2.010,-0.123,3.073,2.965,3.180
14.667,4.000,cdu/csu,WP19,0.111,2.010,0.222,3.095,2.986,3.203
14.838,4.000,cdu/csu,WP19,0.282,2.010,0.567,3.117,3.008,3.226
15.010,4.000,cdu/csu,WP19,0.454,2.010,0.913,3.138,3.029,3.248
15.182,4.000,cdu/csu,WP19,0.626,2.010,1.258,3.160,3.050,3.271
15.354,4.000,cdu/csu,WP19,0.798,2.010,1.603,3.182,3.070,3.294
15.525,4.000,cdu/csu,WP19,0.969,2.010,1.948,3.204,3.091,3.317
15.697,4.000,cdu/csu,WP19,1.141,2.010,2.293,3.226,3.112,3.340
15.869,4.000,cdu/csu,WP19,1.313,2.010,2.638,3.248,3.132,3.364
16.040,4.000,cdu/csu,WP19,1.484,2.010,2.983,3.270,3.153,3.387
16.212,4.000,cdu/csu,WP19,1.656,2.010,3.328,3.292,3.173,3.411
16.384,4.000,cdu/csu,WP19,1.828,2.010,3.673,3.314,3.193,3.434
16.556,4.000,cdu/csu,WP19,2.000,2.010,4.018,3.336,3.213,3.458
16.727,4.000,cdu/csu,WP19,2.171,2.010,4.363,3.357,3.233,3.482
16.899,4.000,cdu/csu,WP19,2.343,2.010,4.708,3.379,3.253,3.505
17.071,4.000,cdu/csu,WP19,2.515,2.010,5.053,3.401,3.273,3.529
17.242,4.000,cdu/csu,WP19,2.686,2.010,5.399,3.423,3.293,3.553
17.414,4.000,cdu/csu,WP19,2.858,2.010,5.744,3.445,3.313,3.577
17.586,4.000,cdu/csu,WP19,3.030,2.010,6.089,3.467,3.332,3.602
17.758,4.000,cdu/csu,WP19,3.202,2.010,6.434,3.489,3.352,3.626
17.929,4.000,cdu/csu,WP19,3.373,2.010,6.779,3.511,3.371,3.650
18.101,4.000,cdu/csu,WP19,3.545,2.010,7.124,3.533,3.391,3.674
18.273,4.000,cdu/csu,WP19,3.717,2.010,7.469,3.554,3.410,3.699
18.444,4.000,cdu/csu,WP19,3.888,2.010,7.814,3.576,3.430,3.723
18.616,4.000,cdu/csu,WP19,4.060,2.010,8.159,3.598,3.449,3.747
18.788,4.000,cdu/csu,WP19,4.232,2.010,8.504,3.620,3.468,3.772
18.960,4.000,cdu/csu,WP19,4.404,2.010,8.849,3.642,3.488,3.796
19.131,4.000,cdu/csu,WP19,4.575,2.010,9.194,3.664,3.507,3.821
19.303,4.000,cdu/csu,WP19,4.747,2.010,9.539,3.686,3.526,3.846
19.475,4.000,cdu/csu,WP19,4.919,2.010,9.885,3.708,3.545,3.870
19.646,4.000,cdu/csu,WP19,5.090,2.010,10.230,3.730,3.564,3.895
19.818,4.000,cdu/csu,WP19,5.262,2.010,10.575,3.752,3.583,3.920
19.990,4.000,cdu/csu,WP19,5.434,2.010,10.920,3.773,3.603,3.944
20.162,4.000,cdu/csu,WP19,5.606,2.010,11.265,3.795,3.622,3.969
20.333,4.000,cdu/csu,WP19,5.777,2.010,11.610,3.817,3.641,3.994
20.505,4.000,cdu/csu,WP19,5.949,2.010,11.955,3.839,3.659,4.019
20.677,4.000,cdu/csu,WP19,6.121,2.010,12.300,3.861,3.678,4.044
20.848,4.000,cdu/csu,WP19,6.292,2.010,12.645,3.883,3.697,4.068
21.020,4.000,cdu/csu,WP19,6.464,2.010,12.990,3.905,3.716,4.093
21.192,4.000,cdu/csu,WP19,6.636,2.010,13.335,3.927,3.735,4.118
21.364,4.000,cdu/csu,WP19,6.808,2.010,13.680,3.949,3.754,4.143
21.535,4.000,cdu/csu,WP19,6.979,2.010,14.025,3.970,3.773,4.168
21.707,4.000,cdu/csu,WP19,7.151,2.010,14.371,3.992,3.792,4.193
21.879,4.000,cdu/csu,WP19,7.323,2.010,14.716,4.014,3.810,4.218
22.051,4.000,cdu/csu,WP19,7.494,2.010,15.061,4.036,3.829,4.243
22.222,4.000,cdu/csu,WP19,7.666,2.010,15.406,4.058,3.848,4.268
22.394,4.000,cdu/csu,WP19,7.838,2.010,15.751,4.080,3.867,4.293
22.566,4.000,cdu/csu,WP19,8.010,2.010,16.096,4.102,3.885,4.318
22.737,4.000,cdu/csu,WP19,8.181,2.010,16.441,4.124,3.904,4.343
22.909,4.000,cdu/csu,WP19,8.353,2.010,16.786,4.146,3.923,4.369
23.081,4.000,cdu/csu,WP19,8.525,2.010,17.131,4.168,3.941,4.394
23.253,4.000,cdu/csu,WP19,8.697,2.010,17.476,4.189,3.960,4.419
23.424,4.000,cdu/csu,WP19,8.868,2.010,17.821,4.211,3.979,4.444
23.596,4.000,cdu/csu,WP19,9.040,2.010,18.166,4.233,3.997,4.469
23.768,4.000,cdu/csu,WP19,9.212,2.010,18.511,4.255,4.016,4.494
23.939,4.000,cdu/csu,WP19,9.383,2.010,18.856,4.277,4.035,4.519
24.111,4.000,cdu/csu,WP19,9.555,2.010,19.202,4.299,4.053,4.545
24.283,4.000,cdu/csu,WP19,9.727,2.010,19.547,4.321,4.072,4.570
24.455,4.000,cdu/csu,WP19,9.899,2.010,19.892,4.343,4.090,4.595
24.626,4.000,cdu/csu,WP19,10.070,2.010,20.237,4.365,4.109,4.620
24.798,4.000,cdu/csu,WP19,10.242,2.010,20.582,4.386,4.127,4.645
24.970,4.000,cdu/csu,WP19,10.414,2.010,20.927,4.408,4.146,4.671
25.141,4.000,cdu/csu,WP19,10.585,2.010,21.272,4.430,4.165,4.696
25.313,4.000,cdu/csu,WP19,10.757,2.010,21.617,4.452,4.183,4.721
25.485,4.000,cdu/csu,WP19,10.929,2.010,21.962,4.474,4.202,4.746
25.657,4.000,cdu/csu,WP19,11.101,2.010,22.307,4.496,4.220,4.772
25.828,4.000,cdu/csu,WP19,11.272,2.010,22.652,4.518,4.239,4.797
26.000,4.000,cdu/csu,WP19,11.444,2.010,22.997,4.540,4.257,4.822
