afd_support_t,is_opposition,party_clean,wahlperiode_cat,afd_support_c,afd_x_opposition,status,predicted_gal_tan,ci_95_low,ci_95_high
9.000,0,cdu/csu,WP19,-5.556,-0.000,Regierung,2.432,2.294,2.569
9.172,0,cdu/csu,WP19,-5.384,-0.000,Regierung,2.443,2.307,2.580
9.343,0,cdu/csu,WP19,-5.213,-0.000,Regierung,2.455,2.320,2.590
9.515,0,cdu/csu,WP19,-5.041,-0.000,Regierung,2.467,2.334,2.600
9.687,0,cdu/csu,WP19,-4.869,-0.000,Regierung,2.479,2.347,2.610
9.859,0,cdu/csu,WP19,-4.697,-0.000,Regierung,2.490,2.360,2.621
10.030,0,cdu/csu,WP19,-4.526,-0.000,Regierung,2.502,2.373,2.631
10.202,0,cdu/csu,WP19,-4.354,-0.000,Regierung,2.514,2.386,2.642
10.374,0,cdu/csu,WP19,-4.182,-0.000,Regierung,2.526,2.399,2.652
10.545,0,cdu/csu,WP19,-4.011,-0.000,Regierung,2.537,2.412,2.663
10.717,0,cdu/csu,WP19,-3.839,-0.000,Regierung,2.549,2.424,2.674
10.889,0,cdu/csu,WP19,-3.667,-0.000,Regierung,2.561,2.437,2.685
11.061,0,cdu/csu,WP19,-3.495,-0.000,Regierung,2.573,2.450,2.696
11.232,0,cdu/csu,WP19,-3.324,-0.000,Regierung,2.584,2.462,2.706
11.404,0,cdu/csu,WP19,-3.152,-0.000,Regierung,2.596,2.475,2.717
11.576,0,cdu/csu,WP19,-2.980,-0.000,Regierung,2.608,2.487,2.729
11.747,0,cdu/csu,WP19,-2.809,-0.000,Regierung,2.620,2.500,2.740
11.919,0,cdu/csu,WP19,-2.637,-0.000,Regierung,2.631,2.512,2.751
12.091,0,cdu/csu,WP19,-2.465,-0.000,Regierung,2.643,2.524,2.762
12.263,0,cdu/csu,WP19,-2.293,-0.000,Regierung,2.655,2.536,2.774
12.434,0,cdu/csu,WP19,-2.122,-0.000,Regierung,2.667,2.548,2.785
12.606,0,cdu/csu,WP19,-1.950,-0.000,Regierung,2.678,2.560,2.797
12.778,0,cdu/csu,WP19,-1.778,-0.000,Regierung,2.690,2.572,2.808
12.949,0,cdu/csu,WP19,-1.607,-0.000,Regierung,2.702,2.584,2.820
13.121,0,cdu/csu,WP19,-1.435,-0.000,Regierung,2.714,2.596,2.832
13.293,0,cdu/csu,WP19,-1.263,-0.000,Regierung,2.726,2.607,2.844
13.465,0,cdu/csu,WP19,-1.091,-0.000,Regierung,2.737,2.619,2.856
13.636,0,cdu/csu,WP19,-0.920,-0.000,Regierung,2.749,2.631,2.868
13.808,0,cdu/csu,WP19,-0.748,-0.000,Regierung,2.761,2.642,2.880
13.980,0,cdu/csu,WP19,-0.576,-0.000,Regierung,2.773,2.653,2.892
14.152,0,cdu/csu,WP19,-0.404,-0.000,Regierung,2.784,2.665,2.904
14.323,0,cdu/csu,WP19,-0.233,-0.000,Regierung,2.796,2.676,2.916
14.495,0,cdu/csu,WP19,-0.061,-0.000,Regierung,2.808,2.687,2.929
14.667,0,cdu/csu,WP19,0.111,0.000,Regierung,2.820,2.698,2.941
14.838,0,cdu/csu,WP19,0.282,0.000,Regierung,2.831,2.709,2.954
15.010,0,cdu/csu,WP19,0.454,0.000,Regierung,2.843,2.720,2.966
15.182,0,cdu/csu,WP19,0.626,0.000,Regierung,2.855,2.731,2.979
15.354,0,cdu/csu,WP19,0.798,0.000,Regierung,2.867,2.741,2.992
15.525,0,cdu/csu,WP19,0.969,0.000,Regierung,2.878,2.752,3.005
15.697,0,cdu/csu,WP19,1.141,0.000,Regierung,2.890,2.763,3.017
15.869,0,cdu/csu,WP19,1.313,0.000,Regierung,2.902,2.773,3.030
16.040,0,cdu/csu,WP19,1.484,0.000,Regierung,2.914,2.784,3.043
16.212,0,cdu/csu,WP19,1.656,0.000,Regierung,2.925,2.794,3.056
16.384,0,cdu/csu,WP19,1.828,0.000,Regierung,2.937,2.805,3.070
16.556,0,cdu/csu,WP19,2.000,0.000,Regierung,2.949,2.815,3.083
16.727,0,cdu/csu,WP19,2.171,0.000,Regierung,2.961,2.825,3.096
16.899,0,cdu/csu,WP19,2.343,0.000,Regierung,2.972,2.836,3.109
17.071,0,cdu/csu,WP19,2.515,0.000,Regierung,2.984,2.846,3.123
17.242,0,cdu/csu,WP19,2.686,0.000,Regierung,2.996,2.856,3.136
17.414,0,cdu/csu,WP19,2.858,0.000,Regierung,3.008,2.866,3.149
17.586,0,cdu/csu,WP19,3.030,0.000,Regierung,3.019,2.876,3.163
17.758,0,cdu/csu,WP19,3.202,0.000,Regierung,3.031,2.886,3.176
17.929,0,cdu/csu,WP19,3.373,0.000,Regierung,3.043,2.896,3.190
18.101,0,cdu/csu,WP19,3.545,0.000,Regierung,3.055,2.906,3.203
18.273,0,cdu/csu,WP19,3.717,0.000,Regierung,3.066,2.916,3.217
18.444,0,cdu/csu,WP19,3.888,0.000,Regierung,3.078,2.926,3.231
18.616,0,cdu/csu,WP19,4.060,0.000,Regierung,3.090,2.936,3.244
18.788,0,cdu/csu,WP19,4.232,0.000,Regierung,3.102,2.945,3.258
18.960,0,cdu/csu,WP19,4.404,0.000,Regierung,3.113,2.955,3.272
19.131,0,cdu/csu,WP19,4.575,0.000,Regierung,3.125,2.965,3.286
19.303,0,cdu/csu,WP19,4.747,0.000,Regierung,3.137,2.974,3.300
19.475,0,cdu/csu,WP19,4.919,0.000,Regierung,3.149,2.984,3.314
19.646,0,cdu/csu,WP19,5.090,0.000,Regierung,3.161,2.994,3.327
19.818,0,cdu/csu,WP19,5.262,0.000,Regierung,3.172,3.003,3.341
19.990,0,cdu/csu,WP19,5.434,0.000,Regierung,3.184,3.013,3.355
20.162,0,cdu/csu,WP19,5.606,0.000,Regierung,3.196,3.022,3.369
20.333,0,cdu/csu,WP19,5.777,0.000,Regierung,3.208,3.032,3.383
20.505,0,cdu/csu,WP19,5.949,0.000,Regierung,3.219,3.041,3.397
20.677,0,cdu/csu,WP19,6.121,0.000,Regierung,3.231,3.051,3.411
20.848,0,cdu/csu,WP19,6.292,0.000,Regierung,3.243,3.060,3.425
21.020,0,cdu/csu,WP19,6.464,0.000,Regierung,3.255,3.070,3.440
21.192,0,cdu/csu,WP19,6.636,0.000,Regierung,3.266,3.079,3.454
21.364,0,cdu/csu,WP19,6.808,0.000,Regierung,3.278,3.088,3.468
21.535,0,cdu/csu,WP19,6.979,0.000,Regierung,3.290,3.098,3.482
21.707,0,cdu/csu,WP19,7.151,0.000,Regierung,3.302,3.107,3.496
21.879,0,cdu/csu,WP19,7.323,0.000,Regierung,3.313,3.116,3.510
22.051,0,cdu/csu,WP19,7.494,0.000,Regierung,3.325,3.126,3.525
22.222,0,cdu/csu,WP19,7.666,0.000,Regierung,3.337,3.135,3.539
22.394,0,cdu/csu,WP19,7.838,0.000,Regierung,3.349,3.144,3.553
22.566,0,cdu/csu,WP19,8.010,0.000,Regierung,3.360,3.154,3.567
22.737,0,cdu/csu,WP19,8.181,0.000,Regierung,3.372,3.163,3.582
22.909,0,cdu/csu,WP19,8.353,0.000,Regierung,3.384,3.172,3.596
23.081,0,cdu/csu,WP19,8.525,0.000,Regierung,3.396,3.181,3.610
23.253,0,cdu/csu,WP19,8.697,0.000,Regierung,3.407,3.190,3.624
23.424,0,cdu/csu,WP19,8.868,0.000,Regierung,3.419,3.200,3.639
23.596,0,cdu/csu,WP19,9.040,0.000,Regierung,3.431,3.209,3.653
23.768,0,cdu/csu,WP19,9.212,0.000,Regierung,3.443,3.218,3.667
23.939,0,cdu/csu,WP19,9.383,0.000,Regierung,3.454,3.227,3.682
24.111,0,cdu/csu,WP19,9.555,0.000,Regierung,3.466,3.236,3.696
24.283,0,cdu/csu,WP19,9.727,0.000,Regierung,3.478,3.245,3.711
24.455,0,cdu/csu,WP19,9.899,0.000,Regierung,3.490,3.255,3.725
24.626,0,cdu/csu,WP19,10.070,0.000,Regierung,3.501,3.264,3.739
24.798,0,cdu/csu,WP19,10.242,0.000,Regierung,3.513,3.273,3.754
24.970,0,cdu/csu,WP19,10.414,0.000,Regierung,3.525,3.282,3.768
25.141,0,cdu/csu,WP19,10.585,0.000,Regierung,3.537,3.291,3.783
25.313,0,cdu/csu,WP19,10.757,0.000,Regierung,3.549,3.300,3.797
25.485,0,cdu/csu,WP19,10.929,0.000,Regierung,3.560,3.309,3.811
25.657,0,cdu/csu,WP19,11.101,0.000,Regierung,3.572,3.318,3.826
25.828,0,cdu/csu,WP19,11.272,0.000,Regierung,3.584,3.327,3.840
26.000,0,cdu/csu,WP19,11.444,0.000,Regierung,3.596,3.336,3.855
9.000,1,cdu/csu,WP19,-5.556,-5.556,Opposition,3.033,2.882,3.183
9.172,1,cdu/csu,WP19,-5.384,-5.384,Opposition,3.043,2.895,3.192
9.343,1,cdu/csu,WP19,-5.213,-5.213,Opposition,3.054,2.907,3.200
9.515,1,cdu/csu,WP19,-5.041,-5.041,Opposition,3.064,2.919,3.209
9.687,1,cdu/csu,WP19,-4.869,-4.869,Opposition,3.075,2.932,3.218
9.859,1,cdu/csu,WP19,-4.697,-4.697,Opposition,3.085,2.944,3.226
10.030,1,cdu/csu,WP19,-4.526,-4.526,Opposition,3.095,2.956,3.235
10.202,1,cdu/csu,WP19,-4.354,-4.354,Opposition,3.106,2.968,3.244
10.374,1,cdu/csu,WP19,-4.182,-4.182,Opposition,3.116,2.980,3.253
10.545,1,cdu/csu,WP19,-4.011,-4.011,Opposition,3.127,2.992,3.262
10.717,1,cdu/csu,WP19,-3.839,-3.839,Opposition,3.137,3.004,3.270
10.889,1,cdu/csu,WP19,-3.667,-3.667,Opposition,3.148,3.016,3.280
11.061,1,cdu/csu,WP19,-3.495,-3.495,Opposition,3.158,3.028,3.289
11.232,1,cdu/csu,WP19,-3.324,-3.324,Opposition,3.169,3.039,3.298
11.404,1,cdu/csu,WP19,-3.152,-3.152,Opposition,3.179,3.051,3.307
11.576,1,cdu/csu,WP19,-2.980,-2.980,Opposition,3.189,3.063,3.316
11.747,1,cdu/csu,WP19,-2.809,-2.809,Opposition,3.200,3.074,3.326
11.919,1,cdu/csu,WP19,-2.637,-2.637,Opposition,3.210,3.085,3.335
12.091,1,cdu/csu,WP19,-2.465,-2.465,Opposition,3.221,3.097,3.345
12.263,1,cdu/csu,WP19,-2.293,-2.293,Opposition,3.231,3.108,3.354
12.434,1,cdu/csu,WP19,-2.122,-2.122,Opposition,3.242,3.119,3.364
12.606,1,cdu/csu,WP19,-1.950,-1.950,Opposition,3.252,3.130,3.374
12.778,1,cdu/csu,WP19,-1.778,-1.778,Opposition,3.263,3.141,3.384
12.949,1,cdu/csu,WP19,-1.607,-1.607,Opposition,3.273,3.152,3.394
13.121,1,cdu/csu,WP19,-1.435,-1.435,Opposition,3.283,3.163,3.404
13.293,1,cdu/csu,WP19,-1.263,-1.263,Opposition,3.294,3.174,3.414
13.465,1,cdu/csu,WP19,-1.091,-1.091,Opposition,3.304,3.184,3.424
13.636,1,cdu/csu,WP19,-0.920,-0.920,Opposition,3.315,3.195,3.434
13.808,1,cdu/csu,WP19,-0.748,-0.748,Opposition,3.325,3.205,3.445
13.980,1,cdu/csu,WP19,-0.576,-0.576,Opposition,3.336,3.216,3.455
14.152,1,cdu/csu,WP19,-0.404,-0.404,Opposition,3.346,3.226,3.466
14.323,1,cdu/csu,WP19,-0.233,-0.233,Opposition,3.356,3.236,3.477
14.495,1,cdu/csu,WP19,-0.061,-0.061,Opposition,3.367,3.246,3.487
14.667,1,cdu/csu,WP19,0.111,0.111,Opposition,3.377,3.256,3.498
14.838,1,cdu/csu,WP19,0.282,0.282,Opposition,3.388,3.266,3.509
15.010,1,cdu/csu,WP19,0.454,0.454,Opposition,3.398,3.276,3.520
15.182,1,cdu/csu,WP19,0.626,0.626,Opposition,3.409,3.286,3.531
15.354,1,cdu/csu,WP19,0.798,0.798,Opposition,3.419,3.296,3.543
15.525,1,cdu/csu,WP19,0.969,0.969,Opposition,3.430,3.305,3.554
15.697,1,cdu/csu,WP19,1.141,1.141,Opposition,3.440,3.315,3.565
15.869,1,cdu/csu,WP19,1.313,1.313,Opposition,3.450,3.324,3.577
16.040,1,cdu/csu,WP19,1.484,1.484,Opposition,3.461,3.334,3.588
16.212,1,cdu/csu,WP19,1.656,1.656,Opposition,3.471,3.343,3.600
16.384,1,cdu/csu,WP19,1.828,1.828,Opposition,3.482,3.352,3.611
16.556,1,cdu/csu,WP19,2.000,2.000,Opposition,3.492,3.361,3.623
16.727,1,cdu/csu,WP19,2.171,2.171,Opposition,3.503,3.370,3.635
16.899,1,cdu/csu,WP19,2.343,2.343,Opposition,3.513,3.379,3.647
17.071,1,cdu/csu,WP19,2.515,2.515,Opposition,3.524,3.388,3.659
17.242,1,cdu/csu,WP19,2.686,2.686,Opposition,3.534,3.397,3.671
17.414,1,cdu/csu,WP19,2.858,2.858,Opposition,3.544,3.406,3.683
17.586,1,cdu/csu,WP19,3.030,3.030,Opposition,3.555,3.415,3.695
17.758,1,cdu/csu,WP19,3.202,3.202,Opposition,3.565,3.423,3.707
17.929,1,cdu/csu,WP19,3.373,3.373,Opposition,3.576,3.432,3.719
18.101,1,cdu/csu,WP19,3.545,3.545,Opposition,3.586,3.441,3.732
18.273,1,cdu/csu,WP19,3.717,3.717,Opposition,3.597,3.449,3.744
18.444,1,cdu/csu,WP19,3.888,3.888,Opposition,3.607,3.458,3.756
18.616,1,cdu/csu,WP19,4.060,4.060,Opposition,3.617,3.466,3.769
18.788,1,cdu/csu,WP19,4.232,4.232,Opposition,3.628,3.475,3.781
18.960,1,cdu/csu,WP19,4.404,4.404,Opposition,3.638,3.483,3.794
19.131,1,cdu/csu,WP19,4.575,4.575,Opposition,3.649,3.491,3.806
19.303,1,cdu/csu,WP19,4.747,4.747,Opposition,3.659,3.500,3.819
19.475,1,cdu/csu,WP19,4.919,4.919,Opposition,3.670,3.508,3.832
19.646,1,cdu/csu,WP19,5.090,5.090,Opposition,3.680,3.516,3.844
19.818,1,cdu/csu,WP19,5.262,5.262,Opposition,3.691,3.524,3.857
19.990,1,cdu/csu,WP19,5.434,5.434,Opposition,3.701,3.532,3.870
20.162,1,cdu/csu,WP19,5.606,5.606,Opposition,3.711,3.540,3.882
20.333,1,cdu/csu,WP19,5.777,5.777,Opposition,3.722,3.549,3.895
20.505,1,cdu/csu,WP19,5.949,5.949,Opposition,3.732,3.557,3.908
20.677,1,cdu/csu,WP19,6.121,6.121,Opposition,3.743,3.565,3.921
20.848,1,cdu/csu,WP19,6.292,6.292,Opposition,3.753,3.573,3.934
21.020,1,cdu/csu,WP19,6.464,6.464,Opposition,3.764,3.581,3.947
21.192,1,cdu/csu,WP19,6.636,6.636,Opposition,3.774,3.589,3.960
21.364,1,cdu/csu,WP19,6.808,6.808,Opposition,3.785,3.596,3.973
21.535,1,cdu/csu,WP19,6.979,6.979,Opposition,3.795,3.604,3.986
21.707,1,cdu/csu,WP19,7.151,7.151,Opposition,3.805,3.612,3.999
21.879,1,cdu/csu,WP19,7.323,7.323,Opposition,3.816,3.620,4.012
22.051,1,cdu/csu,WP19,7.494,7.494,Opposition,3.826,3.628,4.025
22.222,1,cdu/csu,WP19,7.666,7.666,Opposition,3.837,3.636,4.038
22.394,1,cdu/csu,WP19,7.838,7.838,Opposition,3.847,3.643,4.051
22.566,1,cdu/csu,WP19,8.010,8.010,Opposition,3.858,3.651,4.064
22.737,1,cdu/csu,WP19,8.181,8.181,Opposition,3.868,3.659,4.077
22.909,1,cdu/csu,WP19,8.353,8.353,Opposition,3.878,3.667,4.090
23.081,1,cdu/csu,WP19,8.525,8.525,Opposition,3.889,3.674,4.103
23.253,1,cdu/csu,WP19,8.697,8.697,Opposition,3.899,3.682,4.117
23.424,1,cdu/csu,WP19,8.868,8.868,Opposition,3.910,3.690,4.130
23.596,1,cdu/csu,WP19,9.040,9.040,Opposition,3.920,3.698,4.143
23.768,1,cdu/csu,WP19,9.212,9.212,Opposition,3.931,3.705,4.156
23.939,1,cdu/csu,WP19,9.383,9.383,Opposition,3.941,3.713,4.169
24.111,1,cdu/csu,WP19,9.555,9.555,Opposition,3.952,3.721,4.183
24.283,1,cdu/csu,WP19,9.727,9.727,Opposition,3.962,3.728,4.196
24.455,1,cdu/csu,WP19,9.899,9.899,Opposition,3.972,3.736,4.209
24.626,1,cdu/csu,WP19,10.070,10.070,Opposition,3.983,3.743,4.222
24.798,1,cdu/csu,WP19,10.242,10.242,Opposition,3.993,3.751,4.236
24.970,1,cdu/csu,WP19,10.414,10.414,Opposition,4.004,3.759,4.249
25.141,1,cdu/csu,WP19,10.585,10.585,Opposition,4.014,3.766,4.262
25.313,1,cdu/csu,WP19,10.757,10.757,Opposition,4.025,3.774,4.276
25.485,1,cdu/csu,WP19,10.929,10.929,Opposition,4.035,3.781,4.289
25.657,1,cdu/csu,WP19,11.101,11.101,Opposition,4.046,3.789,4.302
25.828,1,cdu/csu,WP19,11.272,11.272,Opposition,4.056,3.796,4.316
26.000,1,cdu/csu,WP19,11.444,11.444,Opposition,4.066,3.804,4.329
