mean_populism_score,afd_support_t,wahlperiode_cat,poll_date
0.2222222222222222,12,WP19,2017-10-20
0.1954022988505747,11,WP19,2017-11-20
0.2058165548098433,13,WP19,2017-12-07
0.2703412073490813,13,WP19,2018-01-04
0.2121212121212121,12,WP19,2018-01-26
0.2603406326034063,14,WP19,2018-02-01
0.3483483483483483,15,WP19,2018-02-15
0.2349726775956284,14,WP19,2018-02-23
0.2269841269841269,15,WP19,2018-03-01
0.2448979591836734,13,WP19,2018-03-23
0.2469135802469135,14,WP19,2018-04-05
0.2197962154294031,15,WP19,2018-04-20
0.2389558232931726,15,WP19,2018-05-09
0.2222222222222222,14,WP19,2018-05-18
0.2663230240549828,15,WP19,2018-06-14
0.1927374301675977,14,WP19,2018-06-28
0.2742616033755274,16,WP19,2018-07-05
0.2945736434108527,16,WP19,2018-09-06
0.2479338842975206,18,WP19,2018-09-21
0.2304761904761904,16,WP19,2018-10-11
0.240625,16,WP19,2018-10-19
0.2063125481139338,14,WP19,2018-11-15
0.2333333333333333,15,WP19,2018-11-30
0.1893333333333333,14,WP19,2018-12-06
0.1698113207547169,13,WP19,2018-12-14
0.2240143369175627,14,WP19,2019-01-10
0.2058823529411764,15,WP19,2019-01-25
0.2363465160075329,13,WP19,2019-02-14
0.2233856893542757,12,WP19,2019-02-22
0.196078431372549,13,WP19,2019-03-15
0.1616161616161616,12,WP19,2019-03-22
0.2189835575485799,12,WP19,2019-04-04
0.2214170692431561,12,WP19,2019-05-02
0.1860465116279069,13,WP19,2019-05-17
0.2355555555555555,13,WP19,2019-06-06
0.1555555555555555,12,WP19,2019-06-28
0.1111111111111111,13,WP19,2019-07-04
0.2585669781931464,15,WP19,2019-09-05
0.2247765006385696,14,WP19,2019-09-20
0.2,14,WP19,2019-10-11
0.2314225053078556,14,WP19,2019-10-18
0.1959406713505073,14,WP19,2019-11-07
0.2207053469852104,14,WP19,2019-11-15
0.2266666666666666,15,WP19,2019-12-05
0.2258064516129032,15,WP19,2019-12-13
0.1369294605809128,14,WP19,2020-01-09
0.211340206185567,14,WP19,2020-01-24
0.1583333333333333,14,WP19,2020-02-06
0.2042042042042041,14,WP19,2020-02-13
0.2078853046594982,12,WP19,2020-03-05
0.1205673758865248,10,WP19,2020-03-20
0.1796407185628742,9,WP19,2020-04-17
0.1798245614035087,9,WP19,2020-05-07
0.1701913393756293,10,WP19,2020-05-15
0.1909975669099756,9,WP19,2020-06-04
0.1151515151515151,10,WP19,2020-06-26
0.2353801169590643,10,WP19,2020-07-02
0.2102102102102102,10,WP19,2020-09-03
0.2065527065527065,10,WP19,2020-09-18
0.25,10,WP19,2020-10-01
0.196078431372549,11,WP19,2020-10-16
0.1981757877280265,10,WP19,2020-11-12
0.1262626262626262,11,WP19,2020-11-27
0.202020202020202,10,WP19,2020-12-03
0.2284820031298904,9,WP19,2020-12-11
0.29979035639413,10,WP19,2021-01-07
0.1984732824427481,10,WP19,2021-01-22
0.2212121212121212,10,WP19,2021-02-04
0.2312925170068027,11,WP19,2021-02-19
0.2568542568542568,11,WP19,2021-03-04
0.1867905056759545,11,WP19,2021-03-19
0.1403508771929824,11,WP19,2021-04-01
0.1830601092896174,11,WP19,2021-04-16
0.2148760330578512,12,WP19,2021-05-06
0.1889400921658986,11,WP19,2021-05-14
0.2155121373593842,12,WP19,2021-06-10
0.2683982683982683,12,WP19,2021-06-25
0.34,11,WP19,2021-08-20
0.3939393939393939,12,WP19,2021-09-02
0.3333333333333333,11,WP20,2021-09-16
0.345565749235474,10,WP20,2021-11-04
0.1770833333333333,11,WP20,2021-12-02
0.1545454545454545,11,WP20,2021-12-10
0.1757877280265339,11,WP20,2022-01-06
0.1878787878787878,12,WP20,2022-01-21
0.213235294117647,12,WP20,2022-02-03
0.2434456928838951,12,WP20,2022-02-18
0.2670250896057347,11,WP20,2022-03-03
0.1864261168384879,11,WP20,2022-03-18
0.1986531986531986,11,WP20,2022-04-07
0.2166666666666666,11,WP20,2022-04-14
0.2278582930756843,11,WP20,2022-04-28
0.2128514056224899,11,WP20,2022-05-13
0.1881014873140857,11,WP20,2022-06-02
0.2059620596205962,12,WP20,2022-06-24
0.208,11,WP20,2022-07-07
0.2328767123287671,13,WP20,2022-09-01
0.2728971962616822,14,WP20,2022-09-16
0.3316062176165803,15,WP20,2022-10-06
0.2707692307692307,15,WP20,2022-10-14
0.2282157676348547,14,WP20,2022-11-03
0.2518337408312958,14,WP20,2022-11-11
0.2455516014234875,15,WP20,2022-12-01
0.2721598002496878,15,WP20,2022-12-09
0.4166666666666666,15,WP20,2023-01-05
0.2039417309340188,14,WP20,2023-01-19
0.2438016528925619,15,WP20,2023-02-02
0.4324324324324324,15,WP20,2023-02-17
0.2839506172839506,14,WP20,2023-03-02
0.2548350398179749,15,WP20,2023-03-17
0.2349272349272349,15,WP20,2023-04-14
0.2795698924731182,16,WP20,2023-05-04
0.2716823406478578,16,WP20,2023-05-12
0.2711496746203904,18,WP20,2023-06-01
0.2607709750566893,19,WP20,2023-06-23
0.2242703533026113,20,WP20,2023-07-06
0.3222222222222222,22,WP20,2023-08-31
0.2728093947606142,22,WP20,2023-09-15
0.2633744855967078,22,WP20,2023-09-28
0.2532588454376163,23,WP20,2023-10-13
0.308411214953271,22,WP20,2023-11-02
0.2924628450106157,21,WP20,2023-11-10
0.289193302891933,21,WP20,2023-12-07
0.3878787878787878,22,WP20,2024-01-04
0.2719101123595505,19,WP20,2024-02-01
0.3164642375168691,19,WP20,2024-03-07
0.3057124921531701,18,WP20,2024-04-04
0.2843822843822843,18,WP20,2024-05-02
0.3386454183266932,18,WP20,2024-05-30
0.2378787878787878,17,WP20,2024-07-04
0.3250961010433827,17,WP20,2024-09-05
0.2978260869565217,17,WP20,2024-10-10
0.3039215686274509,17,WP20,2024-10-31
0.3587786259541984,18,WP20,2024-11-07
0.3809523809523809,19,WP20,2024-11-21
0.323037323037323,18,WP20,2024-12-05
0.4462962962962962,19,WP20,2024-12-19
0.8076923076923077,20,WP20,2025-01-09
0.5320813771517997,20,WP20,2025-01-30
0.7777777777777777,21,WP20,2025-02-06
0.3192982456140351,21,WP20,2025-03-06
0.3333333333333333,24,WP21,2025-04-03
0.3252032520325203,23,WP21,2025-05-07
0.3116666666666666,23,WP21,2025-06-04
0.2929642445213379,23,WP21,2025-07-03
0.3065774804905239,25,WP21,2025-09-03
0.3911646586345381,26,WP21,2025-10-02
0.3263263263263263,26,WP21,2025-11-06
0.3415300546448087,25,WP21,2025-12-04
0.3782505910165484,25,WP21,2026-01-08
