afd_support_t,electoral_loss,party_clean,wahlperiode_cat,afd_support_c,electoral_loss_c,afd_x_loss,loss_level,predicted_populism,ci_95_low,ci_95_high
9.000,-1.161,cdu/csu,WP19,-5.536,-1.175,6.503,Niedriger Verlust / eher Gewinn,0.135,0.105,0.165
9.172,-1.161,cdu/csu,WP19,-5.364,-1.175,6.301,Niedriger Verlust / eher Gewinn,0.138,0.108,0.167
9.343,-1.161,cdu/csu,WP19,-5.193,-1.175,6.099,Niedriger Verlust / eher Gewinn,0.141,0.112,0.170
9.515,-1.161,cdu/csu,WP19,-5.021,-1.175,5.897,Niedriger Verlust / eher Gewinn,0.144,0.115,0.172
9.687,-1.161,cdu/csu,WP19,-4.849,-1.175,5.696,Niedriger Verlust / eher Gewinn,0.147,0.118,0.175
9.859,-1.161,cdu/csu,WP19,-4.678,-1.175,5.494,Niedriger Verlust / eher Gewinn,0.150,0.122,0.178
10.030,-1.161,cdu/csu,WP19,-4.506,-1.175,5.292,Niedriger Verlust / eher Gewinn,0.153,0.125,0.180
10.202,-1.161,cdu/csu,WP19,-4.334,-1.175,5.091,Niedriger Verlust / eher Gewinn,0.155,0.128,0.183
10.374,-1.161,cdu/csu,WP19,-4.162,-1.175,4.889,Niedriger Verlust / eher Gewinn,0.158,0.131,0.185
10.545,-1.161,cdu/csu,WP19,-3.991,-1.175,4.687,Niedriger Verlust / eher Gewinn,0.161,0.135,0.188
10.717,-1.161,cdu/csu,WP19,-3.819,-1.175,4.486,Niedriger Verlust / eher Gewinn,0.164,0.138,0.191
10.889,-1.161,cdu/csu,WP19,-3.647,-1.175,4.284,Niedriger Verlust / eher Gewinn,0.167,0.141,0.193
11.061,-1.161,cdu/csu,WP19,-3.476,-1.175,4.082,Niedriger Verlust / eher Gewinn,0.170,0.144,0.196
11.232,-1.161,cdu/csu,WP19,-3.304,-1.175,3.881,Niedriger Verlust / eher Gewinn,0.173,0.147,0.199
11.404,-1.161,cdu/csu,WP19,-3.132,-1.175,3.679,Niedriger Verlust / eher Gewinn,0.176,0.151,0.202
11.576,-1.161,cdu/csu,WP19,-2.960,-1.175,3.477,Niedriger Verlust / eher Gewinn,0.179,0.154,0.204
11.747,-1.161,cdu/csu,WP19,-2.789,-1.175,3.275,Niedriger Verlust / eher Gewinn,0.182,0.157,0.207
11.919,-1.161,cdu/csu,WP19,-2.617,-1.175,3.074,Niedriger Verlust / eher Gewinn,0.185,0.160,0.210
12.091,-1.161,cdu/csu,WP19,-2.445,-1.175,2.872,Niedriger Verlust / eher Gewinn,0.188,0.163,0.213
12.263,-1.161,cdu/csu,WP19,-2.274,-1.175,2.670,Niedriger Verlust / eher Gewinn,0.191,0.166,0.215
12.434,-1.161,cdu/csu,WP19,-2.102,-1.175,2.469,Niedriger Verlust / eher Gewinn,0.194,0.169,0.218
12.606,-1.161,cdu/csu,WP19,-1.930,-1.175,2.267,Niedriger Verlust / eher Gewinn,0.197,0.172,0.221
12.778,-1.161,cdu/csu,WP19,-1.758,-1.175,2.065,Niedriger Verlust / eher Gewinn,0.200,0.175,0.224
12.949,-1.161,cdu/csu,WP19,-1.587,-1.175,1.864,Niedriger Verlust / eher Gewinn,0.203,0.178,0.227
13.121,-1.161,cdu/csu,WP19,-1.415,-1.175,1.662,Niedriger Verlust / eher Gewinn,0.205,0.181,0.230
13.293,-1.161,cdu/csu,WP19,-1.243,-1.175,1.460,Niedriger Verlust / eher Gewinn,0.208,0.184,0.233
13.465,-1.161,cdu/csu,WP19,-1.072,-1.175,1.259,Niedriger Verlust / eher Gewinn,0.211,0.187,0.236
13.636,-1.161,cdu/csu,WP19,-0.900,-1.175,1.057,Niedriger Verlust / eher Gewinn,0.214,0.190,0.239
13.808,-1.161,cdu/csu,WP19,-0.728,-1.175,0.855,Niedriger Verlust / eher Gewinn,0.217,0.193,0.242
13.980,-1.161,cdu/csu,WP19,-0.556,-1.175,0.653,Niedriger Verlust / eher Gewinn,0.220,0.196,0.245
14.152,-1.161,cdu/csu,WP19,-0.385,-1.175,0.452,Niedriger Verlust / eher Gewinn,0.223,0.198,0.248
14.323,-1.161,cdu/csu,WP19,-0.213,-1.175,0.250,Niedriger Verlust / eher Gewinn,0.226,0.201,0.251
14.495,-1.161,cdu/csu,WP19,-0.041,-1.175,0.048,Niedriger Verlust / eher Gewinn,0.229,0.204,0.254
14.667,-1.161,cdu/csu,WP19,0.131,-1.175,-0.153,Niedriger Verlust / eher Gewinn,0.232,0.207,0.257
14.838,-1.161,cdu/csu,WP19,0.302,-1.175,-0.355,Niedriger Verlust / eher Gewinn,0.235,0.210,0.260
15.010,-1.161,cdu/csu,WP19,0.474,-1.175,-0.557,Niedriger Verlust / eher Gewinn,0.238,0.212,0.263
15.182,-1.161,cdu/csu,WP19,0.646,-1.175,-0.758,Niedriger Verlust / eher Gewinn,0.241,0.215,0.267
15.354,-1.161,cdu/csu,WP19,0.817,-1.175,-0.960,Niedriger Verlust / eher Gewinn,0.244,0.218,0.270
15.525,-1.161,cdu/csu,WP19,0.989,-1.175,-1.162,Niedriger Verlust / eher Gewinn,0.247,0.220,0.273
15.697,-1.161,cdu/csu,WP19,1.161,-1.175,-1.363,Niedriger Verlust / eher Gewinn,0.250,0.223,0.276
15.869,-1.161,cdu/csu,WP19,1.333,-1.175,-1.565,Niedriger Verlust / eher Gewinn,0.253,0.226,0.279
16.040,-1.161,cdu/csu,WP19,1.504,-1.175,-1.767,Niedriger Verlust / eher Gewinn,0.256,0.228,0.283
16.212,-1.161,cdu/csu,WP19,1.676,-1.175,-1.969,Niedriger Verlust / eher Gewinn,0.258,0.231,0.286
16.384,-1.161,cdu/csu,WP19,1.848,-1.175,-2.170,Niedriger Verlust / eher Gewinn,0.261,0.234,0.289
16.556,-1.161,cdu/csu,WP19,2.019,-1.175,-2.372,Niedriger Verlust / eher Gewinn,0.264,0.236,0.293
16.727,-1.161,cdu/csu,WP19,2.191,-1.175,-2.574,Niedriger Verlust / eher Gewinn,0.267,0.239,0.296
16.899,-1.161,cdu/csu,WP19,2.363,-1.175,-2.775,Niedriger Verlust / eher Gewinn,0.270,0.241,0.299
17.071,-1.161,cdu/csu,WP19,2.535,-1.175,-2.977,Niedriger Verlust / eher Gewinn,0.273,0.244,0.303
17.242,-1.161,cdu/csu,WP19,2.706,-1.175,-3.179,Niedriger Verlust / eher Gewinn,0.276,0.246,0.306
17.414,-1.161,cdu/csu,WP19,2.878,-1.175,-3.380,Niedriger Verlust / eher Gewinn,0.279,0.249,0.309
17.586,-1.161,cdu/csu,WP19,3.050,-1.175,-3.582,Niedriger Verlust / eher Gewinn,0.282,0.251,0.313
17.758,-1.161,cdu/csu,WP19,3.221,-1.175,-3.784,Niedriger Verlust / eher Gewinn,0.285,0.254,0.316
17.929,-1.161,cdu/csu,WP19,3.393,-1.175,-3.985,Niedriger Verlust / eher Gewinn,0.288,0.256,0.319
18.101,-1.161,cdu/csu,WP19,3.565,-1.175,-4.187,Niedriger Verlust / eher Gewinn,0.291,0.259,0.323
18.273,-1.161,cdu/csu,WP19,3.737,-1.175,-4.389,Niedriger Verlust / eher Gewinn,0.294,0.261,0.326
18.444,-1.161,cdu/csu,WP19,3.908,-1.175,-4.591,Niedriger Verlust / eher Gewinn,0.297,0.264,0.330
18.616,-1.161,cdu/csu,WP19,4.080,-1.175,-4.792,Niedriger Verlust / eher Gewinn,0.300,0.266,0.333
18.788,-1.161,cdu/csu,WP19,4.252,-1.175,-4.994,Niedriger Verlust / eher Gewinn,0.303,0.269,0.337
18.960,-1.161,cdu/csu,WP19,4.423,-1.175,-5.196,Niedriger Verlust / eher Gewinn,0.306,0.271,0.340
19.131,-1.161,cdu/csu,WP19,4.595,-1.175,-5.397,Niedriger Verlust / eher Gewinn,0.309,0.274,0.343
19.303,-1.161,cdu/csu,WP19,4.767,-1.175,-5.599,Niedriger Verlust / eher Gewinn,0.311,0.276,0.347
19.475,-1.161,cdu/csu,WP19,4.939,-1.175,-5.801,Niedriger Verlust / eher Gewinn,0.314,0.278,0.350
19.646,-1.161,cdu/csu,WP19,5.110,-1.175,-6.002,Niedriger Verlust / eher Gewinn,0.317,0.281,0.354
19.818,-1.161,cdu/csu,WP19,5.282,-1.175,-6.204,Niedriger Verlust / eher Gewinn,0.320,0.283,0.357
19.990,-1.161,cdu/csu,WP19,5.454,-1.175,-6.406,Niedriger Verlust / eher Gewinn,0.323,0.286,0.361
20.162,-1.161,cdu/csu,WP19,5.625,-1.175,-6.607,Niedriger Verlust / eher Gewinn,0.326,0.288,0.364
20.333,-1.161,cdu/csu,WP19,5.797,-1.175,-6.809,Niedriger Verlust / eher Gewinn,0.329,0.290,0.368
20.505,-1.161,cdu/csu,WP19,5.969,-1.175,-7.011,Niedriger Verlust / eher Gewinn,0.332,0.293,0.371
20.677,-1.161,cdu/csu,WP19,6.141,-1.175,-7.213,Niedriger Verlust / eher Gewinn,0.335,0.295,0.375
20.848,-1.161,cdu/csu,WP19,6.312,-1.175,-7.414,Niedriger Verlust / eher Gewinn,0.338,0.298,0.378
21.020,-1.161,cdu/csu,WP19,6.484,-1.175,-7.616,Niedriger Verlust / eher Gewinn,0.341,0.300,0.382
21.192,-1.161,cdu/csu,WP19,6.656,-1.175,-7.818,Niedriger Verlust / eher Gewinn,0.344,0.302,0.385
21.364,-1.161,cdu/csu,WP19,6.827,-1.175,-8.019,Niedriger Verlust / eher Gewinn,0.347,0.305,0.389
21.535,-1.161,cdu/csu,WP19,6.999,-1.175,-8.221,Niedriger Verlust / eher Gewinn,0.350,0.307,0.392
21.707,-1.161,cdu/csu,WP19,7.171,-1.175,-8.423,Niedriger Verlust / eher Gewinn,0.353,0.309,0.396
21.879,-1.161,cdu/csu,WP19,7.343,-1.175,-8.624,Niedriger Verlust / eher Gewinn,0.356,0.312,0.399
22.051,-1.161,cdu/csu,WP19,7.514,-1.175,-8.826,Niedriger Verlust / eher Gewinn,0.359,0.314,0.403
22.222,-1.161,cdu/csu,WP19,7.686,-1.175,-9.028,Niedriger Verlust / eher Gewinn,0.361,0.316,0.407
22.394,-1.161,cdu/csu,WP19,7.858,-1.175,-9.229,Niedriger Verlust / eher Gewinn,0.364,0.319,0.410
22.566,-1.161,cdu/csu,WP19,8.030,-1.175,-9.431,Niedriger Verlust / eher Gewinn,0.367,0.321,0.414
22.737,-1.161,cdu/csu,WP19,8.201,-1.175,-9.633,Niedriger Verlust / eher Gewinn,0.370,0.323,0.417
22.909,-1.161,cdu/csu,WP19,8.373,-1.175,-9.835,Niedriger Verlust / eher Gewinn,0.373,0.326,0.421
23.081,-1.161,cdu/csu,WP19,8.545,-1.175,-10.036,Niedriger Verlust / eher Gewinn,0.376,0.328,0.424
23.253,-1.161,cdu/csu,WP19,8.716,-1.175,-10.238,Niedriger Verlust / eher Gewinn,0.379,0.330,0.428
23.424,-1.161,cdu/csu,WP19,8.888,-1.175,-10.440,Niedriger Verlust / eher Gewinn,0.382,0.333,0.431
23.596,-1.161,cdu/csu,WP19,9.060,-1.175,-10.641,Niedriger Verlust / eher Gewinn,0.385,0.335,0.435
23.768,-1.161,cdu/csu,WP19,9.232,-1.175,-10.843,Niedriger Verlust / eher Gewinn,0.388,0.337,0.439
23.939,-1.161,cdu/csu,WP19,9.403,-1.175,-11.045,Niedriger Verlust / eher Gewinn,0.391,0.340,0.442
24.111,-1.161,cdu/csu,WP19,9.575,-1.175,-11.246,Niedriger Verlust / eher Gewinn,0.394,0.342,0.446
24.283,-1.161,cdu/csu,WP19,9.747,-1.175,-11.448,Niedriger Verlust / eher Gewinn,0.397,0.344,0.449
24.455,-1.161,cdu/csu,WP19,9.918,-1.175,-11.650,Niedriger Verlust / eher Gewinn,0.400,0.347,0.453
24.626,-1.161,cdu/csu,WP19,10.090,-1.175,-11.851,Niedriger Verlust / eher Gewinn,0.403,0.349,0.456
24.798,-1.161,cdu/csu,WP19,10.262,-1.175,-12.053,Niedriger Verlust / eher Gewinn,0.406,0.351,0.460
24.970,-1.161,cdu/csu,WP19,10.434,-1.175,-12.255,Niedriger Verlust / eher Gewinn,0.409,0.354,0.464
25.141,-1.161,cdu/csu,WP19,10.605,-1.175,-12.457,Niedriger Verlust / eher Gewinn,0.412,0.356,0.467
25.313,-1.161,cdu/csu,WP19,10.777,-1.175,-12.658,Niedriger Verlust / eher Gewinn,0.414,0.358,0.471
25.485,-1.161,cdu/csu,WP19,10.949,-1.175,-12.860,Niedriger Verlust / eher Gewinn,0.417,0.360,0.474
25.657,-1.161,cdu/csu,WP19,11.120,-1.175,-13.062,Niedriger Verlust / eher Gewinn,0.420,0.363,0.478
25.828,-1.161,cdu/csu,WP19,11.292,-1.175,-13.263,Niedriger Verlust / eher Gewinn,0.423,0.365,0.482
26.000,-1.161,cdu/csu,WP19,11.464,-1.175,-13.465,Niedriger Verlust / eher Gewinn,0.426,0.367,0.485
9.000,0.014,cdu/csu,WP19,-5.536,0.000,-0.000,Mittlerer Verlust,0.149,0.123,0.174
9.172,0.014,cdu/csu,WP19,-5.364,0.000,-0.000,Mittlerer Verlust,0.151,0.126,0.176
9.343,0.014,cdu/csu,WP19,-5.193,0.000,-0.000,Mittlerer Verlust,0.153,0.128,0.178
9.515,0.014,cdu/csu,WP19,-5.021,0.000,-0.000,Mittlerer Verlust,0.155,0.131,0.180
9.687,0.014,cdu/csu,WP19,-4.849,0.000,-0.000,Mittlerer Verlust,0.158,0.134,0.182
9.859,0.014,cdu/csu,WP19,-4.678,0.000,-0.000,Mittlerer Verlust,0.160,0.136,0.184
10.030,0.014,cdu/csu,WP19,-4.506,0.000,-0.000,Mittlerer Verlust,0.162,0.139,0.186
10.202,0.014,cdu/csu,WP19,-4.334,0.000,-0.000,Mittlerer Verlust,0.165,0.141,0.188
10.374,0.014,cdu/csu,WP19,-4.162,0.000,-0.000,Mittlerer Verlust,0.167,0.143,0.190
10.545,0.014,cdu/csu,WP19,-3.991,0.000,-0.000,Mittlerer Verlust,0.169,0.146,0.193
10.717,0.014,cdu/csu,WP19,-3.819,0.000,-0.000,Mittlerer Verlust,0.172,0.148,0.195
10.889,0.014,cdu/csu,WP19,-3.647,0.000,-0.000,Mittlerer Verlust,0.174,0.151,0.197
11.061,0.014,cdu/csu,WP19,-3.476,0.000,-0.000,Mittlerer Verlust,0.176,0.153,0.199
11.232,0.014,cdu/csu,WP19,-3.304,0.000,-0.000,Mittlerer Verlust,0.178,0.156,0.201
11.404,0.014,cdu/csu,WP19,-3.132,0.000,-0.000,Mittlerer Verlust,0.181,0.158,0.203
11.576,0.014,cdu/csu,WP19,-2.960,0.000,-0.000,Mittlerer Verlust,0.183,0.160,0.206
11.747,0.014,cdu/csu,WP19,-2.789,0.000,-0.000,Mittlerer Verlust,0.185,0.163,0.208
11.919,0.014,cdu/csu,WP19,-2.617,0.000,-0.000,Mittlerer Verlust,0.188,0.165,0.210
12.091,0.014,cdu/csu,WP19,-2.445,0.000,-0.000,Mittlerer Verlust,0.190,0.168,0.212
12.263,0.014,cdu/csu,WP19,-2.274,0.000,-0.000,Mittlerer Verlust,0.192,0.170,0.215
12.434,0.014,cdu/csu,WP19,-2.102,0.000,-0.000,Mittlerer Verlust,0.195,0.172,0.217
12.606,0.014,cdu/csu,WP19,-1.930,0.000,-0.000,Mittlerer Verlust,0.197,0.174,0.219
12.778,0.014,cdu/csu,WP19,-1.758,0.000,-0.000,Mittlerer Verlust,0.199,0.177,0.221
12.949,0.014,cdu/csu,WP19,-1.587,0.000,-0.000,Mittlerer Verlust,0.201,0.179,0.224
13.121,0.014,cdu/csu,WP19,-1.415,0.000,-0.000,Mittlerer Verlust,0.204,0.181,0.226
13.293,0.014,cdu/csu,WP19,-1.243,0.000,-0.000,Mittlerer Verlust,0.206,0.184,0.228
13.465,0.014,cdu/csu,WP19,-1.072,0.000,-0.000,Mittlerer Verlust,0.208,0.186,0.231
13.636,0.014,cdu/csu,WP19,-0.900,0.000,-0.000,Mittlerer Verlust,0.211,0.188,0.233
13.808,0.014,cdu/csu,WP19,-0.728,0.000,-0.000,Mittlerer Verlust,0.213,0.190,0.236
13.980,0.014,cdu/csu,WP19,-0.556,0.000,-0.000,Mittlerer Verlust,0.215,0.192,0.238
14.152,0.014,cdu/csu,WP19,-0.385,0.000,-0.000,Mittlerer Verlust,0.217,0.195,0.240
14.323,0.014,cdu/csu,WP19,-0.213,0.000,-0.000,Mittlerer Verlust,0.220,0.197,0.243
14.495,0.014,cdu/csu,WP19,-0.041,0.000,-0.000,Mittlerer Verlust,0.222,0.199,0.245
14.667,0.014,cdu/csu,WP19,0.131,0.000,0.000,Mittlerer Verlust,0.224,0.201,0.248
14.838,0.014,cdu/csu,WP19,0.302,0.000,0.000,Mittlerer Verlust,0.227,0.203,0.250
15.010,0.014,cdu/csu,WP19,0.474,0.000,0.000,Mittlerer Verlust,0.229,0.205,0.253
15.182,0.014,cdu/csu,WP19,0.646,0.000,0.000,Mittlerer Verlust,0.231,0.207,0.255
15.354,0.014,cdu/csu,WP19,0.817,0.000,0.000,Mittlerer Verlust,0.234,0.210,0.258
15.525,0.014,cdu/csu,WP19,0.989,0.000,0.000,Mittlerer Verlust,0.236,0.212,0.260
15.697,0.014,cdu/csu,WP19,1.161,0.000,0.000,Mittlerer Verlust,0.238,0.214,0.263
15.869,0.014,cdu/csu,WP19,1.333,0.000,0.000,Mittlerer Verlust,0.240,0.216,0.265
16.040,0.014,cdu/csu,WP19,1.504,0.000,0.000,Mittlerer Verlust,0.243,0.218,0.268
16.212,0.014,cdu/csu,WP19,1.676,0.000,0.000,Mittlerer Verlust,0.245,0.220,0.270
16.384,0.014,cdu/csu,WP19,1.848,0.000,0.000,Mittlerer Verlust,0.247,0.222,0.273
16.556,0.014,cdu/csu,WP19,2.019,0.000,0.000,Mittlerer Verlust,0.250,0.224,0.275
16.727,0.014,cdu/csu,WP19,2.191,0.000,0.000,Mittlerer Verlust,0.252,0.226,0.278
16.899,0.014,cdu/csu,WP19,2.363,0.000,0.000,Mittlerer Verlust,0.254,0.228,0.280
17.071,0.014,cdu/csu,WP19,2.535,0.000,0.000,Mittlerer Verlust,0.256,0.230,0.283
17.242,0.014,cdu/csu,WP19,2.706,0.000,0.000,Mittlerer Verlust,0.259,0.232,0.286
17.414,0.014,cdu/csu,WP19,2.878,0.000,0.000,Mittlerer Verlust,0.261,0.234,0.288
17.586,0.014,cdu/csu,WP19,3.050,0.000,0.000,Mittlerer Verlust,0.263,0.236,0.291
17.758,0.014,cdu/csu,WP19,3.221,0.000,0.000,Mittlerer Verlust,0.266,0.238,0.293
17.929,0.014,cdu/csu,WP19,3.393,0.000,0.000,Mittlerer Verlust,0.268,0.240,0.296
18.101,0.014,cdu/csu,WP19,3.565,0.000,0.000,Mittlerer Verlust,0.270,0.242,0.299
18.273,0.014,cdu/csu,WP19,3.737,0.000,0.000,Mittlerer Verlust,0.273,0.244,0.301
18.444,0.014,cdu/csu,WP19,3.908,0.000,0.000,Mittlerer Verlust,0.275,0.246,0.304
18.616,0.014,cdu/csu,WP19,4.080,0.000,0.000,Mittlerer Verlust,0.277,0.248,0.307
18.788,0.014,cdu/csu,WP19,4.252,0.000,0.000,Mittlerer Verlust,0.279,0.250,0.309
18.960,0.014,cdu/csu,WP19,4.423,0.000,0.000,Mittlerer Verlust,0.282,0.252,0.312
19.131,0.014,cdu/csu,WP19,4.595,0.000,0.000,Mittlerer Verlust,0.284,0.253,0.315
19.303,0.014,cdu/csu,WP19,4.767,0.000,0.000,Mittlerer Verlust,0.286,0.255,0.317
19.475,0.014,cdu/csu,WP19,4.939,0.000,0.000,Mittlerer Verlust,0.289,0.257,0.320
19.646,0.014,cdu/csu,WP19,5.110,0.000,0.000,Mittlerer Verlust,0.291,0.259,0.323
19.818,0.014,cdu/csu,WP19,5.282,0.000,0.000,Mittlerer Verlust,0.293,0.261,0.325
19.990,0.014,cdu/csu,WP19,5.454,0.000,0.000,Mittlerer Verlust,0.296,0.263,0.328
20.162,0.014,cdu/csu,WP19,5.625,0.000,0.000,Mittlerer Verlust,0.298,0.265,0.331
20.333,0.014,cdu/csu,WP19,5.797,0.000,0.000,Mittlerer Verlust,0.300,0.267,0.333
20.505,0.014,cdu/csu,WP19,5.969,0.000,0.000,Mittlerer Verlust,0.302,0.269,0.336
20.677,0.014,cdu/csu,WP19,6.141,0.000,0.000,Mittlerer Verlust,0.305,0.271,0.339
20.848,0.014,cdu/csu,WP19,6.312,0.000,0.000,Mittlerer Verlust,0.307,0.272,0.342
21.020,0.014,cdu/csu,WP19,6.484,0.000,0.000,Mittlerer Verlust,0.309,0.274,0.344
21.192,0.014,cdu/csu,WP19,6.656,0.000,0.000,Mittlerer Verlust,0.312,0.276,0.347
21.364,0.014,cdu/csu,WP19,6.827,0.000,0.000,Mittlerer Verlust,0.314,0.278,0.350
21.535,0.014,cdu/csu,WP19,6.999,0.000,0.000,Mittlerer Verlust,0.316,0.280,0.353
21.707,0.014,cdu/csu,WP19,7.171,0.000,0.000,Mittlerer Verlust,0.318,0.282,0.355
21.879,0.014,cdu/csu,WP19,7.343,0.000,0.000,Mittlerer Verlust,0.321,0.284,0.358
22.051,0.014,cdu/csu,WP19,7.514,0.000,0.000,Mittlerer Verlust,0.323,0.285,0.361
22.222,0.014,cdu/csu,WP19,7.686,0.000,0.000,Mittlerer Verlust,0.325,0.287,0.363
22.394,0.014,cdu/csu,WP19,7.858,0.000,0.000,Mittlerer Verlust,0.328,0.289,0.366
22.566,0.014,cdu/csu,WP19,8.030,0.000,0.000,Mittlerer Verlust,0.330,0.291,0.369
22.737,0.014,cdu/csu,WP19,8.201,0.000,0.000,Mittlerer Verlust,0.332,0.293,0.372
22.909,0.014,cdu/csu,WP19,8.373,0.000,0.000,Mittlerer Verlust,0.335,0.295,0.374
23.081,0.014,cdu/csu,WP19,8.545,0.000,0.000,Mittlerer Verlust,0.337,0.296,0.377
23.253,0.014,cdu/csu,WP19,8.716,0.000,0.000,Mittlerer Verlust,0.339,0.298,0.380
23.424,0.014,cdu/csu,WP19,8.888,0.000,0.000,Mittlerer Verlust,0.341,0.300,0.383
23.596,0.014,cdu/csu,WP19,9.060,0.000,0.000,Mittlerer Verlust,0.344,0.302,0.386
23.768,0.014,cdu/csu,WP19,9.232,0.000,0.000,Mittlerer Verlust,0.346,0.304,0.388
23.939,0.014,cdu/csu,WP19,9.403,0.000,0.000,Mittlerer Verlust,0.348,0.306,0.391
24.111,0.014,cdu/csu,WP19,9.575,0.000,0.000,Mittlerer Verlust,0.351,0.307,0.394
24.283,0.014,cdu/csu,WP19,9.747,0.000,0.000,Mittlerer Verlust,0.353,0.309,0.397
24.455,0.014,cdu/csu,WP19,9.918,0.000,0.000,Mittlerer Verlust,0.355,0.311,0.399
24.626,0.014,cdu/csu,WP19,10.090,0.000,0.000,Mittlerer Verlust,0.357,0.313,0.402
24.798,0.014,cdu/csu,WP19,10.262,0.000,0.000,Mittlerer Verlust,0.360,0.315,0.405
24.970,0.014,cdu/csu,WP19,10.434,0.000,0.000,Mittlerer Verlust,0.362,0.316,0.408
25.141,0.014,cdu/csu,WP19,10.605,0.000,0.000,Mittlerer Verlust,0.364,0.318,0.410
25.313,0.014,cdu/csu,WP19,10.777,0.000,0.000,Mittlerer Verlust,0.367,0.320,0.413
25.485,0.014,cdu/csu,WP19,10.949,0.000,0.000,Mittlerer Verlust,0.369,0.322,0.416
25.657,0.014,cdu/csu,WP19,11.120,0.000,0.000,Mittlerer Verlust,0.371,0.324,0.419
25.828,0.014,cdu/csu,WP19,11.292,0.000,0.000,Mittlerer Verlust,0.374,0.326,0.422
26.000,0.014,cdu/csu,WP19,11.464,0.000,0.000,Mittlerer Verlust,0.376,0.327,0.424
9.000,1.188,cdu/csu,WP19,-5.536,1.175,-6.503,Hoher Verlust,0.162,0.132,0.192
9.172,1.188,cdu/csu,WP19,-5.364,1.175,-6.301,Hoher Verlust,0.164,0.134,0.194
9.343,1.188,cdu/csu,WP19,-5.193,1.175,-6.099,Hoher Verlust,0.166,0.136,0.195
9.515,1.188,cdu/csu,WP19,-5.021,1.175,-5.897,Hoher Verlust,0.167,0.138,0.196
9.687,1.188,cdu/csu,WP19,-4.849,1.175,-5.696,Hoher Verlust,0.169,0.140,0.197
9.859,1.188,cdu/csu,WP19,-4.678,1.175,-5.494,Hoher Verlust,0.171,0.142,0.199
10.030,1.188,cdu/csu,WP19,-4.506,1.175,-5.292,Hoher Verlust,0.172,0.144,0.200
10.202,1.188,cdu/csu,WP19,-4.334,1.175,-5.091,Hoher Verlust,0.174,0.146,0.201
10.374,1.188,cdu/csu,WP19,-4.162,1.175,-4.889,Hoher Verlust,0.176,0.148,0.203
10.545,1.188,cdu/csu,WP19,-3.991,1.175,-4.687,Hoher Verlust,0.177,0.150,0.204
10.717,1.188,cdu/csu,WP19,-3.819,1.175,-4.486,Hoher Verlust,0.179,0.152,0.205
10.889,1.188,cdu/csu,WP19,-3.647,1.175,-4.284,Hoher Verlust,0.180,0.154,0.207
11.061,1.188,cdu/csu,WP19,-3.476,1.175,-4.082,Hoher Verlust,0.182,0.156,0.208
11.232,1.188,cdu/csu,WP19,-3.304,1.175,-3.881,Hoher Verlust,0.184,0.158,0.210
11.404,1.188,cdu/csu,WP19,-3.132,1.175,-3.679,Hoher Verlust,0.185,0.160,0.211
11.576,1.188,cdu/csu,WP19,-2.960,1.175,-3.477,Hoher Verlust,0.187,0.162,0.212
11.747,1.188,cdu/csu,WP19,-2.789,1.175,-3.275,Hoher Verlust,0.189,0.164,0.214
11.919,1.188,cdu/csu,WP19,-2.617,1.175,-3.074,Hoher Verlust,0.190,0.165,0.215
12.091,1.188,cdu/csu,WP19,-2.445,1.175,-2.872,Hoher Verlust,0.192,0.167,0.217
12.263,1.188,cdu/csu,WP19,-2.274,1.175,-2.670,Hoher Verlust,0.194,0.169,0.218
12.434,1.188,cdu/csu,WP19,-2.102,1.175,-2.469,Hoher Verlust,0.195,0.171,0.220
12.606,1.188,cdu/csu,WP19,-1.930,1.175,-2.267,Hoher Verlust,0.197,0.173,0.221
12.778,1.188,cdu/csu,WP19,-1.758,1.175,-2.065,Hoher Verlust,0.199,0.174,0.223
12.949,1.188,cdu/csu,WP19,-1.587,1.175,-1.864,Hoher Verlust,0.200,0.176,0.225
13.121,1.188,cdu/csu,WP19,-1.415,1.175,-1.662,Hoher Verlust,0.202,0.178,0.226
13.293,1.188,cdu/csu,WP19,-1.243,1.175,-1.460,Hoher Verlust,0.204,0.179,0.228
13.465,1.188,cdu/csu,WP19,-1.072,1.175,-1.259,Hoher Verlust,0.205,0.181,0.230
13.636,1.188,cdu/csu,WP19,-0.900,1.175,-1.057,Hoher Verlust,0.207,0.183,0.231
13.808,1.188,cdu/csu,WP19,-0.728,1.175,-0.855,Hoher Verlust,0.208,0.184,0.233
13.980,1.188,cdu/csu,WP19,-0.556,1.175,-0.653,Hoher Verlust,0.210,0.186,0.235
14.152,1.188,cdu/csu,WP19,-0.385,1.175,-0.452,Hoher Verlust,0.212,0.187,0.236
14.323,1.188,cdu/csu,WP19,-0.213,1.175,-0.250,Hoher Verlust,0.213,0.189,0.238
14.495,1.188,cdu/csu,WP19,-0.041,1.175,-0.048,Hoher Verlust,0.215,0.190,0.240
14.667,1.188,cdu/csu,WP19,0.131,1.175,0.153,Hoher Verlust,0.217,0.192,0.242
14.838,1.188,cdu/csu,WP19,0.302,1.175,0.355,Hoher Verlust,0.218,0.193,0.244
15.010,1.188,cdu/csu,WP19,0.474,1.175,0.557,Hoher Verlust,0.220,0.195,0.245
15.182,1.188,cdu/csu,WP19,0.646,1.175,0.758,Hoher Verlust,0.222,0.196,0.247
15.354,1.188,cdu/csu,WP19,0.817,1.175,0.960,Hoher Verlust,0.223,0.198,0.249
15.525,1.188,cdu/csu,WP19,0.989,1.175,1.162,Hoher Verlust,0.225,0.199,0.251
15.697,1.188,cdu/csu,WP19,1.161,1.175,1.363,Hoher Verlust,0.227,0.200,0.253
15.869,1.188,cdu/csu,WP19,1.333,1.175,1.565,Hoher Verlust,0.228,0.202,0.255
16.040,1.188,cdu/csu,WP19,1.504,1.175,1.767,Hoher Verlust,0.230,0.203,0.257
16.212,1.188,cdu/csu,WP19,1.676,1.175,1.969,Hoher Verlust,0.232,0.204,0.259
16.384,1.188,cdu/csu,WP19,1.848,1.175,2.170,Hoher Verlust,0.233,0.206,0.261
16.556,1.188,cdu/csu,WP19,2.019,1.175,2.372,Hoher Verlust,0.235,0.207,0.263
16.727,1.188,cdu/csu,WP19,2.191,1.175,2.574,Hoher Verlust,0.237,0.208,0.265
16.899,1.188,cdu/csu,WP19,2.363,1.175,2.775,Hoher Verlust,0.238,0.210,0.267
17.071,1.188,cdu/csu,WP19,2.535,1.175,2.977,Hoher Verlust,0.240,0.211,0.269
17.242,1.188,cdu/csu,WP19,2.706,1.175,3.179,Hoher Verlust,0.241,0.212,0.271
17.414,1.188,cdu/csu,WP19,2.878,1.175,3.380,Hoher Verlust,0.243,0.213,0.273
17.586,1.188,cdu/csu,WP19,3.050,1.175,3.582,Hoher Verlust,0.245,0.215,0.275
17.758,1.188,cdu/csu,WP19,3.221,1.175,3.784,Hoher Verlust,0.246,0.216,0.277
17.929,1.188,cdu/csu,WP19,3.393,1.175,3.985,Hoher Verlust,0.248,0.217,0.279
18.101,1.188,cdu/csu,WP19,3.565,1.175,4.187,Hoher Verlust,0.250,0.218,0.281
18.273,1.188,cdu/csu,WP19,3.737,1.175,4.389,Hoher Verlust,0.251,0.219,0.283
18.444,1.188,cdu/csu,WP19,3.908,1.175,4.591,Hoher Verlust,0.253,0.220,0.285
18.616,1.188,cdu/csu,WP19,4.080,1.175,4.792,Hoher Verlust,0.255,0.222,0.288
18.788,1.188,cdu/csu,WP19,4.252,1.175,4.994,Hoher Verlust,0.256,0.223,0.290
18.960,1.188,cdu/csu,WP19,4.423,1.175,5.196,Hoher Verlust,0.258,0.224,0.292
19.131,1.188,cdu/csu,WP19,4.595,1.175,5.397,Hoher Verlust,0.260,0.225,0.294
19.303,1.188,cdu/csu,WP19,4.767,1.175,5.599,Hoher Verlust,0.261,0.226,0.296
19.475,1.188,cdu/csu,WP19,4.939,1.175,5.801,Hoher Verlust,0.263,0.227,0.298
19.646,1.188,cdu/csu,WP19,5.110,1.175,6.002,Hoher Verlust,0.265,0.229,0.301
19.818,1.188,cdu/csu,WP19,5.282,1.175,6.204,Hoher Verlust,0.266,0.230,0.303
19.990,1.188,cdu/csu,WP19,5.454,1.175,6.406,Hoher Verlust,0.268,0.231,0.305
20.162,1.188,cdu/csu,WP19,5.625,1.175,6.607,Hoher Verlust,0.269,0.232,0.307
20.333,1.188,cdu/csu,WP19,5.797,1.175,6.809,Hoher Verlust,0.271,0.233,0.309
20.505,1.188,cdu/csu,WP19,5.969,1.175,7.011,Hoher Verlust,0.273,0.234,0.312
20.677,1.188,cdu/csu,WP19,6.141,1.175,7.213,Hoher Verlust,0.274,0.235,0.314
20.848,1.188,cdu/csu,WP19,6.312,1.175,7.414,Hoher Verlust,0.276,0.236,0.316
21.020,1.188,cdu/csu,WP19,6.484,1.175,7.616,Hoher Verlust,0.278,0.237,0.318
21.192,1.188,cdu/csu,WP19,6.656,1.175,7.818,Hoher Verlust,0.279,0.238,0.320
21.364,1.188,cdu/csu,WP19,6.827,1.175,8.019,Hoher Verlust,0.281,0.239,0.323
21.535,1.188,cdu/csu,WP19,6.999,1.175,8.221,Hoher Verlust,0.283,0.240,0.325
21.707,1.188,cdu/csu,WP19,7.171,1.175,8.423,Hoher Verlust,0.284,0.242,0.327
21.879,1.188,cdu/csu,WP19,7.343,1.175,8.624,Hoher Verlust,0.286,0.243,0.329
22.051,1.188,cdu/csu,WP19,7.514,1.175,8.826,Hoher Verlust,0.288,0.244,0.332
22.222,1.188,cdu/csu,WP19,7.686,1.175,9.028,Hoher Verlust,0.289,0.245,0.334
22.394,1.188,cdu/csu,WP19,7.858,1.175,9.229,Hoher Verlust,0.291,0.246,0.336
22.566,1.188,cdu/csu,WP19,8.030,1.175,9.431,Hoher Verlust,0.293,0.247,0.338
22.737,1.188,cdu/csu,WP19,8.201,1.175,9.633,Hoher Verlust,0.294,0.248,0.341
22.909,1.188,cdu/csu,WP19,8.373,1.175,9.835,Hoher Verlust,0.296,0.249,0.343
23.081,1.188,cdu/csu,WP19,8.545,1.175,10.036,Hoher Verlust,0.297,0.250,0.345
23.253,1.188,cdu/csu,WP19,8.716,1.175,10.238,Hoher Verlust,0.299,0.251,0.347
23.424,1.188,cdu/csu,WP19,8.888,1.175,10.440,Hoher Verlust,0.301,0.252,0.350
23.596,1.188,cdu/csu,WP19,9.060,1.175,10.641,Hoher Verlust,0.302,0.253,0.352
23.768,1.188,cdu/csu,WP19,9.232,1.175,10.843,Hoher Verlust,0.304,0.254,0.354
23.939,1.188,cdu/csu,WP19,9.403,1.175,11.045,Hoher Verlust,0.306,0.255,0.356
24.111,1.188,cdu/csu,WP19,9.575,1.175,11.246,Hoher Verlust,0.307,0.256,0.359
24.283,1.188,cdu/csu,WP19,9.747,1.175,11.448,Hoher Verlust,0.309,0.257,0.361
24.455,1.188,cdu/csu,WP19,9.918,1.175,11.650,Hoher Verlust,0.311,0.258,0.363
24.626,1.188,cdu/csu,WP19,10.090,1.175,11.851,Hoher Verlust,0.312,0.259,0.366
24.798,1.188,cdu/csu,WP19,10.262,1.175,12.053,Hoher Verlust,0.314,0.260,0.368
24.970,1.188,cdu/csu,WP19,10.434,1.175,12.255,Hoher Verlust,0.316,0.261,0.370
25.141,1.188,cdu/csu,WP19,10.605,1.175,12.457,Hoher Verlust,0.317,0.262,0.372
25.313,1.188,cdu/csu,WP19,10.777,1.175,12.658,Hoher Verlust,0.319,0.263,0.375
25.485,1.188,cdu/csu,WP19,10.949,1.175,12.860,Hoher Verlust,0.321,0.264,0.377
25.657,1.188,cdu/csu,WP19,11.120,1.175,13.062,Hoher Verlust,0.322,0.265,0.379
25.828,1.188,cdu/csu,WP19,11.292,1.175,13.263,Hoher Verlust,0.324,0.266,0.382
26.000,1.188,cdu/csu,WP19,11.464,1.175,13.465,Hoher Verlust,0.326,0.267,0.384
