afd_support_t,afd_proximity_ordinal,party_clean,wahlperiode_cat,afd_support_c,proximity_c,afd_x_proximity,predicted_populism,ci_95_low,ci_95_high
9.000,0.000,cdu/csu,WP19,-5.563,-1.993,11.088,0.155,0.124,0.186
9.172,0.000,cdu/csu,WP19,-5.391,-1.993,10.746,0.157,0.126,0.187
9.343,0.000,cdu/csu,WP19,-5.219,-1.993,10.404,0.159,0.129,0.189
9.515,0.000,cdu/csu,WP19,-5.048,-1.993,10.061,0.161,0.132,0.190
9.687,0.000,cdu/csu,WP19,-4.876,-1.993,9.719,0.163,0.134,0.192
9.859,0.000,cdu/csu,WP19,-4.704,-1.993,9.377,0.165,0.137,0.193
10.030,0.000,cdu/csu,WP19,-4.533,-1.993,9.035,0.167,0.139,0.195
10.202,0.000,cdu/csu,WP19,-4.361,-1.993,8.692,0.169,0.142,0.197
10.374,0.000,cdu/csu,WP19,-4.189,-1.993,8.350,0.171,0.144,0.198
10.545,0.000,cdu/csu,WP19,-4.017,-1.993,8.008,0.173,0.147,0.200
10.717,0.000,cdu/csu,WP19,-3.846,-1.993,7.665,0.176,0.149,0.202
10.889,0.000,cdu/csu,WP19,-3.674,-1.993,7.323,0.178,0.152,0.203
11.061,0.000,cdu/csu,WP19,-3.502,-1.993,6.981,0.180,0.154,0.205
11.232,0.000,cdu/csu,WP19,-3.331,-1.993,6.639,0.182,0.157,0.207
11.404,0.000,cdu/csu,WP19,-3.159,-1.993,6.296,0.184,0.159,0.209
11.576,0.000,cdu/csu,WP19,-2.987,-1.993,5.954,0.186,0.162,0.211
11.747,0.000,cdu/csu,WP19,-2.815,-1.993,5.612,0.188,0.164,0.212
11.919,0.000,cdu/csu,WP19,-2.644,-1.993,5.270,0.190,0.166,0.214
12.091,0.000,cdu/csu,WP19,-2.472,-1.993,4.927,0.192,0.169,0.216
12.263,0.000,cdu/csu,WP19,-2.300,-1.993,4.585,0.194,0.171,0.218
12.434,0.000,cdu/csu,WP19,-2.129,-1.993,4.243,0.197,0.173,0.220
12.606,0.000,cdu/csu,WP19,-1.957,-1.993,3.900,0.199,0.175,0.222
12.778,0.000,cdu/csu,WP19,-1.785,-1.993,3.558,0.201,0.178,0.224
12.949,0.000,cdu/csu,WP19,-1.613,-1.993,3.216,0.203,0.180,0.226
13.121,0.000,cdu/csu,WP19,-1.442,-1.993,2.874,0.205,0.182,0.228
13.293,0.000,cdu/csu,WP19,-1.270,-1.993,2.531,0.207,0.184,0.230
13.465,0.000,cdu/csu,WP19,-1.098,-1.993,2.189,0.209,0.186,0.232
13.636,0.000,cdu/csu,WP19,-0.927,-1.993,1.847,0.211,0.188,0.234
13.808,0.000,cdu/csu,WP19,-0.755,-1.993,1.505,0.213,0.190,0.236
13.980,0.000,cdu/csu,WP19,-0.583,-1.993,1.162,0.215,0.192,0.238
14.152,0.000,cdu/csu,WP19,-0.411,-1.993,0.820,0.217,0.194,0.240
14.323,0.000,cdu/csu,WP19,-0.240,-1.993,0.478,0.220,0.196,0.243
14.495,0.000,cdu/csu,WP19,-0.068,-1.993,0.135,0.222,0.198,0.245
14.667,0.000,cdu/csu,WP19,0.104,-1.993,-0.207,0.224,0.200,0.247
14.838,0.000,cdu/csu,WP19,0.275,-1.993,-0.549,0.226,0.202,0.249
15.010,0.000,cdu/csu,WP19,0.447,-1.993,-0.891,0.228,0.204,0.252
15.182,0.000,cdu/csu,WP19,0.619,-1.993,-1.234,0.230,0.206,0.254
15.354,0.000,cdu/csu,WP19,0.791,-1.993,-1.576,0.232,0.208,0.256
15.525,0.000,cdu/csu,WP19,0.962,-1.993,-1.918,0.234,0.210,0.259
15.697,0.000,cdu/csu,WP19,1.134,-1.993,-2.260,0.236,0.211,0.261
15.869,0.000,cdu/csu,WP19,1.306,-1.993,-2.603,0.238,0.213,0.264
16.040,0.000,cdu/csu,WP19,1.477,-1.993,-2.945,0.240,0.215,0.266
16.212,0.000,cdu/csu,WP19,1.649,-1.993,-3.287,0.243,0.217,0.269
16.384,0.000,cdu/csu,WP19,1.821,-1.993,-3.630,0.245,0.218,0.271
16.556,0.000,cdu/csu,WP19,1.993,-1.993,-3.972,0.247,0.220,0.274
16.727,0.000,cdu/csu,WP19,2.164,-1.993,-4.314,0.249,0.222,0.276
16.899,0.000,cdu/csu,WP19,2.336,-1.993,-4.656,0.251,0.223,0.279
17.071,0.000,cdu/csu,WP19,2.508,-1.993,-4.999,0.253,0.225,0.281
17.242,0.000,cdu/csu,WP19,2.680,-1.993,-5.341,0.255,0.227,0.284
17.414,0.000,cdu/csu,WP19,2.851,-1.993,-5.683,0.257,0.228,0.286
17.586,0.000,cdu/csu,WP19,3.023,-1.993,-6.025,0.259,0.230,0.289
17.758,0.000,cdu/csu,WP19,3.195,-1.993,-6.368,0.261,0.231,0.292
17.929,0.000,cdu/csu,WP19,3.366,-1.993,-6.710,0.263,0.233,0.294
18.101,0.000,cdu/csu,WP19,3.538,-1.993,-7.052,0.266,0.234,0.297
18.273,0.000,cdu/csu,WP19,3.710,-1.993,-7.395,0.268,0.236,0.299
18.444,0.000,cdu/csu,WP19,3.882,-1.993,-7.737,0.270,0.237,0.302
18.616,0.000,cdu/csu,WP19,4.053,-1.993,-8.079,0.272,0.239,0.305
18.788,0.000,cdu/csu,WP19,4.225,-1.993,-8.421,0.274,0.241,0.307
18.960,0.000,cdu/csu,WP19,4.397,-1.993,-8.764,0.276,0.242,0.310
19.131,0.000,cdu/csu,WP19,4.568,-1.993,-9.106,0.278,0.244,0.313
19.303,0.000,cdu/csu,WP19,4.740,-1.993,-9.448,0.280,0.245,0.315
19.475,0.000,cdu/csu,WP19,4.912,-1.993,-9.790,0.282,0.247,0.318
19.646,0.000,cdu/csu,WP19,5.084,-1.993,-10.133,0.284,0.248,0.321
19.818,0.000,cdu/csu,WP19,5.255,-1.993,-10.475,0.287,0.249,0.324
19.990,0.000,cdu/csu,WP19,5.427,-1.993,-10.817,0.289,0.251,0.326
20.162,0.000,cdu/csu,WP19,5.599,-1.993,-11.160,0.291,0.252,0.329
20.333,0.000,cdu/csu,WP19,5.770,-1.993,-11.502,0.293,0.254,0.332
20.505,0.000,cdu/csu,WP19,5.942,-1.993,-11.844,0.295,0.255,0.335
20.677,0.000,cdu/csu,WP19,6.114,-1.993,-12.186,0.297,0.257,0.337
20.848,0.000,cdu/csu,WP19,6.286,-1.993,-12.529,0.299,0.258,0.340
21.020,0.000,cdu/csu,WP19,6.457,-1.993,-12.871,0.301,0.260,0.343
21.192,0.000,cdu/csu,WP19,6.629,-1.993,-13.213,0.303,0.261,0.346
21.364,0.000,cdu/csu,WP19,6.801,-1.993,-13.555,0.305,0.262,0.348
21.535,0.000,cdu/csu,WP19,6.972,-1.993,-13.898,0.307,0.264,0.351
21.707,0.000,cdu/csu,WP19,7.144,-1.993,-14.240,0.310,0.265,0.354
21.879,0.000,cdu/csu,WP19,7.316,-1.993,-14.582,0.312,0.267,0.357
22.051,0.000,cdu/csu,WP19,7.488,-1.993,-14.925,0.314,0.268,0.359
22.222,0.000,cdu/csu,WP19,7.659,-1.993,-15.267,0.316,0.269,0.362
22.394,0.000,cdu/csu,WP19,7.831,-1.993,-15.609,0.318,0.271,0.365
22.566,0.000,cdu/csu,WP19,8.003,-1.993,-15.951,0.320,0.272,0.368
22.737,0.000,cdu/csu,WP19,8.174,-1.993,-16.294,0.322,0.274,0.371
22.909,0.000,cdu/csu,WP19,8.346,-1.993,-16.636,0.324,0.275,0.373
23.081,0.000,cdu/csu,WP19,8.518,-1.993,-16.978,0.326,0.276,0.376
23.253,0.000,cdu/csu,WP19,8.690,-1.993,-17.320,0.328,0.278,0.379
23.424,0.000,cdu/csu,WP19,8.861,-1.993,-17.663,0.330,0.279,0.382
23.596,0.000,cdu/csu,WP19,9.033,-1.993,-18.005,0.333,0.281,0.385
23.768,0.000,cdu/csu,WP19,9.205,-1.993,-18.347,0.335,0.282,0.387
23.939,0.000,cdu/csu,WP19,9.376,-1.993,-18.690,0.337,0.283,0.390
24.111,0.000,cdu/csu,WP19,9.548,-1.993,-19.032,0.339,0.285,0.393
24.283,0.000,cdu/csu,WP19,9.720,-1.993,-19.374,0.341,0.286,0.396
24.455,0.000,cdu/csu,WP19,9.892,-1.993,-19.716,0.343,0.287,0.399
24.626,0.000,cdu/csu,WP19,10.063,-1.993,-20.059,0.345,0.289,0.402
24.798,0.000,cdu/csu,WP19,10.235,-1.993,-20.401,0.347,0.290,0.404
24.970,0.000,cdu/csu,WP19,10.407,-1.993,-20.743,0.349,0.292,0.407
25.141,0.000,cdu/csu,WP19,10.578,-1.993,-21.085,0.351,0.293,0.410
25.313,0.000,cdu/csu,WP19,10.750,-1.993,-21.428,0.354,0.294,0.413
25.485,0.000,cdu/csu,WP19,10.922,-1.993,-21.770,0.356,0.296,0.416
25.657,0.000,cdu/csu,WP19,11.094,-1.993,-22.112,0.358,0.297,0.418
25.828,0.000,cdu/csu,WP19,11.265,-1.993,-22.454,0.360,0.298,0.421
26.000,0.000,cdu/csu,WP19,11.437,-1.993,-22.797,0.362,0.300,0.424
9.000,1.000,cdu/csu,WP19,-5.563,-0.993,5.525,0.152,0.125,0.179
9.172,1.000,cdu/csu,WP19,-5.391,-0.993,5.355,0.154,0.128,0.181
9.343,1.000,cdu/csu,WP19,-5.219,-0.993,5.184,0.156,0.130,0.182
9.515,1.000,cdu/csu,WP19,-5.048,-0.993,5.014,0.158,0.133,0.184
9.687,1.000,cdu/csu,WP19,-4.876,-0.993,4.843,0.161,0.135,0.186
9.859,1.000,cdu/csu,WP19,-4.704,-0.993,4.673,0.163,0.138,0.188
10.030,1.000,cdu/csu,WP19,-4.533,-0.993,4.502,0.165,0.140,0.190
10.202,1.000,cdu/csu,WP19,-4.361,-0.993,4.331,0.167,0.142,0.192
10.374,1.000,cdu/csu,WP19,-4.189,-0.993,4.161,0.169,0.145,0.194
10.545,1.000,cdu/csu,WP19,-4.017,-0.993,3.990,0.172,0.147,0.196
10.717,1.000,cdu/csu,WP19,-3.846,-0.993,3.820,0.174,0.150,0.198
10.889,1.000,cdu/csu,WP19,-3.674,-0.993,3.649,0.176,0.152,0.200
11.061,1.000,cdu/csu,WP19,-3.502,-0.993,3.479,0.178,0.154,0.202
11.232,1.000,cdu/csu,WP19,-3.331,-0.993,3.308,0.180,0.157,0.204
11.404,1.000,cdu/csu,WP19,-3.159,-0.993,3.138,0.182,0.159,0.206
11.576,1.000,cdu/csu,WP19,-2.987,-0.993,2.967,0.185,0.161,0.208
11.747,1.000,cdu/csu,WP19,-2.815,-0.993,2.796,0.187,0.164,0.210
11.919,1.000,cdu/csu,WP19,-2.644,-0.993,2.626,0.189,0.166,0.212
12.091,1.000,cdu/csu,WP19,-2.472,-0.993,2.455,0.191,0.168,0.214
12.263,1.000,cdu/csu,WP19,-2.300,-0.993,2.285,0.193,0.171,0.216
12.434,1.000,cdu/csu,WP19,-2.129,-0.993,2.114,0.195,0.173,0.218
12.606,1.000,cdu/csu,WP19,-1.957,-0.993,1.944,0.198,0.175,0.220
12.778,1.000,cdu/csu,WP19,-1.785,-0.993,1.773,0.200,0.177,0.222
12.949,1.000,cdu/csu,WP19,-1.613,-0.993,1.603,0.202,0.179,0.225
13.121,1.000,cdu/csu,WP19,-1.442,-0.993,1.432,0.204,0.182,0.227
13.293,1.000,cdu/csu,WP19,-1.270,-0.993,1.261,0.206,0.184,0.229
13.465,1.000,cdu/csu,WP19,-1.098,-0.993,1.091,0.209,0.186,0.231
13.636,1.000,cdu/csu,WP19,-0.927,-0.993,0.920,0.211,0.188,0.233
13.808,1.000,cdu/csu,WP19,-0.755,-0.993,0.750,0.213,0.190,0.236
13.980,1.000,cdu/csu,WP19,-0.583,-0.993,0.579,0.215,0.192,0.238
14.152,1.000,cdu/csu,WP19,-0.411,-0.993,0.409,0.217,0.194,0.240
14.323,1.000,cdu/csu,WP19,-0.240,-0.993,0.238,0.219,0.196,0.243
14.495,1.000,cdu/csu,WP19,-0.068,-0.993,0.068,0.222,0.198,0.245
14.667,1.000,cdu/csu,WP19,0.104,-0.993,-0.103,0.224,0.200,0.247
14.838,1.000,cdu/csu,WP19,0.275,-0.993,-0.274,0.226,0.202,0.250
15.010,1.000,cdu/csu,WP19,0.447,-0.993,-0.444,0.228,0.204,0.252
15.182,1.000,cdu/csu,WP19,0.619,-0.993,-0.615,0.230,0.206,0.254
15.354,1.000,cdu/csu,WP19,0.791,-0.993,-0.785,0.232,0.208,0.257
15.525,1.000,cdu/csu,WP19,0.962,-0.993,-0.956,0.235,0.210,0.259
15.697,1.000,cdu/csu,WP19,1.134,-0.993,-1.126,0.237,0.212,0.262
15.869,1.000,cdu/csu,WP19,1.306,-0.993,-1.297,0.239,0.214,0.264
16.040,1.000,cdu/csu,WP19,1.477,-0.993,-1.467,0.241,0.216,0.266
16.212,1.000,cdu/csu,WP19,1.649,-0.993,-1.638,0.243,0.218,0.269
16.384,1.000,cdu/csu,WP19,1.821,-0.993,-1.809,0.246,0.220,0.271
16.556,1.000,cdu/csu,WP19,1.993,-0.993,-1.979,0.248,0.222,0.274
16.727,1.000,cdu/csu,WP19,2.164,-0.993,-2.150,0.250,0.223,0.276
16.899,1.000,cdu/csu,WP19,2.336,-0.993,-2.320,0.252,0.225,0.279
17.071,1.000,cdu/csu,WP19,2.508,-0.993,-2.491,0.254,0.227,0.281
17.242,1.000,cdu/csu,WP19,2.680,-0.993,-2.661,0.256,0.229,0.284
17.414,1.000,cdu/csu,WP19,2.851,-0.993,-2.832,0.259,0.231,0.286
17.586,1.000,cdu/csu,WP19,3.023,-0.993,-3.002,0.261,0.233,0.289
17.758,1.000,cdu/csu,WP19,3.195,-0.993,-3.173,0.263,0.234,0.292
17.929,1.000,cdu/csu,WP19,3.366,-0.993,-3.344,0.265,0.236,0.294
18.101,1.000,cdu/csu,WP19,3.538,-0.993,-3.514,0.267,0.238,0.297
18.273,1.000,cdu/csu,WP19,3.710,-0.993,-3.685,0.270,0.240,0.299
18.444,1.000,cdu/csu,WP19,3.882,-0.993,-3.855,0.272,0.242,0.302
18.616,1.000,cdu/csu,WP19,4.053,-0.993,-4.026,0.274,0.243,0.304
18.788,1.000,cdu/csu,WP19,4.225,-0.993,-4.196,0.276,0.245,0.307
18.960,1.000,cdu/csu,WP19,4.397,-0.993,-4.367,0.278,0.247,0.310
19.131,1.000,cdu/csu,WP19,4.568,-0.993,-4.537,0.280,0.249,0.312
19.303,1.000,cdu/csu,WP19,4.740,-0.993,-4.708,0.283,0.250,0.315
19.475,1.000,cdu/csu,WP19,4.912,-0.993,-4.879,0.285,0.252,0.318
19.646,1.000,cdu/csu,WP19,5.084,-0.993,-5.049,0.287,0.254,0.320
19.818,1.000,cdu/csu,WP19,5.255,-0.993,-5.220,0.289,0.255,0.323
19.990,1.000,cdu/csu,WP19,5.427,-0.993,-5.390,0.291,0.257,0.325
20.162,1.000,cdu/csu,WP19,5.599,-0.993,-5.561,0.293,0.259,0.328
20.333,1.000,cdu/csu,WP19,5.770,-0.993,-5.731,0.296,0.261,0.331
20.505,1.000,cdu/csu,WP19,5.942,-0.993,-5.902,0.298,0.262,0.333
20.677,1.000,cdu/csu,WP19,6.114,-0.993,-6.072,0.300,0.264,0.336
20.848,1.000,cdu/csu,WP19,6.286,-0.993,-6.243,0.302,0.266,0.339
21.020,1.000,cdu/csu,WP19,6.457,-0.993,-6.414,0.304,0.267,0.341
21.192,1.000,cdu/csu,WP19,6.629,-0.993,-6.584,0.307,0.269,0.344
21.364,1.000,cdu/csu,WP19,6.801,-0.993,-6.755,0.309,0.271,0.347
21.535,1.000,cdu/csu,WP19,6.972,-0.993,-6.925,0.311,0.272,0.349
21.707,1.000,cdu/csu,WP19,7.144,-0.993,-7.096,0.313,0.274,0.352
21.879,1.000,cdu/csu,WP19,7.316,-0.993,-7.266,0.315,0.276,0.355
22.051,1.000,cdu/csu,WP19,7.488,-0.993,-7.437,0.317,0.277,0.358
22.222,1.000,cdu/csu,WP19,7.659,-0.993,-7.607,0.320,0.279,0.360
22.394,1.000,cdu/csu,WP19,7.831,-0.993,-7.778,0.322,0.281,0.363
22.566,1.000,cdu/csu,WP19,8.003,-0.993,-7.949,0.324,0.282,0.366
22.737,1.000,cdu/csu,WP19,8.174,-0.993,-8.119,0.326,0.284,0.368
22.909,1.000,cdu/csu,WP19,8.346,-0.993,-8.290,0.328,0.286,0.371
23.081,1.000,cdu/csu,WP19,8.518,-0.993,-8.460,0.330,0.287,0.374
23.253,1.000,cdu/csu,WP19,8.690,-0.993,-8.631,0.333,0.289,0.376
23.424,1.000,cdu/csu,WP19,8.861,-0.993,-8.801,0.335,0.290,0.379
23.596,1.000,cdu/csu,WP19,9.033,-0.993,-8.972,0.337,0.292,0.382
23.768,1.000,cdu/csu,WP19,9.205,-0.993,-9.142,0.339,0.294,0.385
23.939,1.000,cdu/csu,WP19,9.376,-0.993,-9.313,0.341,0.295,0.387
24.111,1.000,cdu/csu,WP19,9.548,-0.993,-9.484,0.344,0.297,0.390
24.283,1.000,cdu/csu,WP19,9.720,-0.993,-9.654,0.346,0.299,0.393
24.455,1.000,cdu/csu,WP19,9.892,-0.993,-9.825,0.348,0.300,0.396
24.626,1.000,cdu/csu,WP19,10.063,-0.993,-9.995,0.350,0.302,0.398
24.798,1.000,cdu/csu,WP19,10.235,-0.993,-10.166,0.352,0.304,0.401
24.970,1.000,cdu/csu,WP19,10.407,-0.993,-10.336,0.354,0.305,0.404
25.141,1.000,cdu/csu,WP19,10.578,-0.993,-10.507,0.357,0.307,0.406
25.313,1.000,cdu/csu,WP19,10.750,-0.993,-10.677,0.359,0.308,0.409
25.485,1.000,cdu/csu,WP19,10.922,-0.993,-10.848,0.361,0.310,0.412
25.657,1.000,cdu/csu,WP19,11.094,-0.993,-11.019,0.363,0.312,0.415
25.828,1.000,cdu/csu,WP19,11.265,-0.993,-11.189,0.365,0.313,0.417
26.000,1.000,cdu/csu,WP19,11.437,-0.993,-11.360,0.368,0.315,0.420
9.000,2.000,cdu/csu,WP19,-5.563,0.007,-0.038,0.149,0.124,0.175
9.172,2.000,cdu/csu,WP19,-5.391,0.007,-0.036,0.151,0.126,0.177
9.343,2.000,cdu/csu,WP19,-5.219,0.007,-0.035,0.154,0.129,0.179
9.515,2.000,cdu/csu,WP19,-5.048,0.007,-0.034,0.156,0.131,0.181
9.687,2.000,cdu/csu,WP19,-4.876,0.007,-0.033,0.158,0.134,0.183
9.859,2.000,cdu/csu,WP19,-4.704,0.007,-0.032,0.160,0.136,0.185
10.030,2.000,cdu/csu,WP19,-4.533,0.007,-0.031,0.163,0.139,0.187
10.202,2.000,cdu/csu,WP19,-4.361,0.007,-0.030,0.165,0.141,0.189
10.374,2.000,cdu/csu,WP19,-4.189,0.007,-0.028,0.167,0.144,0.191
10.545,2.000,cdu/csu,WP19,-4.017,0.007,-0.027,0.170,0.146,0.193
10.717,2.000,cdu/csu,WP19,-3.846,0.007,-0.026,0.172,0.149,0.195
10.889,2.000,cdu/csu,WP19,-3.674,0.007,-0.025,0.174,0.151,0.197
11.061,2.000,cdu/csu,WP19,-3.502,0.007,-0.024,0.176,0.153,0.199
11.232,2.000,cdu/csu,WP19,-3.331,0.007,-0.023,0.179,0.156,0.201
11.404,2.000,cdu/csu,WP19,-3.159,0.007,-0.021,0.181,0.158,0.204
11.576,2.000,cdu/csu,WP19,-2.987,0.007,-0.020,0.183,0.160,0.206
11.747,2.000,cdu/csu,WP19,-2.815,0.007,-0.019,0.185,0.163,0.208
11.919,2.000,cdu/csu,WP19,-2.644,0.007,-0.018,0.188,0.165,0.210
12.091,2.000,cdu/csu,WP19,-2.472,0.007,-0.017,0.190,0.167,0.212
12.263,2.000,cdu/csu,WP19,-2.300,0.007,-0.016,0.192,0.170,0.215
12.434,2.000,cdu/csu,WP19,-2.129,0.007,-0.014,0.194,0.172,0.217
12.606,2.000,cdu/csu,WP19,-1.957,0.007,-0.013,0.197,0.174,0.219
12.778,2.000,cdu/csu,WP19,-1.785,0.007,-0.012,0.199,0.176,0.221
12.949,2.000,cdu/csu,WP19,-1.613,0.007,-0.011,0.201,0.179,0.224
13.121,2.000,cdu/csu,WP19,-1.442,0.007,-0.010,0.203,0.181,0.226
13.293,2.000,cdu/csu,WP19,-1.270,0.007,-0.009,0.206,0.183,0.228
13.465,2.000,cdu/csu,WP19,-1.098,0.007,-0.007,0.208,0.185,0.231
13.636,2.000,cdu/csu,WP19,-0.927,0.007,-0.006,0.210,0.188,0.233
13.808,2.000,cdu/csu,WP19,-0.755,0.007,-0.005,0.213,0.190,0.235
13.980,2.000,cdu/csu,WP19,-0.583,0.007,-0.004,0.215,0.192,0.238
14.152,2.000,cdu/csu,WP19,-0.411,0.007,-0.003,0.217,0.194,0.240
14.323,2.000,cdu/csu,WP19,-0.240,0.007,-0.002,0.219,0.196,0.242
14.495,2.000,cdu/csu,WP19,-0.068,0.007,-0.000,0.222,0.198,0.245
14.667,2.000,cdu/csu,WP19,0.104,0.007,0.001,0.224,0.200,0.247
14.838,2.000,cdu/csu,WP19,0.275,0.007,0.002,0.226,0.203,0.250
15.010,2.000,cdu/csu,WP19,0.447,0.007,0.003,0.228,0.205,0.252
15.182,2.000,cdu/csu,WP19,0.619,0.007,0.004,0.231,0.207,0.255
15.354,2.000,cdu/csu,WP19,0.791,0.007,0.005,0.233,0.209,0.257
15.525,2.000,cdu/csu,WP19,0.962,0.007,0.007,0.235,0.211,0.259
15.697,2.000,cdu/csu,WP19,1.134,0.007,0.008,0.237,0.213,0.262
15.869,2.000,cdu/csu,WP19,1.306,0.007,0.009,0.240,0.215,0.264
16.040,2.000,cdu/csu,WP19,1.477,0.007,0.010,0.242,0.217,0.267
16.212,2.000,cdu/csu,WP19,1.649,0.007,0.011,0.244,0.219,0.269
16.384,2.000,cdu/csu,WP19,1.821,0.007,0.012,0.246,0.221,0.272
16.556,2.000,cdu/csu,WP19,1.993,0.007,0.013,0.249,0.223,0.274
16.727,2.000,cdu/csu,WP19,2.164,0.007,0.015,0.251,0.225,0.277
16.899,2.000,cdu/csu,WP19,2.336,0.007,0.016,0.253,0.227,0.280
17.071,2.000,cdu/csu,WP19,2.508,0.007,0.017,0.255,0.229,0.282
17.242,2.000,cdu/csu,WP19,2.680,0.007,0.018,0.258,0.231,0.285
17.414,2.000,cdu/csu,WP19,2.851,0.007,0.019,0.260,0.233,0.287
17.586,2.000,cdu/csu,WP19,3.023,0.007,0.020,0.262,0.235,0.290
17.758,2.000,cdu/csu,WP19,3.195,0.007,0.022,0.265,0.237,0.292
17.929,2.000,cdu/csu,WP19,3.366,0.007,0.023,0.267,0.239,0.295
18.101,2.000,cdu/csu,WP19,3.538,0.007,0.024,0.269,0.240,0.298
18.273,2.000,cdu/csu,WP19,3.710,0.007,0.025,0.271,0.242,0.300
18.444,2.000,cdu/csu,WP19,3.882,0.007,0.026,0.274,0.244,0.303
18.616,2.000,cdu/csu,WP19,4.053,0.007,0.027,0.276,0.246,0.305
18.788,2.000,cdu/csu,WP19,4.225,0.007,0.029,0.278,0.248,0.308
18.960,2.000,cdu/csu,WP19,4.397,0.007,0.030,0.280,0.250,0.311
19.131,2.000,cdu/csu,WP19,4.568,0.007,0.031,0.283,0.252,0.313
19.303,2.000,cdu/csu,WP19,4.740,0.007,0.032,0.285,0.254,0.316
19.475,2.000,cdu/csu,WP19,4.912,0.007,0.033,0.287,0.256,0.319
19.646,2.000,cdu/csu,WP19,5.084,0.007,0.034,0.289,0.257,0.321
19.818,2.000,cdu/csu,WP19,5.255,0.007,0.036,0.292,0.259,0.324
19.990,2.000,cdu/csu,WP19,5.427,0.007,0.037,0.294,0.261,0.327
20.162,2.000,cdu/csu,WP19,5.599,0.007,0.038,0.296,0.263,0.329
20.333,2.000,cdu/csu,WP19,5.770,0.007,0.039,0.298,0.265,0.332
20.505,2.000,cdu/csu,WP19,5.942,0.007,0.040,0.301,0.267,0.335
20.677,2.000,cdu/csu,WP19,6.114,0.007,0.041,0.303,0.269,0.337
20.848,2.000,cdu/csu,WP19,6.286,0.007,0.043,0.305,0.270,0.340
21.020,2.000,cdu/csu,WP19,6.457,0.007,0.044,0.308,0.272,0.343
21.192,2.000,cdu/csu,WP19,6.629,0.007,0.045,0.310,0.274,0.345
21.364,2.000,cdu/csu,WP19,6.801,0.007,0.046,0.312,0.276,0.348
21.535,2.000,cdu/csu,WP19,6.972,0.007,0.047,0.314,0.278,0.351
21.707,2.000,cdu/csu,WP19,7.144,0.007,0.048,0.317,0.280,0.354
21.879,2.000,cdu/csu,WP19,7.316,0.007,0.049,0.319,0.281,0.356
22.051,2.000,cdu/csu,WP19,7.488,0.007,0.051,0.321,0.283,0.359
22.222,2.000,cdu/csu,WP19,7.659,0.007,0.052,0.323,0.285,0.362
22.394,2.000,cdu/csu,WP19,7.831,0.007,0.053,0.326,0.287,0.364
22.566,2.000,cdu/csu,WP19,8.003,0.007,0.054,0.328,0.289,0.367
22.737,2.000,cdu/csu,WP19,8.174,0.007,0.055,0.330,0.290,0.370
22.909,2.000,cdu/csu,WP19,8.346,0.007,0.056,0.332,0.292,0.373
23.081,2.000,cdu/csu,WP19,8.518,0.007,0.058,0.335,0.294,0.375
23.253,2.000,cdu/csu,WP19,8.690,0.007,0.059,0.337,0.296,0.378
23.424,2.000,cdu/csu,WP19,8.861,0.007,0.060,0.339,0.298,0.381
23.596,2.000,cdu/csu,WP19,9.033,0.007,0.061,0.341,0.299,0.383
23.768,2.000,cdu/csu,WP19,9.205,0.007,0.062,0.344,0.301,0.386
23.939,2.000,cdu/csu,WP19,9.376,0.007,0.063,0.346,0.303,0.389
24.111,2.000,cdu/csu,WP19,9.548,0.007,0.065,0.348,0.305,0.392
24.283,2.000,cdu/csu,WP19,9.720,0.007,0.066,0.350,0.307,0.394
24.455,2.000,cdu/csu,WP19,9.892,0.007,0.067,0.353,0.308,0.397
24.626,2.000,cdu/csu,WP19,10.063,0.007,0.068,0.355,0.310,0.400
24.798,2.000,cdu/csu,WP19,10.235,0.007,0.069,0.357,0.312,0.403
24.970,2.000,cdu/csu,WP19,10.407,0.007,0.070,0.360,0.314,0.405
25.141,2.000,cdu/csu,WP19,10.578,0.007,0.072,0.362,0.315,0.408
25.313,2.000,cdu/csu,WP19,10.750,0.007,0.073,0.364,0.317,0.411
25.485,2.000,cdu/csu,WP19,10.922,0.007,0.074,0.366,0.319,0.414
25.657,2.000,cdu/csu,WP19,11.094,0.007,0.075,0.369,0.321,0.416
25.828,2.000,cdu/csu,WP19,11.265,0.007,0.076,0.371,0.323,0.419
26.000,2.000,cdu/csu,WP19,11.437,0.007,0.077,0.373,0.324,0.422
9.000,3.000,cdu/csu,WP19,-5.563,1.007,-5.601,0.146,0.119,0.174
9.172,3.000,cdu/csu,WP19,-5.391,1.007,-5.428,0.149,0.122,0.176
9.343,3.000,cdu/csu,WP19,-5.219,1.007,-5.255,0.151,0.125,0.178
9.515,3.000,cdu/csu,WP19,-5.048,1.007,-5.082,0.153,0.127,0.180
9.687,3.000,cdu/csu,WP19,-4.876,1.007,-4.909,0.156,0.130,0.182
9.859,3.000,cdu/csu,WP19,-4.704,1.007,-4.736,0.158,0.133,0.184
10.030,3.000,cdu/csu,WP19,-4.533,1.007,-4.563,0.161,0.135,0.186
10.202,3.000,cdu/csu,WP19,-4.361,1.007,-4.390,0.163,0.138,0.188
10.374,3.000,cdu/csu,WP19,-4.189,1.007,-4.218,0.165,0.140,0.190
10.545,3.000,cdu/csu,WP19,-4.017,1.007,-4.045,0.168,0.143,0.192
10.717,3.000,cdu/csu,WP19,-3.846,1.007,-3.872,0.170,0.146,0.194
10.889,3.000,cdu/csu,WP19,-3.674,1.007,-3.699,0.172,0.148,0.196
11.061,3.000,cdu/csu,WP19,-3.502,1.007,-3.526,0.175,0.151,0.198
11.232,3.000,cdu/csu,WP19,-3.331,1.007,-3.353,0.177,0.153,0.201
11.404,3.000,cdu/csu,WP19,-3.159,1.007,-3.180,0.179,0.156,0.203
11.576,3.000,cdu/csu,WP19,-2.987,1.007,-3.007,0.182,0.158,0.205
11.747,3.000,cdu/csu,WP19,-2.815,1.007,-2.834,0.184,0.161,0.207
11.919,3.000,cdu/csu,WP19,-2.644,1.007,-2.662,0.186,0.163,0.209
12.091,3.000,cdu/csu,WP19,-2.472,1.007,-2.489,0.189,0.166,0.212
12.263,3.000,cdu/csu,WP19,-2.300,1.007,-2.316,0.191,0.168,0.214
12.434,3.000,cdu/csu,WP19,-2.129,1.007,-2.143,0.193,0.171,0.216
12.606,3.000,cdu/csu,WP19,-1.957,1.007,-1.970,0.196,0.173,0.218
12.778,3.000,cdu/csu,WP19,-1.785,1.007,-1.797,0.198,0.175,0.221
12.949,3.000,cdu/csu,WP19,-1.613,1.007,-1.624,0.200,0.178,0.223
13.121,3.000,cdu/csu,WP19,-1.442,1.007,-1.451,0.203,0.180,0.225
13.293,3.000,cdu/csu,WP19,-1.270,1.007,-1.279,0.205,0.182,0.228
13.465,3.000,cdu/csu,WP19,-1.098,1.007,-1.106,0.207,0.185,0.230
13.636,3.000,cdu/csu,WP19,-0.927,1.007,-0.933,0.210,0.187,0.233
13.808,3.000,cdu/csu,WP19,-0.755,1.007,-0.760,0.212,0.189,0.235
13.980,3.000,cdu/csu,WP19,-0.583,1.007,-0.587,0.214,0.192,0.237
14.152,3.000,cdu/csu,WP19,-0.411,1.007,-0.414,0.217,0.194,0.240
14.323,3.000,cdu/csu,WP19,-0.240,1.007,-0.241,0.219,0.196,0.242
14.495,3.000,cdu/csu,WP19,-0.068,1.007,-0.068,0.222,0.198,0.245
14.667,3.000,cdu/csu,WP19,0.104,1.007,0.104,0.224,0.200,0.247
14.838,3.000,cdu/csu,WP19,0.275,1.007,0.277,0.226,0.203,0.250
15.010,3.000,cdu/csu,WP19,0.447,1.007,0.450,0.229,0.205,0.252
15.182,3.000,cdu/csu,WP19,0.619,1.007,0.623,0.231,0.207,0.255
15.354,3.000,cdu/csu,WP19,0.791,1.007,0.796,0.233,0.209,0.257
15.525,3.000,cdu/csu,WP19,0.962,1.007,0.969,0.236,0.211,0.260
15.697,3.000,cdu/csu,WP19,1.134,1.007,1.142,0.238,0.213,0.262
15.869,3.000,cdu/csu,WP19,1.306,1.007,1.315,0.240,0.216,0.265
16.040,3.000,cdu/csu,WP19,1.477,1.007,1.487,0.243,0.218,0.268
16.212,3.000,cdu/csu,WP19,1.649,1.007,1.660,0.245,0.220,0.270
16.384,3.000,cdu/csu,WP19,1.821,1.007,1.833,0.247,0.222,0.273
16.556,3.000,cdu/csu,WP19,1.993,1.007,2.006,0.250,0.224,0.276
16.727,3.000,cdu/csu,WP19,2.164,1.007,2.179,0.252,0.226,0.278
16.899,3.000,cdu/csu,WP19,2.336,1.007,2.352,0.254,0.228,0.281
17.071,3.000,cdu/csu,WP19,2.508,1.007,2.525,0.257,0.230,0.284
17.242,3.000,cdu/csu,WP19,2.680,1.007,2.698,0.259,0.232,0.286
17.414,3.000,cdu/csu,WP19,2.851,1.007,2.871,0.261,0.234,0.289
17.586,3.000,cdu/csu,WP19,3.023,1.007,3.043,0.264,0.236,0.292
17.758,3.000,cdu/csu,WP19,3.195,1.007,3.216,0.266,0.238,0.294
17.929,3.000,cdu/csu,WP19,3.366,1.007,3.389,0.268,0.240,0.297
18.101,3.000,cdu/csu,WP19,3.538,1.007,3.562,0.271,0.242,0.300
18.273,3.000,cdu/csu,WP19,3.710,1.007,3.735,0.273,0.244,0.303
18.444,3.000,cdu/csu,WP19,3.882,1.007,3.908,0.275,0.246,0.305
18.616,3.000,cdu/csu,WP19,4.053,1.007,4.081,0.278,0.248,0.308
18.788,3.000,cdu/csu,WP19,4.225,1.007,4.254,0.280,0.250,0.311
18.960,3.000,cdu/csu,WP19,4.397,1.007,4.426,0.283,0.251,0.314
19.131,3.000,cdu/csu,WP19,4.568,1.007,4.599,0.285,0.253,0.316
19.303,3.000,cdu/csu,WP19,4.740,1.007,4.772,0.287,0.255,0.319
19.475,3.000,cdu/csu,WP19,4.912,1.007,4.945,0.290,0.257,0.322
19.646,3.000,cdu/csu,WP19,5.084,1.007,5.118,0.292,0.259,0.325
19.818,3.000,cdu/csu,WP19,5.255,1.007,5.291,0.294,0.261,0.327
19.990,3.000,cdu/csu,WP19,5.427,1.007,5.464,0.297,0.263,0.330
20.162,3.000,cdu/csu,WP19,5.599,1.007,5.637,0.299,0.265,0.333
20.333,3.000,cdu/csu,WP19,5.770,1.007,5.809,0.301,0.267,0.336
20.505,3.000,cdu/csu,WP19,5.942,1.007,5.982,0.304,0.269,0.339
20.677,3.000,cdu/csu,WP19,6.114,1.007,6.155,0.306,0.270,0.342
20.848,3.000,cdu/csu,WP19,6.286,1.007,6.328,0.308,0.272,0.344
21.020,3.000,cdu/csu,WP19,6.457,1.007,6.501,0.311,0.274,0.347
21.192,3.000,cdu/csu,WP19,6.629,1.007,6.674,0.313,0.276,0.350
21.364,3.000,cdu/csu,WP19,6.801,1.007,6.847,0.315,0.278,0.353
21.535,3.000,cdu/csu,WP19,6.972,1.007,7.020,0.318,0.280,0.356
21.707,3.000,cdu/csu,WP19,7.144,1.007,7.192,0.320,0.282,0.359
21.879,3.000,cdu/csu,WP19,7.316,1.007,7.365,0.322,0.283,0.361
22.051,3.000,cdu/csu,WP19,7.488,1.007,7.538,0.325,0.285,0.364
22.222,3.000,cdu/csu,WP19,7.659,1.007,7.711,0.327,0.287,0.367
22.394,3.000,cdu/csu,WP19,7.831,1.007,7.884,0.329,0.289,0.370
22.566,3.000,cdu/csu,WP19,8.003,1.007,8.057,0.332,0.291,0.373
22.737,3.000,cdu/csu,WP19,8.174,1.007,8.230,0.334,0.293,0.376
22.909,3.000,cdu/csu,WP19,8.346,1.007,8.403,0.336,0.294,0.379
23.081,3.000,cdu/csu,WP19,8.518,1.007,8.576,0.339,0.296,0.381
23.253,3.000,cdu/csu,WP19,8.690,1.007,8.748,0.341,0.298,0.384
23.424,3.000,cdu/csu,WP19,8.861,1.007,8.921,0.344,0.300,0.387
23.596,3.000,cdu/csu,WP19,9.033,1.007,9.094,0.346,0.302,0.390
23.768,3.000,cdu/csu,WP19,9.205,1.007,9.267,0.348,0.303,0.393
23.939,3.000,cdu/csu,WP19,9.376,1.007,9.440,0.351,0.305,0.396
24.111,3.000,cdu/csu,WP19,9.548,1.007,9.613,0.353,0.307,0.399
24.283,3.000,cdu/csu,WP19,9.720,1.007,9.786,0.355,0.309,0.402
24.455,3.000,cdu/csu,WP19,9.892,1.007,9.959,0.358,0.311,0.404
24.626,3.000,cdu/csu,WP19,10.063,1.007,10.131,0.360,0.313,0.407
24.798,3.000,cdu/csu,WP19,10.235,1.007,10.304,0.362,0.314,0.410
24.970,3.000,cdu/csu,WP19,10.407,1.007,10.477,0.365,0.316,0.413
25.141,3.000,cdu/csu,WP19,10.578,1.007,10.650,0.367,0.318,0.416
25.313,3.000,cdu/csu,WP19,10.750,1.007,10.823,0.369,0.320,0.419
25.485,3.000,cdu/csu,WP19,10.922,1.007,10.996,0.372,0.321,0.422
25.657,3.000,cdu/csu,WP19,11.094,1.007,11.169,0.374,0.323,0.425
25.828,3.000,cdu/csu,WP19,11.265,1.007,11.342,0.376,0.325,0.428
26.000,3.000,cdu/csu,WP19,11.437,1.007,11.514,0.379,0.327,0.431
9.000,4.000,cdu/csu,WP19,-5.563,2.007,-11.163,0.144,0.112,0.175
9.172,4.000,cdu/csu,WP19,-5.391,2.007,-10.819,0.146,0.115,0.177
9.343,4.000,cdu/csu,WP19,-5.219,2.007,-10.474,0.149,0.118,0.179
9.515,4.000,cdu/csu,WP19,-5.048,2.007,-10.130,0.151,0.121,0.181
9.687,4.000,cdu/csu,WP19,-4.876,2.007,-9.785,0.153,0.124,0.183
9.859,4.000,cdu/csu,WP19,-4.704,2.007,-9.441,0.156,0.127,0.185
10.030,4.000,cdu/csu,WP19,-4.533,2.007,-9.096,0.158,0.130,0.187
10.202,4.000,cdu/csu,WP19,-4.361,2.007,-8.751,0.161,0.133,0.189
10.374,4.000,cdu/csu,WP19,-4.189,2.007,-8.407,0.163,0.136,0.191
10.545,4.000,cdu/csu,WP19,-4.017,2.007,-8.062,0.166,0.138,0.193
10.717,4.000,cdu/csu,WP19,-3.846,2.007,-7.718,0.168,0.141,0.195
10.889,4.000,cdu/csu,WP19,-3.674,2.007,-7.373,0.170,0.144,0.197
11.061,4.000,cdu/csu,WP19,-3.502,2.007,-7.028,0.173,0.147,0.199
11.232,4.000,cdu/csu,WP19,-3.331,2.007,-6.684,0.175,0.150,0.201
11.404,4.000,cdu/csu,WP19,-3.159,2.007,-6.339,0.178,0.152,0.203
11.576,4.000,cdu/csu,WP19,-2.987,2.007,-5.995,0.180,0.155,0.205
11.747,4.000,cdu/csu,WP19,-2.815,2.007,-5.650,0.183,0.158,0.207
11.919,4.000,cdu/csu,WP19,-2.644,2.007,-5.305,0.185,0.161,0.209
12.091,4.000,cdu/csu,WP19,-2.472,2.007,-4.961,0.187,0.163,0.212
12.263,4.000,cdu/csu,WP19,-2.300,2.007,-4.616,0.190,0.166,0.214
12.434,4.000,cdu/csu,WP19,-2.129,2.007,-4.272,0.192,0.169,0.216
12.606,4.000,cdu/csu,WP19,-1.957,2.007,-3.927,0.195,0.171,0.218
12.778,4.000,cdu/csu,WP19,-1.785,2.007,-3.582,0.197,0.174,0.221
12.949,4.000,cdu/csu,WP19,-1.613,2.007,-3.238,0.200,0.176,0.223
13.121,4.000,cdu/csu,WP19,-1.442,2.007,-2.893,0.202,0.179,0.225
13.293,4.000,cdu/csu,WP19,-1.270,2.007,-2.549,0.204,0.181,0.228
13.465,4.000,cdu/csu,WP19,-1.098,2.007,-2.204,0.207,0.184,0.230
13.636,4.000,cdu/csu,WP19,-0.927,2.007,-1.859,0.209,0.186,0.232
13.808,4.000,cdu/csu,WP19,-0.755,2.007,-1.515,0.212,0.189,0.235
13.980,4.000,cdu/csu,WP19,-0.583,2.007,-1.170,0.214,0.191,0.237
14.152,4.000,cdu/csu,WP19,-0.411,2.007,-0.826,0.217,0.194,0.240
14.323,4.000,cdu/csu,WP19,-0.240,2.007,-0.481,0.219,0.196,0.242
14.495,4.000,cdu/csu,WP19,-0.068,2.007,-0.136,0.221,0.198,0.245
14.667,4.000,cdu/csu,WP19,0.104,2.007,0.208,0.224,0.201,0.247
14.838,4.000,cdu/csu,WP19,0.275,2.007,0.553,0.226,0.203,0.250
15.010,4.000,cdu/csu,WP19,0.447,2.007,0.897,0.229,0.205,0.253
15.182,4.000,cdu/csu,WP19,0.619,2.007,1.242,0.231,0.207,0.255
15.354,4.000,cdu/csu,WP19,0.791,2.007,1.587,0.234,0.209,0.258
15.525,4.000,cdu/csu,WP19,0.962,2.007,1.931,0.236,0.212,0.260
15.697,4.000,cdu/csu,WP19,1.134,2.007,2.276,0.239,0.214,0.263
15.869,4.000,cdu/csu,WP19,1.306,2.007,2.620,0.241,0.216,0.266
16.040,4.000,cdu/csu,WP19,1.477,2.007,2.965,0.243,0.218,0.269
16.212,4.000,cdu/csu,WP19,1.649,2.007,3.310,0.246,0.220,0.271
16.384,4.000,cdu/csu,WP19,1.821,2.007,3.654,0.248,0.222,0.274
16.556,4.000,cdu/csu,WP19,1.993,2.007,3.999,0.251,0.224,0.277
16.727,4.000,cdu/csu,WP19,2.164,2.007,4.343,0.253,0.226,0.280
16.899,4.000,cdu/csu,WP19,2.336,2.007,4.688,0.256,0.228,0.283
17.071,4.000,cdu/csu,WP19,2.508,2.007,5.033,0.258,0.230,0.286
17.242,4.000,cdu/csu,WP19,2.680,2.007,5.377,0.260,0.232,0.288
17.414,4.000,cdu/csu,WP19,2.851,2.007,5.722,0.263,0.234,0.291
17.586,4.000,cdu/csu,WP19,3.023,2.007,6.066,0.265,0.236,0.294
17.758,4.000,cdu/csu,WP19,3.195,2.007,6.411,0.268,0.238,0.297
17.929,4.000,cdu/csu,WP19,3.366,2.007,6.756,0.270,0.240,0.300
18.101,4.000,cdu/csu,WP19,3.538,2.007,7.100,0.273,0.242,0.303
18.273,4.000,cdu/csu,WP19,3.710,2.007,7.445,0.275,0.244,0.306
18.444,4.000,cdu/csu,WP19,3.882,2.007,7.789,0.277,0.246,0.309
18.616,4.000,cdu/csu,WP19,4.053,2.007,8.134,0.280,0.248,0.312
18.788,4.000,cdu/csu,WP19,4.225,2.007,8.478,0.282,0.250,0.315
18.960,4.000,cdu/csu,WP19,4.397,2.007,8.823,0.285,0.251,0.318
19.131,4.000,cdu/csu,WP19,4.568,2.007,9.168,0.287,0.253,0.321
19.303,4.000,cdu/csu,WP19,4.740,2.007,9.512,0.290,0.255,0.324
19.475,4.000,cdu/csu,WP19,4.912,2.007,9.857,0.292,0.257,0.327
19.646,4.000,cdu/csu,WP19,5.084,2.007,10.201,0.294,0.259,0.330
19.818,4.000,cdu/csu,WP19,5.255,2.007,10.546,0.297,0.261,0.333
19.990,4.000,cdu/csu,WP19,5.427,2.007,10.891,0.299,0.262,0.336
20.162,4.000,cdu/csu,WP19,5.599,2.007,11.235,0.302,0.264,0.339
20.333,4.000,cdu/csu,WP19,5.770,2.007,11.580,0.304,0.266,0.342
20.505,4.000,cdu/csu,WP19,5.942,2.007,11.924,0.307,0.268,0.345
20.677,4.000,cdu/csu,WP19,6.114,2.007,12.269,0.309,0.270,0.348
20.848,4.000,cdu/csu,WP19,6.286,2.007,12.614,0.311,0.271,0.351
21.020,4.000,cdu/csu,WP19,6.457,2.007,12.958,0.314,0.273,0.354
21.192,4.000,cdu/csu,WP19,6.629,2.007,13.303,0.316,0.275,0.358
21.364,4.000,cdu/csu,WP19,6.801,2.007,13.647,0.319,0.277,0.361
21.535,4.000,cdu/csu,WP19,6.972,2.007,13.992,0.321,0.279,0.364
21.707,4.000,cdu/csu,WP19,7.144,2.007,14.337,0.324,0.280,0.367
21.879,4.000,cdu/csu,WP19,7.316,2.007,14.681,0.326,0.282,0.370
22.051,4.000,cdu/csu,WP19,7.488,2.007,15.026,0.328,0.284,0.373
22.222,4.000,cdu/csu,WP19,7.659,2.007,15.370,0.331,0.286,0.376
22.394,4.000,cdu/csu,WP19,7.831,2.007,15.715,0.333,0.287,0.379
22.566,4.000,cdu/csu,WP19,8.003,2.007,16.060,0.336,0.289,0.382
22.737,4.000,cdu/csu,WP19,8.174,2.007,16.404,0.338,0.291,0.385
22.909,4.000,cdu/csu,WP19,8.346,2.007,16.749,0.341,0.293,0.389
23.081,4.000,cdu/csu,WP19,8.518,2.007,17.093,0.343,0.294,0.392
23.253,4.000,cdu/csu,WP19,8.690,2.007,17.438,0.345,0.296,0.395
23.424,4.000,cdu/csu,WP19,8.861,2.007,17.783,0.348,0.298,0.398
23.596,4.000,cdu/csu,WP19,9.033,2.007,18.127,0.350,0.299,0.401
23.768,4.000,cdu/csu,WP19,9.205,2.007,18.472,0.353,0.301,0.404
23.939,4.000,cdu/csu,WP19,9.376,2.007,18.816,0.355,0.303,0.407
24.111,4.000,cdu/csu,WP19,9.548,2.007,19.161,0.358,0.305,0.410
24.283,4.000,cdu/csu,WP19,9.720,2.007,19.506,0.360,0.306,0.414
24.455,4.000,cdu/csu,WP19,9.892,2.007,19.850,0.362,0.308,0.417
24.626,4.000,cdu/csu,WP19,10.063,2.007,20.195,0.365,0.310,0.420
24.798,4.000,cdu/csu,WP19,10.235,2.007,20.539,0.367,0.312,0.423
24.970,4.000,cdu/csu,WP19,10.407,2.007,20.884,0.370,0.313,0.426
25.141,4.000,cdu/csu,WP19,10.578,2.007,21.229,0.372,0.315,0.429
25.313,4.000,cdu/csu,WP19,10.750,2.007,21.573,0.375,0.317,0.433
25.485,4.000,cdu/csu,WP19,10.922,2.007,21.918,0.377,0.318,0.436
25.657,4.000,cdu/csu,WP19,11.094,2.007,22.262,0.379,0.320,0.439
25.828,4.000,cdu/csu,WP19,11.265,2.007,22.607,0.382,0.322,0.442
26.000,4.000,cdu/csu,WP19,11.437,2.007,22.952,0.384,0.323,0.445
