poll_interval_id,poll_date,next_poll_date,afd_support_t,party_clean,party_support_t,party_support_t_minus_1,party_support_change,party_support_change_abs,mean_populism_score,mean_populism_sum,mean_gal_tan_score,mean_P1_people,mean_P2_anti_elite,mean_P3_outgroup,mean_G1_environment,mean_G2_migration,mean_G3_society,mean_G4_civil_rights,mean_G5_cosmopolitanism,n_speeches_environment,n_speeches_migration,n_speeches_society,n_speeches_civil_rights,n_speeches_cosmopolitanism,n_speeches,n_speeches_with_gal_tan,mean_word_count,is_mainstream_party,is_afd,afd_proximity_ordinal,afd_proximity_label,share_environment_of_party_speeches,share_migration_of_party_speeches,share_society_of_party_speeches,share_civil_rights_of_party_speeches,share_cosmopolitanism_of_party_speeches,n_mainstream_speeches,n_mainstream_speeches_environment,n_mainstream_speeches_migration,n_mainstream_speeches_society,n_mainstream_speeches_civil_rights,n_mainstream_speeches_cosmopolitanism,share_environment_of_mainstream_speeches,share_migration_of_mainstream_speeches,share_society_of_mainstream_speeches,share_civil_rights_of_mainstream_speeches,share_cosmopolitanism_of_mainstream_speeches,share_party_of_mainstream_environment_speeches,share_party_of_mainstream_migration_speeches,share_party_of_mainstream_society_speeches,share_party_of_mainstream_civil_rights_speeches,share_party_of_mainstream_cosmopolitanism_speeches,government_label_interval,is_government,is_opposition,wahlperiode,wahlperiode_cat,poll_year,poll_month,interval_length_days,afd_mean_populism_score,afd_mean_populism_sum,afd_mean_gal_tan_score,afd_mean_P1_people,afd_mean_P2_anti_elite,afd_mean_P3_outgroup,afd_mean_G1_environment,afd_mean_G2_migration,afd_mean_G3_society,afd_mean_G4_civil_rights,afd_mean_G5_cosmopolitanism,afd_n_speeches,afd_n_speeches_with_gal_tan,afd_n_speeches_environment,afd_n_speeches_migration,afd_n_speeches_society,afd_n_speeches_civil_rights,afd_n_speeches_cosmopolitanism,afd_share_environment_of_party_speeches,afd_share_migration_of_party_speeches,afd_share_society_of_party_speeches,afd_share_civil_rights_of_party_speeches,afd_share_cosmopolitanism_of_party_speeches,populism_distance_to_afd,populism_sum_distance_to_afd,gal_tan_distance_to_afd,P1_people_distance_to_afd,P2_anti_elite_distance_to_afd,P3_outgroup_distance_to_afd,G1_environment_distance_to_afd,G2_migration_distance_to_afd,G3_society_distance_to_afd,G4_civil_rights_distance_to_afd,G5_cosmopolitanism_distance_to_afd,_time_order,afd_support_c
1,2017-10-20,2017-11-09,12,cdu/csu,31.000,32.000,-1.000,1.000,0.000,0.000,,0.000,0.000,0.000,,,,,,0,0,0,0,0,1,0,656.000,True,False,4.000,CDU/CSU,0.000,0.000,0.000,0.000,0.000,6,0,0,0,1,1,0.000,0.000,0.000,0.000,0.000,,,,0.000,0.000,Regierung,1.000,0.000,19.000,WP19,2017,10,20,1.667,5.000,7.667,2.000,2.000,1.000,,8.000,,7.000,8.000,1,1,0,1,0,1,1,0.000,1.000,0.000,1.000,1.000,1.667,5.000,,2.000,2.000,1.000,,,,,,2017-10-20,-2.649
4,2017-11-20,2017-12-07,11,cdu/csu,32.000,31.000,1.000,1.000,0.070,0.211,2.075,0.026,0.158,0.026,2.714,3.250,,1.000,1.704,7,12,0,2,27,38,29,694.763,True,False,4.000,CDU/CSU,0.184,0.316,0.000,0.053,0.711,116,17,35,0,10,83,0.060,0.103,0.000,0.017,0.233,0.412,0.343,,0.200,0.325,Regierung,1.000,0.000,19.000,WP19,2017,11,17,0.683,2.050,6.526,0.700,1.050,0.300,9.250,7.143,8.000,4.500,6.737,20,19,4,7,1,4,19,0.200,0.350,0.050,0.200,0.950,0.613,1.839,4.452,0.674,0.892,0.274,6.536,3.893,,3.500,5.033,2017-11-20,-3.649
5,2017-12-07,2017-12-15,13,spd,21.000,22.000,-1.000,1.000,0.225,0.676,1.048,0.147,0.441,0.088,0.600,1.800,0.000,1.625,1.000,5,5,1,8,21,34,26,626.059,True,False,2.000,SPD,0.147,0.147,0.029,0.235,0.618,149,17,28,6,42,89,0.034,0.034,0.007,0.054,0.141,0.294,0.179,0.167,0.190,0.236,Regierung,1.000,0.000,19.000,WP19,2017,12,8,0.894,2.682,6.509,1.000,1.364,0.318,8.000,6.286,,7.000,6.765,22,19,2,7,0,8,17,0.091,0.318,0.000,0.364,0.773,0.668,2.005,5.461,0.853,0.922,0.230,7.400,4.486,,5.375,5.765,2017-12-07,-1.649
7,2018-01-04,2018-01-26,13,cdu/csu,33.000,32.000,1.000,1.000,0.182,0.545,3.328,0.114,0.205,0.227,2.333,5.667,3.750,3.714,2.815,6,18,4,14,27,44,32,749.227,True,False,4.000,CDU/CSU,0.136,0.409,0.091,0.318,0.614,127,25,48,15,38,72,0.047,0.142,0.031,0.110,0.213,0.240,0.375,0.267,0.368,0.375,Regierung,1.000,0.000,19.000,WP19,2018,1,22,1.159,3.476,8.033,1.095,1.476,0.905,7.400,8.571,8.250,7.700,8.316,21,20,5,14,8,10,19,0.238,0.667,0.381,0.476,0.905,0.977,2.931,4.705,0.982,1.272,0.677,5.067,2.905,4.500,3.986,5.501,2018-01-04,-1.649
8,2018-01-26,2018-02-01,12,spd,19.000,21.000,-2.000,2.000,0.111,0.333,1.667,0.000,0.333,0.000,,,,,1.667,0,0,0,0,3,3,3,615.667,True,False,2.000,SPD,0.000,0.000,0.000,0.000,1.000,11,0,0,0,1,11,0.000,0.000,0.000,0.000,0.273,,,,0.000,0.273,Regierung,1.000,0.000,19.000,WP19,2018,1,6,1.500,4.500,9.500,1.500,2.000,1.000,,,,,9.500,2,2,0,0,0,0,2,0.000,0.000,0.000,0.000,1.000,1.389,4.167,7.833,1.500,1.667,1.000,,,,,7.833,2018-01-26,-2.649
9,2018-02-01,2018-02-15,14,cdu/csu,33.000,33.000,0.000,0.000,0.294,0.881,4.046,0.214,0.333,0.333,3.833,6.900,5.429,4.385,3.538,6,10,7,13,26,42,36,834.238,True,False,4.000,CDU/CSU,0.143,0.238,0.167,0.310,0.619,137,19,44,19,36,73,0.044,0.073,0.051,0.095,0.190,0.316,0.227,0.368,0.361,0.356,Regierung,1.000,0.000,19.000,WP19,2018,2,14,1.130,3.389,7.234,1.000,1.556,0.833,6.750,8.375,8.000,6.778,7.769,18,16,4,8,5,9,13,0.222,0.444,0.278,0.500,0.722,0.836,2.508,3.188,0.786,1.222,0.500,2.917,1.475,2.571,2.393,4.231,2018-02-01,-0.649
10,2018-02-15,2018-02-23,15,spd,16.000,18.000,-2.000,2.000,0.250,0.750,1.434,0.143,0.429,0.179,1.286,3.000,1.333,0.600,1.375,7,9,9,10,16,28,24,686.321,True,False,2.000,SPD,0.250,0.321,0.321,0.357,0.571,111,32,30,33,47,55,0.063,0.081,0.081,0.090,0.144,0.219,0.300,0.273,0.213,0.291,Regierung,1.000,0.000,19.000,WP19,2018,2,8,1.083,3.250,8.089,1.188,1.438,0.625,8.250,8.167,8.167,7.625,8.500,16,14,4,6,6,8,10,0.250,0.375,0.375,0.500,0.625,0.833,2.500,6.655,1.045,1.009,0.446,6.964,5.167,6.833,7.025,7.125,2018-02-15,0.351
11,2018-02-23,2018-03-01,14,cdu/csu,34.000,33.000,1.000,1.000,0.136,0.409,2.843,0.045,0.227,0.136,,5.000,3.667,1.500,2.615,0,3,3,4,13,22,17,730.909,True,False,4.000,CDU/CSU,0.000,0.136,0.136,0.182,0.591,61,1,9,10,11,40,0.000,0.049,0.049,0.066,0.213,0.000,0.333,0.300,0.364,0.325,Regierung,1.000,0.000,19.000,WP19,2018,2,6,0.900,2.700,6.979,1.000,1.200,0.500,9.000,8.600,8.000,6.333,7.125,10,8,2,5,2,3,8,0.200,0.500,0.200,0.300,0.800,0.764,2.291,4.136,0.955,0.973,0.364,,3.600,4.333,4.833,4.510,2018-02-23,-0.649
12,2018-03-01,2018-03-23,15,linke,9.000,10.000,-1.000,1.000,0.578,1.733,1.338,0.533,1.033,0.167,0.875,1.706,0.500,1.000,1.345,8,17,8,19,29,60,40,598.917,True,False,0.000,Die Linke,0.133,0.283,0.133,0.317,0.483,420,53,87,51,116,202,0.019,0.040,0.019,0.045,0.069,0.151,0.195,0.157,0.164,0.144,Opposition,0.000,1.000,19.000,WP19,2018,3,22,0.874,2.623,7.031,0.812,1.261,0.551,7.900,8.433,8.000,7.208,7.113,69,57,10,30,17,24,53,0.145,0.435,0.246,0.348,0.768,0.297,0.890,5.693,0.278,0.228,0.384,7.025,6.727,7.500,6.208,5.768,2018-03-01,0.351
13,2018-03-23,2018-04-05,13,spd,19.000,18.000,1.000,1.000,0.051,0.154,2.611,0.000,0.077,0.077,2.000,3.333,2.000,2.333,2.000,2,3,1,3,2,13,6,687.846,True,False,2.000,SPD,0.154,0.231,0.077,0.231,0.154,49,15,11,7,19,12,0.041,0.061,0.020,0.061,0.041,0.133,0.273,0.143,0.158,0.167,Regierung,1.000,0.000,19.000,WP19,2018,3,13,1.128,3.385,8.425,1.154,1.538,0.692,9.000,8.857,8.500,8.000,8.333,13,10,4,7,4,5,9,0.308,0.538,0.308,0.385,0.692,1.077,3.231,5.814,1.154,1.462,0.615,7.000,5.524,6.500,5.667,6.333,2018-03-23,-1.649
14,2018-04-05,2018-04-20,14,cdu/csu,33.000,33.000,0.000,0.000,0.167,0.500,2.657,0.125,0.312,0.062,4.167,3.900,2.500,2.833,1.786,6,10,2,12,28,48,35,730.250,True,False,4.000,CDU/CSU,0.125,0.208,0.042,0.250,0.583,135,23,30,11,48,70,0.044,0.074,0.015,0.089,0.207,0.261,0.333,0.182,0.250,0.400,Regierung,1.000,0.000,19.000,WP19,2018,4,15,0.924,2.773,6.735,0.864,1.227,0.682,9.000,8.800,7.600,5.600,7.294,22,19,3,10,5,10,17,0.136,0.455,0.227,0.455,0.773,0.758,2.273,4.078,0.739,0.915,0.619,4.833,4.900,5.100,2.767,5.508,2018-04-05,-0.649
15,2018-04-20,2018-05-09,15,spd,17.000,18.000,-1.000,1.000,0.153,0.459,0.831,0.148,0.213,0.098,0.286,1.900,0.375,1.000,0.538,7,10,8,15,26,61,36,646.213,True,False,2.000,SPD,0.115,0.164,0.131,0.246,0.426,229,28,43,27,68,111,0.031,0.044,0.035,0.066,0.114,0.250,0.233,0.296,0.221,0.234,Regierung,1.000,0.000,19.000,WP19,2018,4,19,0.867,2.600,6.995,0.800,1.225,0.575,6.750,7.222,6.200,6.688,7.560,40,31,4,18,10,16,25,0.100,0.450,0.250,0.400,0.625,0.714,2.141,6.164,0.652,1.012,0.477,6.464,5.322,5.825,5.688,7.022,2018-04-20,0.351
16,2018-05-09,2018-05-18,15,cdu/csu,32.000,32.000,0.000,0.000,0.088,0.265,2.513,0.061,0.122,0.082,1.929,4.833,1.600,3.800,2.000,14,6,5,15,23,49,39,926.245,True,False,4.000,CDU/CSU,0.286,0.122,0.102,0.306,0.469,166,57,28,24,46,79,0.084,0.036,0.030,0.090,0.139,0.246,0.214,0.208,0.326,0.291,Regierung,1.000,0.000,19.000,WP19,2018,5,9,1.021,3.062,7.292,1.031,1.469,0.562,7.667,8.188,7.625,7.091,7.192,32,28,9,16,8,11,26,0.281,0.500,0.250,0.344,0.812,0.932,2.797,4.779,0.970,1.346,0.481,5.738,3.354,6.025,3.291,5.192,2018-05-09,0.351
17,2018-05-18,2018-06-14,14,linke,10.000,9.000,1.000,1.000,0.571,1.714,1.480,0.657,1.029,0.029,1.429,2.000,0.667,1.333,1.333,7,6,3,9,15,35,21,645.400,True,False,0.000,Die Linke,0.200,0.171,0.086,0.257,0.429,258,45,46,10,59,114,0.027,0.023,0.012,0.035,0.058,0.156,0.130,0.300,0.153,0.132,Opposition,0.000,1.000,19.000,WP19,2018,5,27,1.033,3.098,7.458,1.000,1.512,0.585,7.667,8.056,8.000,6.615,7.903,41,34,6,18,6,13,31,0.146,0.439,0.146,0.317,0.756,0.461,1.383,5.978,0.343,0.484,0.557,6.238,6.056,7.333,5.282,6.570,2018-05-18,-0.649
18,2018-06-14,2018-06-28,15,cdu/csu,31.000,33.000,-2.000,2.000,0.201,0.603,3.285,0.147,0.279,0.176,2.000,5.714,1.500,3.421,3.053,3,21,2,19,38,68,48,711.632,True,False,4.000,CDU/CSU,0.044,0.309,0.029,0.279,0.559,194,17,62,15,73,107,0.015,0.108,0.010,0.098,0.196,0.176,0.339,0.133,0.260,0.355,Regierung,1.000,0.000,19.000,WP19,2018,6,14,1.189,3.567,7.373,1.133,1.567,0.867,8.000,8.857,7.750,7.000,7.458,30,25,1,14,8,15,24,0.033,0.467,0.267,0.500,0.800,0.988,2.964,4.089,0.986,1.287,0.690,6.000,3.143,6.250,3.579,4.406,2018-06-14,0.351
19,2018-06-28,2018-07-05,14,linke,9.000,10.000,-1.000,1.000,0.442,1.327,1.253,0.423,0.808,0.096,0.571,2.750,0.286,1.182,1.190,14,12,7,11,21,52,39,632.712,True,False,0.000,Die Linke,0.269,0.231,0.135,0.212,0.404,358,99,61,28,83,156,0.039,0.034,0.020,0.031,0.059,0.141,0.197,0.250,0.133,0.135,Opposition,0.000,1.000,19.000,WP19,2018,6,7,0.883,2.650,7.056,0.817,1.333,0.500,7.278,8.240,7.750,6.263,7.357,60,50,18,25,16,19,42,0.300,0.417,0.267,0.317,0.700,0.441,1.323,5.803,0.394,0.526,0.404,6.706,5.490,7.464,5.081,6.167,2018-06-28,-0.649
20,2018-07-05,2018-07-27,16,cdu/csu,30.000,32.000,-2.000,2.000,0.083,0.250,2.630,0.125,0.042,0.083,3.750,4.000,3.000,3.143,1.545,4,7,2,7,11,24,16,916.792,True,False,4.000,CDU/CSU,0.167,0.292,0.083,0.292,0.458,79,18,22,10,25,30,0.051,0.089,0.025,0.089,0.139,0.222,0.318,0.200,0.280,0.367,Regierung,1.000,0.000,19.000,WP19,2018,7,22,1.231,3.692,7.564,1.154,1.692,0.846,,8.444,7.800,8.000,7.615,13,13,0,9,5,4,13,0.000,0.692,0.385,0.308,1.000,1.147,3.442,4.934,1.029,1.651,0.763,,4.444,4.800,4.857,6.070,2018-07-05,1.351
24,2018-09-06,2018-09-21,16,cdu/csu,29.000,29.000,0.000,0.000,0.095,0.286,2.583,0.127,0.095,0.063,2.812,5.300,2.333,3.000,2.111,16,10,6,16,36,63,48,936.746,True,False,4.000,CDU/CSU,0.254,0.159,0.095,0.254,0.571,215,65,41,16,57,105,0.074,0.047,0.028,0.074,0.167,0.246,0.244,0.375,0.281,0.343,Regierung,1.000,0.000,19.000,WP19,2018,9,15,1.244,3.732,7.694,1.244,1.610,0.878,7.917,8.409,8.091,7.353,7.867,41,35,12,22,11,17,30,0.293,0.537,0.268,0.415,0.732,1.149,3.446,5.110,1.117,1.515,0.815,5.104,3.109,5.758,4.353,5.756,2018-09-06,1.351
25,2018-09-21,2018-10-11,18,spd,17.000,18.000,-1.000,1.000,0.176,0.527,1.387,0.164,0.291,0.073,1.286,2.400,0.667,1.267,0.895,14,10,3,15,19,55,34,703.964,True,False,2.000,SPD,0.255,0.182,0.055,0.273,0.345,242,61,34,13,60,81,0.058,0.041,0.012,0.062,0.079,0.230,0.294,0.231,0.250,0.235,Regierung,1.000,0.000,19.000,WP19,2018,9,20,0.915,2.744,7.131,0.860,1.395,0.488,7.692,8.059,7.857,6.500,7.276,43,37,13,17,7,16,29,0.302,0.395,0.163,0.372,0.674,0.739,2.217,5.743,0.697,1.104,0.416,6.407,5.659,7.190,5.233,6.381,2018-09-21,3.351
26,2018-10-11,2018-10-19,16,cdu/csu,26.000,28.000,-2.000,2.000,0.092,0.276,2.692,0.078,0.103,0.095,2.533,4.810,2.000,1.962,2.474,15,21,11,26,38,116,66,766.828,True,False,4.000,CDU/CSU,0.129,0.181,0.095,0.224,0.328,350,53,65,45,102,128,0.043,0.060,0.031,0.074,0.109,0.283,0.323,0.244,0.255,0.297,Regierung,1.000,0.000,19.000,WP19,2018,10,8,0.798,2.393,6.396,0.768,1.214,0.411,7.889,7.632,9.429,5.458,6.486,56,44,9,19,7,24,35,0.161,0.339,0.125,0.429,0.625,0.706,2.117,3.704,0.690,1.111,0.316,5.356,2.822,7.429,3.497,4.012,2018-10-11,1.351
27,2018-10-19,2018-11-15,16,spd,14.000,15.000,-1.000,1.000,0.191,0.574,1.500,0.162,0.324,0.088,1.667,3.364,0.333,1.062,1.300,9,11,9,16,30,68,42,683.691,True,False,2.000,SPD,0.132,0.162,0.132,0.235,0.441,320,42,58,25,74,137,0.028,0.034,0.028,0.050,0.094,0.214,0.190,0.360,0.216,0.219,Regierung,1.000,0.000,19.000,WP19,2018,10,27,0.756,2.268,6.423,0.679,1.250,0.339,8.286,8.429,7.000,5.450,6.875,56,40,7,14,5,20,32,0.125,0.250,0.089,0.357,0.571,0.565,1.694,4.923,0.517,0.926,0.251,6.619,5.065,6.667,4.388,5.575,2018-10-19,1.351
28,2018-11-15,2018-11-30,14,cdu/csu,26.000,25.000,1.000,1.000,0.076,0.227,2.397,0.050,0.135,0.043,2.167,5.100,1.917,2.477,1.940,24,20,12,44,50,141,91,796.149,True,False,4.000,CDU/CSU,0.170,0.142,0.085,0.312,0.355,433,104,64,51,135,151,0.055,0.046,0.028,0.102,0.115,0.231,0.312,0.235,0.326,0.331,Regierung,1.000,0.000,19.000,WP19,2018,11,15,0.855,2.565,6.458,0.812,1.304,0.449,7.688,8.083,7.917,5.250,7.071,69,54,16,24,12,24,42,0.232,0.348,0.174,0.348,0.609,0.779,2.338,4.061,0.762,1.170,0.407,5.521,2.983,6.000,2.773,5.131,2018-11-15,-0.649
29,2018-11-30,2018-12-06,15,linke,8.000,9.000,-1.000,1.000,0.467,1.400,0.833,0.500,0.900,0.000,0.333,1.000,0.000,0.000,0.800,3,2,2,2,5,10,6,578.000,True,False,0.000,Die Linke,0.300,0.200,0.200,0.200,0.500,80,22,21,5,16,34,0.037,0.025,0.025,0.025,0.062,0.136,0.095,0.400,0.125,0.147,Opposition,0.000,1.000,19.000,WP19,2018,11,6,1.030,3.091,8.857,1.000,1.545,0.545,9.000,9.500,8.000,7.000,8.667,11,7,2,4,1,1,6,0.182,0.364,0.091,0.091,0.545,0.564,1.691,8.024,0.500,0.645,0.545,8.667,8.500,8.000,7.000,7.867,2018-11-30,0.351
30,2018-12-06,2018-12-14,14,spd,14.000,14.000,0.000,0.000,0.144,0.433,0.948,0.100,0.233,0.100,0.000,1.000,0.778,0.667,1.111,1,2,9,9,9,30,16,651.867,True,False,2.000,SPD,0.033,0.067,0.300,0.300,0.300,125,4,5,38,43,40,0.008,0.016,0.072,0.072,0.072,0.250,0.400,0.237,0.209,0.225,Regierung,1.000,0.000,19.000,WP19,2018,12,8,0.917,2.750,6.616,0.900,1.300,0.550,,7.750,7.250,7.286,6.615,20,18,0,8,8,7,13,0.000,0.400,0.400,0.350,0.650,0.772,2.317,5.668,0.800,1.067,0.450,,6.750,6.472,6.619,5.504,2018-12-06,-0.649
31,2018-12-14,2019-01-10,13,linke,8.000,8.000,0.000,0.000,0.238,0.714,0.933,0.286,0.286,0.143,0.000,2.000,,1.333,0.667,2,1,0,3,3,7,5,793.000,True,False,0.000,Die Linke,0.286,0.143,0.000,0.429,0.429,53,7,4,2,12,17,0.038,0.019,0.000,0.057,0.057,0.286,0.250,0.000,0.250,0.176,Opposition,0.000,1.000,19.000,WP19,2018,12,27,0.933,2.800,6.926,0.700,1.200,0.900,8.000,7.333,7.500,7.600,6.714,10,9,1,3,4,5,7,0.100,0.300,0.400,0.500,0.700,0.695,2.086,5.993,0.414,0.914,0.757,8.000,5.333,,6.267,6.048,2018-12-14,-1.649
32,2019-01-10,2019-01-25,14,cdu/csu,29.000,31.000,-2.000,2.000,0.186,0.557,2.793,0.131,0.279,0.148,2.071,6.556,,5.000,2.030,14,9,0,16,33,61,45,766.902,True,False,4.000,CDU/CSU,0.230,0.148,0.000,0.262,0.541,186,53,35,7,55,82,0.075,0.048,0.000,0.086,0.177,0.264,0.257,0.000,0.291,0.402,Regierung,1.000,0.000,19.000,WP19,2019,1,15,0.760,2.281,6.490,0.719,1.156,0.406,6.167,7.182,7.500,5.600,7.136,32,26,6,11,2,10,22,0.188,0.344,0.062,0.312,0.688,0.575,1.724,3.698,0.588,0.878,0.259,4.095,0.626,,0.600,5.106,2019-01-10,-0.649
33,2019-01-25,2019-02-14,15,cdu/csu,28.000,29.000,-1.000,1.000,0.110,0.329,2.767,0.043,0.271,0.014,4.444,6.500,,3.000,1.886,18,6,0,21,44,70,58,728.886,True,False,4.000,CDU/CSU,0.257,0.086,0.000,0.300,0.629,204,63,19,7,64,122,0.088,0.029,0.000,0.103,0.216,0.286,0.316,0.000,0.328,0.361,Regierung,1.000,0.000,19.000,WP19,2019,1,20,0.716,2.147,6.523,0.735,1.206,0.206,7.833,9.000,8.000,5.769,6.429,34,32,12,5,4,13,28,0.353,0.147,0.118,0.382,0.824,0.606,1.818,3.756,0.692,0.934,0.192,3.389,2.500,,2.769,4.542,2019-01-25,0.351
34,2019-02-14,2019-02-22,13,linke,8.000,8.000,0.000,0.000,0.496,1.489,0.902,0.556,0.911,0.022,0.143,1.000,0.333,0.947,0.923,7,7,6,19,26,45,35,601.156,True,False,0.000,Die Linke,0.156,0.156,0.133,0.422,0.578,354,54,46,43,95,147,0.020,0.020,0.017,0.054,0.073,0.130,0.152,0.140,0.200,0.177,Opposition,0.000,1.000,19.000,WP19,2019,2,8,0.797,2.390,7.021,0.712,1.288,0.390,7.444,7.100,8.700,6.944,7.229,59,43,9,20,10,18,35,0.153,0.339,0.169,0.305,0.593,0.300,0.901,6.119,0.156,0.377,0.368,7.302,6.100,8.367,5.997,6.305,2019-02-14,-1.649
35,2019-02-22,2019-03-15,12,cdu/csu,30.000,29.000,1.000,1.000,0.123,0.369,2.962,0.077,0.200,0.092,3.571,4.571,1.200,3.533,2.727,14,7,5,15,22,65,40,720.338,True,False,4.000,CDU/CSU,0.215,0.108,0.077,0.231,0.338,191,44,17,16,51,73,0.073,0.037,0.026,0.079,0.115,0.318,0.412,0.312,0.294,0.301,Regierung,1.000,0.000,19.000,WP19,2019,2,21,0.938,2.812,6.895,0.750,1.500,0.562,8.667,8.889,8.333,5.643,7.348,32,27,6,9,6,14,23,0.188,0.281,0.188,0.438,0.719,0.814,2.443,3.933,0.673,1.300,0.470,5.095,4.317,7.133,2.110,4.621,2019-02-22,-2.649
36,2019-03-15,2019-03-22,13,spd,17.000,18.000,-1.000,1.000,0.138,0.415,0.905,0.170,0.226,0.019,0.857,2.500,0.833,0.769,0.692,14,4,6,13,26,53,42,651.981,True,False,2.000,SPD,0.264,0.075,0.113,0.245,0.491,221,51,18,27,50,113,0.063,0.018,0.027,0.059,0.118,0.275,0.222,0.222,0.260,0.230,Regierung,1.000,0.000,19.000,WP19,2019,3,7,0.750,2.250,6.387,0.722,1.250,0.278,8.143,8.833,8.500,5.800,6.296,36,31,7,6,4,10,27,0.194,0.167,0.111,0.278,0.750,0.612,1.835,5.482,0.552,1.024,0.259,7.286,6.333,7.667,5.031,5.604,2019-03-15,-1.649
37,2019-03-22,2019-04-04,12,cdu/csu,29.000,29.000,0.000,0.000,0.206,0.619,3.441,0.143,0.286,0.190,1.500,5.800,3.100,4.909,3.750,2,5,10,11,8,21,17,825.524,True,False,4.000,CDU/CSU,0.095,0.238,0.476,0.524,0.381,66,6,10,23,39,16,0.030,0.076,0.152,0.167,0.121,0.333,0.500,0.435,0.282,0.500,Regierung,1.000,0.000,19.000,WP19,2019,3,13,0.970,2.909,6.900,0.818,1.182,0.909,5.000,8.800,7.500,6.500,9.000,11,10,1,5,6,8,4,0.091,0.455,0.545,0.727,0.364,0.763,2.290,3.459,0.675,0.896,0.719,3.500,3.000,4.400,1.591,5.250,2019-03-22,-2.649
38,2019-04-04,2019-04-18,12,linke,8.000,8.000,0.000,0.000,0.497,1.492,1.226,0.458,0.949,0.085,0.636,2.400,0.600,1.095,1.348,11,5,5,21,23,59,45,551.254,True,False,0.000,Die Linke,0.186,0.085,0.085,0.356,0.390,446,76,46,50,153,194,0.025,0.011,0.011,0.047,0.052,0.145,0.109,0.100,0.137,0.119,Opposition,0.000,1.000,19.000,WP19,2019,4,14,0.765,2.294,6.489,0.706,1.176,0.412,8.667,8.000,6.214,4.960,7.000,68,58,15,23,14,25,44,0.221,0.338,0.206,0.368,0.647,0.268,0.803,5.263,0.248,0.227,0.327,8.030,5.600,5.614,3.865,5.652,2019-04-04,-2.649
40,2019-05-02,2019-05-17,12,cdu/csu,28.000,29.000,-1.000,1.000,0.107,0.321,2.609,0.079,0.157,0.086,2.591,4.581,3.571,3.212,2.413,22,31,7,33,80,140,101,694.486,True,False,4.000,CDU/CSU,0.157,0.221,0.050,0.236,0.571,414,76,85,25,113,223,0.053,0.075,0.017,0.080,0.193,0.289,0.365,0.280,0.292,0.359,Regierung,1.000,0.000,19.000,WP19,2019,5,15,0.874,2.621,6.536,0.894,1.348,0.379,9.125,7.900,7.556,5.583,7.170,66,53,8,20,9,24,47,0.121,0.303,0.136,0.364,0.712,0.767,2.300,3.927,0.815,1.191,0.293,6.534,3.319,3.984,2.371,4.758,2019-05-02,-2.649
41,2019-05-17,2019-06-06,13,linke,8.000,9.000,-1.000,1.000,0.333,1.000,1.733,0.300,0.700,0.000,1.000,2.000,0.000,0.750,1.875,3,2,1,4,8,10,10,641.400,True,False,0.000,Die Linke,0.300,0.200,0.100,0.400,0.800,86,31,7,12,31,60,0.035,0.023,0.012,0.047,0.093,0.097,0.286,0.083,0.129,0.133,Opposition,0.000,1.000,19.000,WP19,2019,5,20,1.111,3.333,8.044,0.933,1.600,0.800,8.333,9.000,9.500,7.000,8.083,15,15,6,4,2,5,12,0.400,0.267,0.133,0.333,0.800,0.778,2.333,6.311,0.633,0.900,0.800,7.333,7.000,9.500,6.250,6.208,2019-05-17,-1.649
42,2019-06-06,2019-06-28,13,cdu/csu,25.000,29.000,-4.000,4.000,0.140,0.421,2.591,0.092,0.197,0.132,2.714,4.440,3.071,3.056,2.460,21,25,14,54,63,152,103,675.191,True,False,4.000,CDU/CSU,0.138,0.164,0.092,0.355,0.414,450,67,92,56,176,170,0.047,0.056,0.031,0.120,0.140,0.313,0.272,0.250,0.307,0.371,Regierung,1.000,0.000,19.000,WP19,2019,6,22,0.945,2.836,7.156,0.904,1.356,0.575,8.545,8.185,8.176,6.267,7.614,73,52,11,27,17,30,44,0.151,0.370,0.233,0.411,0.603,0.805,2.415,4.565,0.812,1.159,0.444,5.831,3.745,5.105,3.211,5.153,2019-06-06,-1.649
43,2019-06-28,2019-07-04,12,cdu/csu,26.000,25.000,1.000,1.000,0.040,0.120,1.583,0.040,0.080,0.000,2.600,2.000,,0.000,1.286,5,1,0,2,7,25,12,751.880,True,False,4.000,CDU/CSU,0.200,0.040,0.000,0.080,0.280,75,19,7,4,10,20,0.067,0.013,0.000,0.027,0.093,0.263,0.143,0.000,0.200,0.350,Regierung,1.000,0.000,19.000,WP19,2019,6,6,0.611,1.833,6.800,0.667,0.750,0.417,7.600,9.500,8.000,2.000,7.500,12,10,5,2,1,2,6,0.417,0.167,0.083,0.167,0.500,0.571,1.713,5.217,0.627,0.670,0.417,5.000,7.500,,2.000,6.214,2019-06-28,-2.649
48,2019-09-05,2019-09-20,15,spd,14.000,14.000,0.000,0.000,0.141,0.423,1.474,0.173,0.231,0.019,1.480,1.800,0.429,2.250,1.190,25,5,7,8,21,52,38,758.462,True,False,2.000,SPD,0.481,0.096,0.135,0.154,0.404,214,104,18,23,43,83,0.117,0.023,0.033,0.037,0.098,0.240,0.278,0.304,0.186,0.253,Regierung,1.000,0.000,19.000,WP19,2019,9,15,1.035,3.105,7.589,0.974,1.526,0.605,7.500,8.118,8.375,7.308,7.724,38,35,20,17,8,13,29,0.526,0.447,0.211,0.342,0.763,0.894,2.682,6.115,0.801,1.296,0.586,6.020,6.318,7.946,5.058,6.534,2019-09-05,0.351
49,2019-09-20,2019-10-11,14,cdu/csu,27.000,27.000,0.000,0.000,0.132,0.395,1.963,0.128,0.209,0.058,2.381,3.667,1.000,2.083,1.652,21,6,2,12,23,86,49,654.791,True,False,4.000,CDU/CSU,0.244,0.070,0.023,0.140,0.267,261,62,25,18,40,70,0.080,0.023,0.008,0.046,0.088,0.339,0.240,0.111,0.300,0.329,Regierung,1.000,0.000,19.000,WP19,2019,9,21,0.833,2.500,6.645,0.905,1.262,0.333,8.143,7.091,6.000,5.700,7.174,42,31,14,11,4,10,23,0.333,0.262,0.095,0.238,0.548,0.702,2.105,4.683,0.777,1.053,0.275,5.762,3.424,5.000,3.617,5.522,2019-09-20,-0.649
50,2019-10-11,2019-10-18,14,cdu/csu,28.000,27.000,1.000,1.000,0.092,0.277,2.252,0.046,0.169,0.062,2.333,3.625,0.500,2.250,1.522,12,8,6,20,23,65,41,640.523,True,False,4.000,CDU/CSU,0.185,0.123,0.092,0.308,0.354,185,44,17,13,59,58,0.065,0.043,0.032,0.108,0.124,0.273,0.471,0.462,0.339,0.397,Regierung,1.000,0.000,19.000,WP19,2019,10,7,0.929,2.786,6.481,0.929,1.321,0.536,8.333,7.250,6.000,5.500,7.222,28,22,6,12,5,12,18,0.214,0.429,0.179,0.429,0.643,0.836,2.509,4.229,0.882,1.152,0.474,6.000,3.625,5.500,3.250,5.700,2019-10-11,-0.649
51,2019-10-18,2019-11-07,14,spd,14.000,13.000,1.000,1.000,0.164,0.493,1.390,0.151,0.260,0.082,1.286,2.833,0.400,1.353,1.444,14,6,5,17,18,73,40,614.342,True,False,2.000,SPD,0.192,0.082,0.068,0.233,0.247,314,63,25,12,68,78,0.045,0.019,0.016,0.054,0.057,0.222,0.240,0.417,0.250,0.231,Regierung,1.000,0.000,19.000,WP19,2019,10,20,0.887,2.660,7.286,0.925,1.321,0.415,7.667,7.929,8.091,7.500,7.364,53,42,12,14,11,20,33,0.226,0.264,0.208,0.377,0.623,0.722,2.167,5.896,0.774,1.060,0.333,6.381,5.095,7.691,6.147,5.919,2019-10-18,-0.649
52,2019-11-07,2019-11-15,14,cdu/csu,26.000,28.000,-2.000,2.000,0.108,0.324,2.863,0.094,0.173,0.058,3.385,6.286,0.625,3.364,2.250,26,7,8,44,52,139,89,685.597,True,False,4.000,CDU/CSU,0.187,0.050,0.058,0.317,0.374,427,98,43,45,147,159,0.061,0.016,0.019,0.103,0.122,0.265,0.163,0.178,0.299,0.327,Regierung,1.000,0.000,19.000,WP19,2019,11,8,0.817,2.452,6.613,0.822,1.205,0.425,7.421,7.952,7.400,6.000,7.163,73,54,19,21,15,29,43,0.260,0.288,0.205,0.397,0.589,0.709,2.128,3.750,0.728,1.033,0.367,4.036,1.667,6.775,2.636,4.913,2019-11-07,-0.649
53,2019-11-15,2019-12-05,14,spd,15.000,14.000,1.000,1.000,0.106,0.319,1.482,0.087,0.188,0.043,1.515,1.857,0.857,1.846,1.200,33,7,7,13,30,69,51,765.696,True,False,2.000,SPD,0.478,0.101,0.101,0.188,0.435,293,133,29,20,66,120,0.113,0.024,0.024,0.044,0.102,0.248,0.241,0.350,0.197,0.250,Regierung,1.000,0.000,19.000,WP19,2019,11,20,0.975,2.926,6.778,0.926,1.519,0.481,7.615,8.050,7.750,5.312,6.974,54,51,26,20,8,16,39,0.481,0.370,0.148,0.296,0.722,0.869,2.607,5.296,0.839,1.330,0.438,6.100,6.193,6.893,3.466,5.774,2019-11-15,-0.649
54,2019-12-05,2019-12-13,15,cdu/csu,25.000,25.000,0.000,0.000,0.118,0.354,2.097,0.062,0.229,0.062,4.750,1.500,2.167,1.286,1.357,4,4,6,14,14,48,24,670.771,True,False,4.000,CDU/CSU,0.083,0.083,0.125,0.292,0.292,150,17,16,26,49,46,0.027,0.027,0.040,0.093,0.093,0.235,0.250,0.231,0.286,0.304,Regierung,1.000,0.000,19.000,WP19,2019,12,8,0.667,2.000,5.574,0.680,1.120,0.200,5.750,7.400,6.333,3.714,6.200,25,18,4,5,3,7,15,0.160,0.200,0.120,0.280,0.600,0.549,1.646,3.477,0.618,0.891,0.138,1.000,5.900,4.167,2.429,4.843,2019-12-05,0.351
55,2019-12-13,2020-01-09,15,spd,14.000,13.000,1.000,1.000,0.132,0.397,1.781,0.059,0.250,0.088,1.438,1.909,0.167,2.100,1.148,16,11,6,20,27,68,45,704.735,True,False,2.000,SPD,0.235,0.162,0.088,0.294,0.397,310,78,32,21,99,108,0.052,0.035,0.019,0.065,0.087,0.205,0.344,0.286,0.202,0.250,Regierung,1.000,0.000,19.000,WP19,2019,12,27,0.941,2.824,7.061,0.863,1.314,0.647,7.882,8.450,7.857,6.000,7.800,51,44,17,20,7,21,35,0.333,0.392,0.137,0.412,0.686,0.809,2.426,5.279,0.804,1.064,0.559,6.445,6.541,7.690,3.900,6.652,2019-12-13,0.351
56,2020-01-09,2020-01-24,14,spd,13.000,14.000,-1.000,1.000,0.086,0.259,1.618,0.074,0.130,0.056,1.722,3.000,0.333,2.038,1.048,18,4,6,26,21,54,48,620.759,True,False,2.000,SPD,0.333,0.074,0.111,0.481,0.389,241,77,19,26,117,89,0.075,0.017,0.025,0.108,0.087,0.234,0.211,0.231,0.222,0.236,Regierung,1.000,0.000,19.000,WP19,2020,1,15,0.807,2.421,6.308,0.763,1.368,0.289,8.571,9.333,6.500,4.950,7.375,38,36,14,6,4,20,24,0.368,0.158,0.105,0.526,0.632,0.721,2.162,4.690,0.689,1.239,0.234,6.849,6.333,6.167,2.912,6.327,2020-01-09,-0.649
57,2020-01-24,2020-02-06,14,spd,14.000,13.000,1.000,1.000,0.130,0.391,1.508,0.152,0.196,0.043,1.579,0.800,0.600,1.231,0.500,19,5,5,13,10,46,32,616.196,True,False,2.000,SPD,0.413,0.109,0.109,0.283,0.217,194,56,18,19,58,66,0.098,0.026,0.026,0.067,0.052,0.339,0.278,0.263,0.224,0.152,Regierung,1.000,0.000,19.000,WP19,2020,1,13,0.621,1.862,7.619,0.448,1.172,0.241,8.625,6.750,7.667,7.250,7.688,29,21,8,4,6,8,16,0.276,0.138,0.207,0.276,0.552,0.490,1.471,6.111,0.296,0.977,0.198,7.046,5.950,7.067,6.019,7.188,2020-01-24,-0.649
58,2020-02-06,2020-02-13,14,cdu/csu,27.000,26.000,1.000,1.000,0.000,0.000,1.100,0.000,0.000,0.000,1.000,,,2.000,1.000,2,0,0,1,10,13,10,622.692,True,False,4.000,CDU/CSU,0.154,0.000,0.000,0.077,0.769,40,7,4,1,6,29,0.050,0.000,0.000,0.025,0.250,0.286,0.000,0.000,0.167,0.345,Regierung,1.000,0.000,19.000,WP19,2020,2,7,0.524,1.571,4.310,0.429,0.857,0.286,,9.000,,4.667,4.286,7,7,0,1,0,3,7,0.000,0.143,0.000,0.429,1.000,0.524,1.571,3.210,0.429,0.857,0.286,,,,2.667,3.286,2020-02-06,-0.649
59,2020-02-13,2020-03-05,14,spd,16.000,14.000,2.000,2.000,0.192,0.577,1.320,0.173,0.269,0.135,1.667,1.333,0.800,1.000,1.053,9,9,5,10,19,52,32,597.250,True,False,2.000,SPD,0.173,0.173,0.096,0.192,0.365,222,45,36,18,57,98,0.041,0.041,0.023,0.045,0.086,0.200,0.250,0.278,0.175,0.194,Regierung,1.000,0.000,19.000,WP19,2020,2,21,0.879,2.636,6.872,0.758,1.303,0.576,7.000,7.167,6.625,6.750,6.850,33,27,9,12,8,12,20,0.273,0.364,0.242,0.364,0.606,0.686,2.059,5.552,0.584,1.034,0.441,5.333,5.833,5.825,5.750,5.797,2020-02-13,-0.649
60,2020-03-05,2020-03-20,12,cdu/csu,27.000,26.000,1.000,1.000,0.147,0.442,2.428,0.075,0.275,0.092,2.312,3.913,0.909,3.148,1.796,16,23,11,27,49,120,75,677.300,True,False,4.000,CDU/CSU,0.133,0.192,0.092,0.225,0.408,372,67,71,49,102,152,0.043,0.062,0.030,0.073,0.132,0.239,0.324,0.224,0.265,0.322,Regierung,1.000,0.000,19.000,WP19,2020,3,15,0.757,2.271,6.527,0.695,1.153,0.424,7.364,7.474,8.400,6.450,6.545,59,44,11,19,5,20,33,0.186,0.322,0.085,0.339,0.559,0.610,1.830,4.099,0.620,0.878,0.332,5.051,3.561,7.491,3.302,4.750,2020-03-05,-2.649
61,2020-03-20,2020-04-02,10,linke,9.000,9.000,0.000,0.000,0.533,1.600,1.350,0.800,0.600,0.200,,2.000,0.000,1.667,0.667,0,1,1,3,3,5,5,869.200,True,False,0.000,Die Linke,0.000,0.200,0.200,0.600,0.600,47,2,2,1,23,18,0.000,0.021,0.021,0.064,0.064,0.000,0.500,1.000,0.130,0.167,Opposition,0.000,1.000,19.000,WP19,2020,3,13,0.381,1.143,4.545,0.429,0.571,0.143,,10.000,10.000,3.111,7.400,14,11,0,1,1,9,5,0.000,0.071,0.071,0.643,0.357,0.152,0.457,3.195,0.371,0.029,0.057,,8.000,10.000,1.444,6.733,2020-03-20,-4.649
63,2020-04-17,2020-05-07,9,cdu/csu,38.000,34.000,4.000,4.000,0.047,0.140,2.538,0.035,0.105,0.000,2.000,4.800,1.500,2.538,2.810,11,5,2,13,21,57,35,701.965,True,False,4.000,CDU/CSU,0.193,0.088,0.035,0.228,0.368,167,32,16,10,44,55,0.066,0.030,0.012,0.078,0.126,0.344,0.312,0.200,0.295,0.382,Regierung,1.000,0.000,19.000,WP19,2020,4,20,0.859,2.577,7.133,0.923,1.423,0.231,8.000,8.833,7.667,5.700,7.583,26,22,6,6,3,10,12,0.231,0.231,0.115,0.385,0.462,0.812,2.437,4.594,0.888,1.318,0.231,6.000,4.033,6.167,3.162,4.774,2020-04-17,-5.649
64,2020-05-07,2020-05-15,9,linke,8.000,7.000,1.000,1.000,0.417,1.250,1.580,0.455,0.727,0.068,0.833,2.667,0.833,1.500,1.692,6,6,6,12,13,44,29,488.000,True,False,0.000,Die Linke,0.136,0.136,0.136,0.273,0.295,304,43,28,18,89,110,0.020,0.020,0.020,0.039,0.043,0.140,0.214,0.333,0.135,0.118,Opposition,0.000,1.000,19.000,WP19,2020,5,8,0.859,2.578,6.895,0.844,1.444,0.289,8.286,8.200,8.250,6.167,7.300,45,41,7,10,8,24,30,0.156,0.222,0.178,0.533,0.667,0.443,1.328,5.314,0.390,0.717,0.221,7.452,5.533,7.417,4.667,5.608,2020-05-07,-5.649
65,2020-05-15,2020-06-04,10,cdu/csu,38.000,39.000,-1.000,1.000,0.081,0.244,2.289,0.042,0.143,0.059,2.579,4.750,2.154,2.576,1.500,19,8,13,33,50,119,75,674.235,True,False,4.000,CDU/CSU,0.160,0.067,0.109,0.277,0.420,331,64,30,51,104,145,0.057,0.024,0.039,0.100,0.151,0.297,0.267,0.255,0.317,0.345,Regierung,1.000,0.000,19.000,WP19,2020,5,20,0.750,2.250,6.520,0.696,1.286,0.268,7.583,8.125,6.714,5.667,7.207,56,45,12,8,7,21,29,0.214,0.143,0.125,0.375,0.518,0.669,2.006,4.231,0.654,1.143,0.209,5.004,3.375,4.560,3.091,5.707,2020-05-15,-4.649
66,2020-06-04,2020-06-26,9,cdu/csu,38.000,38.000,0.000,0.000,0.137,0.412,2.699,0.072,0.258,0.082,2.421,3.286,2.222,3.182,2.500,19,7,9,33,46,97,78,663.598,True,False,4.000,CDU/CSU,0.196,0.072,0.093,0.340,0.474,274,54,22,35,89,105,0.069,0.026,0.033,0.120,0.168,0.352,0.318,0.257,0.371,0.438,Regierung,1.000,0.000,19.000,WP19,2020,6,22,0.873,2.619,7.730,0.762,1.381,0.476,8.875,7.833,8.727,7.706,7.750,42,33,8,6,11,17,20,0.190,0.143,0.262,0.405,0.476,0.736,2.207,5.031,0.690,1.123,0.394,6.454,4.548,6.505,4.524,5.250,2020-06-04,-5.649
67,2020-06-26,2020-07-02,10,spd,16.000,15.000,1.000,1.000,0.000,0.000,1.083,0.000,0.000,0.000,2.000,,,0.000,0.500,2,0,0,1,2,8,2,868.625,True,False,2.000,SPD,0.250,0.000,0.000,0.125,0.250,55,9,2,0,7,27,0.036,0.000,0.000,0.018,0.036,0.222,0.000,,0.143,0.074,Regierung,1.000,0.000,19.000,WP19,2020,6,6,0.917,2.750,7.986,0.750,1.375,0.625,8.333,8.000,9.000,8.000,8.143,8,7,3,2,2,1,7,0.375,0.250,0.250,0.125,0.875,0.917,2.750,6.902,0.750,1.375,0.625,6.333,,,8.000,7.643,2020-06-26,-4.649
68,2020-07-02,2020-07-24,10,cdu/csu,37.000,37.000,0.000,0.000,0.103,0.308,2.890,0.038,0.231,0.038,3.312,5.333,4.000,2.850,1.500,16,3,2,20,22,78,38,699.731,True,False,4.000,CDU/CSU,0.205,0.038,0.026,0.256,0.282,228,50,14,13,57,56,0.070,0.013,0.009,0.088,0.096,0.320,0.214,0.154,0.351,0.393,Regierung,1.000,0.000,19.000,WP19,2020,7,22,0.757,2.270,6.500,0.757,1.270,0.243,7.889,8.429,7.000,5.846,7.421,37,25,9,7,5,13,19,0.243,0.189,0.135,0.351,0.514,0.654,1.963,3.610,0.718,1.040,0.205,4.576,3.095,3.000,2.996,5.921,2020-07-02,-4.649
72,2020-09-03,2020-09-18,10,spd,17.000,16.000,1.000,1.000,0.146,0.437,1.244,0.126,0.243,0.068,1.029,3.455,1.250,1.393,0.929,34,11,8,28,28,103,72,600.350,True,False,2.000,SPD,0.330,0.107,0.078,0.272,0.272,444,156,36,15,112,130,0.077,0.025,0.018,0.063,0.063,0.218,0.306,0.533,0.250,0.215,Regierung,1.000,0.000,19.000,WP19,2020,9,15,0.934,2.803,6.648,0.944,1.394,0.465,7.423,8.474,8.385,6.000,7.020,71,59,26,19,13,27,50,0.366,0.268,0.183,0.380,0.704,0.789,2.366,5.404,0.817,1.152,0.397,6.394,5.019,7.135,4.607,6.091,2020-09-03,-4.649
73,2020-09-18,2020-10-01,10,cdu/csu,36.000,36.000,0.000,0.000,0.127,0.381,2.178,0.079,0.270,0.032,3.045,2.800,1.500,2.000,1.935,22,5,4,12,31,63,45,804.921,True,False,4.000,CDU/CSU,0.349,0.079,0.063,0.190,0.492,234,65,54,14,39,126,0.094,0.021,0.017,0.051,0.132,0.338,0.093,0.286,0.308,0.246,Regierung,1.000,0.000,19.000,WP19,2020,9,13,0.990,2.971,7.218,0.914,1.600,0.457,7.462,8.583,8.000,6.900,7.167,35,29,13,12,4,10,24,0.371,0.343,0.114,0.286,0.686,0.863,2.590,5.041,0.835,1.330,0.425,4.416,5.783,6.500,4.900,5.231,2020-09-18,-4.649
74,2020-10-01,2020-10-16,10,linke,8.000,8.000,0.000,0.000,0.532,1.596,1.156,0.614,0.947,0.035,1.222,1.400,0.333,1.133,0.917,9,5,6,15,12,57,32,544.298,True,False,0.000,Die Linke,0.158,0.088,0.105,0.263,0.211,384,69,42,45,88,115,0.023,0.013,0.016,0.039,0.031,0.130,0.119,0.133,0.170,0.104,Opposition,0.000,1.000,19.000,WP19,2020,10,15,0.936,2.809,6.989,0.941,1.382,0.485,8.111,8.458,7.706,5.929,7.432,68,58,18,24,17,28,44,0.265,0.353,0.250,0.412,0.647,0.404,1.212,5.833,0.327,0.435,0.450,6.889,7.058,7.373,4.795,6.515,2020-10-01,-4.649
75,2020-10-16,2020-11-12,11,spd,15.000,15.000,0.000,0.000,0.108,0.324,1.582,0.072,0.162,0.090,1.312,3.000,0.667,1.750,0.784,16,11,9,48,37,111,72,630.766,True,False,2.000,SPD,0.144,0.099,0.081,0.432,0.333,493,75,56,46,199,176,0.032,0.022,0.018,0.097,0.075,0.213,0.196,0.196,0.241,0.210,Regierung,1.000,0.000,19.000,WP19,2020,10,27,0.885,2.654,6.853,0.864,1.284,0.506,8.615,8.120,7.375,6.455,7.064,81,65,13,25,16,44,47,0.160,0.309,0.198,0.543,0.580,0.777,2.330,5.271,0.792,1.122,0.416,7.303,5.120,6.708,4.705,6.280,2020-10-16,-3.649
76,2020-11-12,2020-11-27,10,linke,7.000,7.000,0.000,0.000,0.509,1.528,1.774,0.491,0.887,0.151,1.500,5.000,1.667,1.833,1.947,12,4,6,18,19,53,39,549.075,True,False,0.000,Die Linke,0.226,0.075,0.113,0.340,0.358,402,64,25,41,148,127,0.030,0.010,0.015,0.045,0.047,0.188,0.160,0.146,0.122,0.150,Opposition,0.000,1.000,19.000,WP19,2020,11,15,0.797,2.391,6.557,0.797,1.281,0.312,7.538,8.071,7.222,6.094,7.441,64,53,13,14,9,32,34,0.203,0.219,0.141,0.500,0.531,0.287,0.862,4.783,0.306,0.394,0.162,6.038,3.071,5.556,4.260,5.494,2020-11-12,-4.649
77,2020-11-27,2020-12-03,11,cdu/csu,35.000,36.000,-1.000,1.000,0.030,0.091,0.970,0.000,0.091,0.000,2.000,,0.833,0.625,0.400,1,0,6,8,5,22,11,720.000,True,False,4.000,CDU/CSU,0.045,0.000,0.273,0.364,0.227,66,2,5,22,22,14,0.015,0.000,0.091,0.121,0.076,0.500,0.000,0.273,0.364,0.357,Regierung,1.000,0.000,19.000,WP19,2020,11,6,1.212,3.636,7.429,1.364,1.636,0.636,,9.000,6.667,8.400,8.333,11,7,0,3,3,5,6,0.000,0.273,0.273,0.455,0.545,1.182,3.545,6.459,1.364,1.545,0.636,,,5.833,7.775,7.933,2020-11-27,-3.649
78,2020-12-03,2020-12-11,10,cdu/csu,36.000,35.000,1.000,1.000,0.102,0.305,2.072,0.085,0.169,0.051,2.360,5.500,1.750,2.000,1.577,25,4,4,11,26,59,38,922.881,True,False,4.000,CDU/CSU,0.424,0.068,0.068,0.186,0.441,198,73,12,24,42,75,0.126,0.020,0.020,0.056,0.131,0.342,0.333,0.167,0.262,0.347,Regierung,1.000,0.000,19.000,WP19,2020,12,8,1.056,3.167,7.701,1.028,1.639,0.500,8.154,8.778,8.333,7.263,8.120,36,31,13,9,9,19,25,0.361,0.250,0.250,0.528,0.694,0.954,2.862,5.628,0.943,1.469,0.449,5.794,3.278,6.583,5.263,6.543,2020-12-03,-4.649
79,2020-12-11,2021-01-07,9,linke,7.000,7.000,0.000,0.000,0.568,1.704,0.940,0.556,1.037,0.111,1.500,1.000,0.600,0.889,0.800,2,4,5,9,5,27,14,526.778,True,False,0.000,Die Linke,0.074,0.148,0.185,0.333,0.185,213,21,23,23,67,46,0.009,0.019,0.023,0.042,0.023,0.095,0.174,0.217,0.134,0.109,Opposition,0.000,1.000,19.000,WP19,2020,12,27,0.989,2.968,7.232,0.968,1.516,0.484,9.750,8.600,7.500,6.000,8.118,31,23,4,10,6,17,17,0.129,0.323,0.194,0.548,0.548,0.421,1.264,6.291,0.412,0.479,0.373,8.250,7.600,6.900,5.111,7.318,2020-12-11,-5.649
80,2021-01-07,2021-01-22,10,cdu/csu,35.000,36.000,-1.000,1.000,0.179,0.537,2.400,0.074,0.315,0.148,1.500,5.500,3.500,3.875,1.960,10,6,2,16,25,54,36,671.556,True,False,4.000,CDU/CSU,0.185,0.111,0.037,0.296,0.463,159,36,18,13,47,63,0.063,0.038,0.013,0.101,0.157,0.278,0.333,0.154,0.340,0.397,Regierung,1.000,0.000,19.000,WP19,2021,1,15,0.774,2.321,6.615,0.643,1.357,0.321,7.000,8.667,7.500,6.364,6.667,28,21,5,3,2,11,18,0.179,0.107,0.071,0.393,0.643,0.595,1.784,4.215,0.569,1.042,0.173,5.500,3.167,4.000,2.489,4.707,2021-01-07,-4.649
81,2021-01-22,2021-02-04,10,spd,15.000,14.000,1.000,1.000,0.082,0.246,1.233,0.046,0.138,0.062,1.231,4.500,1.000,1.321,0.933,13,2,5,28,15,65,45,592.662,True,False,2.000,SPD,0.200,0.031,0.077,0.431,0.231,262,47,8,17,97,70,0.050,0.008,0.019,0.107,0.057,0.277,0.250,0.294,0.289,0.214,Regierung,1.000,0.000,19.000,WP19,2021,1,13,0.783,2.350,5.851,0.775,1.375,0.200,7.571,7.500,8.333,5.235,6.650,40,29,7,2,3,17,20,0.175,0.050,0.075,0.425,0.500,0.701,2.104,4.617,0.729,1.237,0.138,6.341,3.000,7.333,3.914,5.717,2021-01-22,-4.649
82,2021-02-04,2021-02-19,10,cdu/csu,34.000,34.000,0.000,0.000,0.135,0.405,2.264,0.051,0.253,0.101,2.750,3.600,0.000,2.556,1.767,4,5,1,27,30,79,46,730.215,True,False,4.000,CDU/CSU,0.051,0.063,0.013,0.342,0.380,220,24,21,12,83,82,0.018,0.023,0.005,0.123,0.136,0.167,0.238,0.083,0.325,0.366,Regierung,1.000,0.000,19.000,WP19,2021,2,15,0.778,2.333,5.972,0.818,1.333,0.182,7.500,7.000,5.500,5.941,5.958,33,30,6,3,2,17,24,0.182,0.091,0.061,0.515,0.727,0.643,1.928,3.708,0.768,1.080,0.081,4.750,3.400,5.500,3.386,4.192,2021-02-04,-4.649
83,2021-02-19,2021-03-04,11,linke,6.000,6.000,0.000,0.000,0.569,1.706,1.526,0.588,1.059,0.059,0.250,5.000,0.600,1.455,1.733,4,2,5,11,15,34,26,506.794,True,False,0.000,Die Linke,0.118,0.059,0.147,0.324,0.441,245,33,13,32,74,91,0.016,0.008,0.020,0.045,0.061,0.121,0.154,0.156,0.149,0.165,Opposition,0.000,1.000,19.000,WP19,2021,2,13,0.803,2.410,6.409,0.795,1.359,0.256,7.000,8.143,8.833,5.708,7.524,39,32,7,7,6,24,21,0.179,0.179,0.154,0.615,0.538,0.235,0.704,4.883,0.207,0.300,0.198,6.750,3.143,8.233,4.254,5.790,2021-02-19,-3.649
84,2021-03-04,2021-03-19,11,cdu/csu,33.000,33.000,0.000,0.000,0.140,0.420,2.634,0.086,0.296,0.037,2.750,5.250,2.400,2.630,1.389,12,4,10,27,18,81,46,663.901,True,False,4.000,CDU/CSU,0.148,0.049,0.123,0.333,0.222,231,43,14,29,79,54,0.052,0.017,0.043,0.117,0.078,0.279,0.286,0.345,0.342,0.333,Regierung,1.000,0.000,19.000,WP19,2021,3,15,1.019,3.057,6.687,1.057,1.514,0.486,9.200,8.625,7.750,6.158,7.200,35,29,5,8,8,19,20,0.143,0.229,0.229,0.543,0.571,0.879,2.637,4.053,0.971,1.218,0.449,6.450,3.375,5.350,3.528,5.811,2021-03-04,-3.649
85,2021-03-19,2021-04-01,11,linke,7.000,7.000,0.000,0.000,0.413,1.238,1.378,0.333,0.833,0.071,1.000,0.500,0.500,1.000,2.000,9,2,6,11,14,42,30,486.119,True,False,0.000,Die Linke,0.214,0.048,0.143,0.262,0.333,323,55,23,45,95,127,0.028,0.006,0.019,0.034,0.043,0.164,0.087,0.133,0.116,0.110,Opposition,0.000,1.000,19.000,WP19,2021,3,13,0.841,2.522,6.531,0.848,1.413,0.261,6.125,8.333,7.455,6.043,7.300,46,38,8,6,11,23,30,0.174,0.130,0.239,0.500,0.652,0.428,1.284,5.153,0.514,0.580,0.189,5.125,7.833,6.955,5.043,5.300,2021-03-19,-3.649
86,2021-04-01,2021-04-16,11,cdu/csu,27.000,29.000,-2.000,2.000,0.048,0.145,1.750,0.018,0.091,0.036,1.733,3.000,0.727,2.350,1.333,15,1,11,20,18,55,40,639.109,True,False,4.000,CDU/CSU,0.273,0.018,0.200,0.364,0.327,171,48,5,29,54,50,0.088,0.006,0.064,0.117,0.105,0.312,0.200,0.379,0.370,0.360,Regierung,1.000,0.000,19.000,WP19,2021,4,15,0.828,2.483,7.278,0.828,1.345,0.310,7.600,8.500,8.571,7.071,7.688,29,21,5,4,7,14,16,0.172,0.138,0.241,0.483,0.552,0.779,2.337,5.528,0.809,1.254,0.274,5.867,5.500,7.844,4.721,6.354,2021-04-01,-3.649
87,2021-04-16,2021-05-06,11,cdu/csu,28.000,27.000,1.000,1.000,0.084,0.253,2.457,0.047,0.165,0.041,2.438,2.800,2.706,2.958,1.316,16,10,17,71,57,170,116,607.465,True,False,4.000,CDU/CSU,0.094,0.059,0.100,0.418,0.335,488,56,26,62,190,148,0.033,0.020,0.035,0.145,0.117,0.286,0.385,0.274,0.374,0.385,Regierung,1.000,0.000,19.000,WP19,2021,4,20,0.743,2.228,6.209,0.772,1.190,0.266,7.846,7.875,5.818,5.903,6.694,79,57,13,16,11,31,36,0.165,0.203,0.139,0.392,0.456,0.658,1.975,3.752,0.725,1.025,0.225,5.409,5.075,3.112,2.945,5.379,2021-04-16,-3.649
88,2021-05-06,2021-05-14,12,linke,6.000,7.000,-1.000,1.000,0.465,1.394,1.278,0.424,0.909,0.061,1.000,,0.500,1.467,1.100,6,0,2,15,10,33,24,483.576,True,False,0.000,Die Linke,0.182,0.000,0.061,0.455,0.303,242,51,5,10,101,72,0.025,0.000,0.008,0.062,0.041,0.118,0.000,0.200,0.149,0.139,Opposition,0.000,1.000,19.000,WP19,2021,5,8,0.793,2.378,6.509,0.757,1.432,0.189,8.600,10.000,8.167,6.375,6.778,37,29,10,2,6,16,18,0.270,0.054,0.162,0.432,0.486,0.328,0.984,5.231,0.333,0.523,0.129,7.600,,7.667,4.908,5.678,2021-05-06,-2.649
89,2021-05-14,2021-06-10,11,cdu/csu,24.000,23.000,1.000,1.000,0.127,0.381,2.109,0.079,0.198,0.103,2.522,4.417,1.714,1.909,1.707,23,12,14,33,41,126,84,643.944,True,False,4.000,CDU/CSU,0.183,0.095,0.111,0.262,0.325,434,85,30,87,157,107,0.053,0.028,0.032,0.076,0.094,0.271,0.400,0.161,0.210,0.383,Regierung,1.000,0.000,19.000,WP19,2021,5,27,0.856,2.567,6.666,0.851,1.388,0.328,8.588,9.000,8.900,5.886,7.238,67,61,17,9,10,35,42,0.254,0.134,0.149,0.522,0.627,0.729,2.186,4.557,0.771,1.190,0.225,6.066,4.583,7.186,3.977,5.531,2021-05-14,-3.649
90,2021-06-10,2021-06-25,12,cdu/csu,28.000,24.000,4.000,4.000,0.123,0.368,3.141,0.091,0.215,0.062,3.387,4.368,2.250,3.340,2.339,62,19,12,53,59,209,140,629.746,True,False,4.000,CDU/CSU,0.297,0.091,0.057,0.254,0.282,563,148,60,59,159,163,0.110,0.034,0.021,0.094,0.105,0.419,0.317,0.203,0.333,0.362,Regierung,1.000,0.000,19.000,WP19,2021,6,15,0.747,2.241,7.062,0.646,1.291,0.304,7.833,8.786,8.467,6.214,7.780,79,55,18,14,15,28,41,0.228,0.177,0.190,0.354,0.519,0.624,1.872,3.921,0.555,1.076,0.242,4.446,4.417,6.217,2.875,5.442,2021-06-10,-2.649
91,2021-06-25,2021-07-01,12,spd,15.000,14.000,1.000,1.000,0.123,0.368,0.667,0.105,0.263,0.000,0.500,,0.000,1.200,0.286,2,0,1,5,7,19,9,628.368,True,False,2.000,SPD,0.105,0.000,0.053,0.263,0.368,77,8,5,7,22,33,0.026,0.000,0.013,0.065,0.091,0.250,0.000,0.143,0.227,0.212,Regierung,1.000,0.000,19.000,WP19,2021,6,6,0.727,2.182,6.821,0.545,1.182,0.455,9.000,8.500,8.000,8.000,6.400,11,7,1,2,1,3,5,0.091,0.182,0.091,0.273,0.455,0.604,1.813,6.155,0.440,0.919,0.455,8.500,,8.000,6.800,6.114,2021-06-25,-2.649
95,2021-08-20,2021-09-02,11,cdu/csu,23.000,27.000,-4.000,4.000,0.278,0.833,2.917,0.333,0.444,0.056,1.500,0.000,0.000,4.000,2.400,2,1,1,11,5,18,15,759.611,True,False,4.000,CDU/CSU,0.111,0.056,0.056,0.611,0.278,50,8,8,2,26,21,0.040,0.020,0.020,0.220,0.100,0.250,0.125,0.500,0.423,0.238,Regierung,1.000,0.000,19.000,WP19,2021,8,13,1.100,3.300,7.481,1.000,1.600,0.700,7.000,9.000,8.000,7.000,7.667,10,9,3,3,1,7,6,0.300,0.300,0.100,0.700,0.600,0.822,2.467,4.565,0.667,1.156,0.644,5.500,9.000,8.000,3.000,5.267,2021-08-20,-3.649
96,2021-09-02,2021-09-16,12,spd,25.000,21.000,4.000,4.000,0.238,0.714,1.950,0.286,0.429,0.000,3.000,,1.000,2.333,2.000,2,0,2,3,2,7,5,622.714,True,False,2.000,SPD,0.286,0.000,0.286,0.429,0.286,44,11,1,6,25,13,0.045,0.000,0.045,0.068,0.045,0.182,0.000,0.333,0.120,0.154,Regierung,1.000,0.000,19.000,WP19,2021,9,14,1.167,3.500,6.317,1.167,1.667,0.667,6.667,9.500,8.500,6.600,8.667,6,6,3,2,2,5,3,0.500,0.333,0.333,0.833,0.500,0.929,2.786,4.367,0.881,1.238,0.667,3.667,,7.500,4.267,6.667,2021-09-02,-2.649
97,2021-09-16,2021-10-29,11,cdu/csu,22.000,20.000,2.000,2.000,0.333,1.000,1.000,0.000,1.000,0.000,,,,2.000,0.000,0,0,0,1,1,1,1,537.000,True,False,4.000,CDU/CSU,0.000,0.000,0.000,1.000,1.000,5,0,0,2,3,2,0.000,0.000,0.000,0.200,0.200,,,0.000,0.333,0.500,Opposition,0.000,1.000,20.000,WP20,2021,9,43,1.667,5.000,7.750,2.000,2.000,1.000,,8.000,8.000,7.000,8.000,1,1,0,1,1,1,1,0.000,1.000,1.000,1.000,1.000,1.333,4.000,6.750,2.000,1.000,1.000,,,,5.000,8.000,2021-09-16,-3.649
99,2021-11-04,2021-11-26,10,spd,27.000,26.000,1.000,1.000,0.284,0.852,2.175,0.148,0.630,0.074,1.143,3.500,,2.909,1.400,7,4,0,11,10,27,21,605.407,True,False,2.000,SPD,0.259,0.148,0.000,0.407,0.370,109,27,16,0,42,34,0.064,0.037,0.000,0.101,0.092,0.259,0.250,,0.262,0.294,Regierung,1.000,0.000,20.000,WP20,2021,11,22,0.879,2.636,7.684,0.909,1.318,0.409,7.167,9.200,7.000,7.444,8.000,22,19,6,5,1,9,11,0.273,0.227,0.045,0.409,0.500,0.595,1.785,5.510,0.761,0.689,0.335,6.024,5.700,,4.535,6.600,2021-11-04,-4.649
101,2021-12-02,2021-12-10,11,cdu/csu,23.000,21.000,2.000,2.000,0.206,0.619,3.733,0.143,0.429,0.048,6.250,,,3.400,2.333,4,0,0,5,6,21,15,598.238,True,False,4.000,CDU/CSU,0.190,0.000,0.000,0.238,0.286,64,15,0,0,15,27,0.062,0.000,0.000,0.078,0.094,0.267,,,0.333,0.222,Opposition,0.000,1.000,20.000,WP20,2021,12,8,0.917,2.750,7.929,1.125,1.500,0.125,9.000,10.000,10.000,7.500,8.000,8,7,2,1,1,4,2,0.250,0.125,0.125,0.500,0.250,0.710,2.131,4.195,0.982,1.071,0.077,2.750,,,4.100,5.667,2021-12-02,-3.649
102,2021-12-10,2022-01-06,11,spd,26.000,25.000,1.000,1.000,0.013,0.038,1.100,0.038,0.000,0.000,0.556,,0.500,1.200,0.750,9,0,2,10,8,26,15,733.654,True,False,2.000,SPD,0.346,0.000,0.077,0.385,0.308,110,31,5,10,56,35,0.082,0.000,0.018,0.091,0.073,0.290,0.000,0.200,0.179,0.229,Regierung,1.000,0.000,20.000,WP20,2021,12,27,1.238,3.714,6.827,1.357,1.714,0.643,8.333,8.333,6.333,6.556,8.500,14,11,3,3,3,9,4,0.214,0.214,0.214,0.643,0.286,1.225,3.676,5.727,1.319,1.714,0.643,7.778,,5.833,5.356,7.750,2021-12-10,-3.649
103,2022-01-06,2022-01-21,11,cdu/csu,23.000,23.000,0.000,0.000,0.226,0.677,4.063,0.177,0.419,0.081,4.050,6.667,7.500,4.308,3.050,20,6,4,13,20,62,45,747.258,True,False,4.000,CDU/CSU,0.323,0.097,0.065,0.210,0.323,201,86,23,43,61,75,0.100,0.030,0.020,0.065,0.100,0.233,0.261,0.093,0.213,0.267,Opposition,0.000,1.000,20.000,WP20,2022,1,15,1.097,3.290,7.615,1.032,1.645,0.613,8.333,9.500,9.000,7.350,7.800,31,29,12,6,8,20,20,0.387,0.194,0.258,0.645,0.645,0.871,2.613,3.552,0.855,1.226,0.532,4.283,2.833,1.500,3.042,4.750,2022-01-06,-3.649
104,2022-01-21,2022-02-03,12,grüne,16.000,16.000,0.000,0.000,0.172,0.516,1.877,0.226,0.258,0.032,1.100,3.500,0.000,2.529,1.200,10,2,2,17,10,31,27,567.581,True,False,1.000,Bündnis 90/Die Grünen,0.323,0.065,0.065,0.548,0.323,165,52,7,5,74,69,0.061,0.012,0.012,0.103,0.061,0.192,0.286,0.400,0.230,0.145,Regierung,1.000,0.000,20.000,WP20,2022,1,13,0.855,2.565,7.238,0.913,1.478,0.174,7.571,7.500,7.000,6.800,6.909,23,21,7,2,1,10,11,0.304,0.087,0.043,0.435,0.478,0.683,2.049,5.362,0.687,1.220,0.142,6.471,4.000,7.000,4.271,5.709,2022-01-21,-2.649
105,2022-02-03,2022-02-18,12,cdu/csu,27.000,24.000,3.000,3.000,0.205,0.615,3.258,0.077,0.513,0.026,3.125,7.667,1.000,4.333,2.562,8,3,4,15,16,39,31,639.846,True,False,4.000,CDU/CSU,0.205,0.077,0.103,0.385,0.410,136,32,22,23,55,64,0.059,0.022,0.029,0.110,0.118,0.250,0.136,0.174,0.273,0.250,Opposition,0.000,1.000,20.000,WP20,2022,2,15,0.873,2.619,7.694,0.762,1.190,0.667,9.000,7.333,8.286,7.625,7.615,21,18,3,9,7,8,13,0.143,0.429,0.333,0.381,0.619,0.668,2.004,4.436,0.685,0.678,0.641,5.875,0.333,7.286,3.292,5.053,2022-02-03,-2.649
106,2022-02-18,2022-03-03,12,spd,24.000,22.000,2.000,2.000,0.190,0.571,1.218,0.214,0.357,0.000,1.000,1.250,0.000,1.222,1.000,12,4,1,9,20,28,26,638.536,True,False,2.000,SPD,0.429,0.143,0.036,0.321,0.714,89,36,16,3,23,54,0.135,0.045,0.011,0.101,0.225,0.333,0.250,0.333,0.391,0.370,Regierung,1.000,0.000,20.000,WP20,2022,2,13,0.812,2.438,7.094,0.812,1.375,0.250,9.000,6.667,10.000,6.000,6.538,16,15,7,3,1,8,13,0.438,0.188,0.062,0.500,0.812,0.622,1.866,5.876,0.598,1.018,0.250,8.000,5.417,10.000,4.778,5.538,2022-02-18,-2.649
107,2022-03-03,2022-03-18,11,cdu/csu,26.000,26.000,0.000,0.000,0.309,0.926,2.595,0.204,0.630,0.093,3.750,3.143,0.500,2.615,1.636,12,7,2,26,22,54,44,646.037,True,False,4.000,CDU/CSU,0.222,0.130,0.037,0.481,0.407,186,49,26,15,83,77,0.065,0.038,0.011,0.140,0.118,0.245,0.269,0.133,0.313,0.286,Opposition,0.000,1.000,20.000,WP20,2022,3,15,0.920,2.760,6.413,1.000,1.440,0.320,8.571,8.500,6.000,5.643,6.357,25,23,7,4,3,14,14,0.280,0.160,0.120,0.560,0.560,0.611,1.834,3.818,0.796,0.810,0.227,4.821,5.357,5.500,3.027,4.721,2022-03-03,-3.649
108,2022-03-18,2022-04-07,11,linke,4.000,5.000,-1.000,1.000,0.530,1.590,1.106,0.641,0.872,0.077,1.067,0.333,2.500,1.625,0.500,15,3,4,8,14,39,25,483.026,True,False,0.000,Die Linke,0.385,0.077,0.103,0.205,0.359,388,151,67,42,87,203,0.039,0.008,0.010,0.021,0.036,0.099,0.045,0.095,0.092,0.069,Opposition,0.000,1.000,20.000,WP20,2022,3,20,0.805,2.414,6.736,0.741,1.414,0.259,7.867,8.143,8.300,6.579,6.629,58,50,30,7,10,19,35,0.517,0.121,0.172,0.328,0.603,0.275,0.824,5.630,0.100,0.542,0.182,6.800,7.810,5.800,4.954,6.129,2022-03-18,-3.649
109,2022-04-07,2022-04-14,11,spd,24.000,25.000,-1.000,1.000,0.127,0.382,1.510,0.164,0.182,0.036,1.500,1.500,0.500,1.941,0.773,12,12,6,17,22,55,40,630.200,True,False,2.000,SPD,0.218,0.218,0.109,0.309,0.400,198,45,40,21,69,80,0.061,0.061,0.030,0.086,0.111,0.267,0.300,0.286,0.246,0.275,Regierung,1.000,0.000,20.000,WP20,2022,4,7,0.770,2.310,7.246,0.759,1.345,0.207,8.333,7.500,8.667,6.750,7.455,29,22,6,6,3,12,11,0.207,0.207,0.103,0.414,0.379,0.643,1.929,5.736,0.595,1.163,0.171,6.833,6.000,8.167,4.809,6.682,2022-04-07,-3.649
110,2022-04-14,2022-04-28,11,grüne,18.000,19.000,-1.000,1.000,0.000,0.000,0.700,0.000,0.000,0.000,0.000,,1.000,1.000,0.667,2,0,2,3,3,7,5,553.429,True,False,1.000,Bündnis 90/Die Grünen,0.286,0.000,0.286,0.429,0.429,40,11,2,10,14,16,0.050,0.000,0.050,0.075,0.075,0.182,0.000,0.200,0.214,0.188,Regierung,1.000,0.000,20.000,WP20,2022,4,14,0.800,2.400,7.083,0.800,1.400,0.200,10.000,,10.000,4.333,8.000,5,4,1,0,1,3,3,0.200,0.000,0.200,0.600,0.600,0.800,2.400,6.383,0.800,1.400,0.200,10.000,,9.000,3.333,7.333,2022-04-14,-3.649
111,2022-04-28,2022-05-13,11,linke,3.000,4.000,-1.000,1.000,0.500,1.500,1.826,0.580,0.880,0.040,2.538,1.200,0.000,0.857,2.200,13,5,5,14,20,50,34,447.060,True,False,0.000,Die Linke,0.260,0.100,0.100,0.280,0.400,414,113,56,39,114,175,0.031,0.012,0.012,0.034,0.048,0.115,0.089,0.128,0.123,0.114,Opposition,0.000,1.000,20.000,WP20,2022,4,15,0.765,2.295,6.203,0.754,1.328,0.213,7.714,8.125,7.167,5.200,6.344,61,51,21,8,6,20,32,0.344,0.131,0.098,0.328,0.525,0.265,0.795,4.377,0.174,0.448,0.173,5.176,6.925,7.167,4.343,4.144,2022-04-28,-3.649
112,2022-05-13,2022-06-02,11,spd,22.000,24.000,-2.000,2.000,0.132,0.396,1.404,0.126,0.243,0.027,1.761,2.000,0.167,1.120,0.905,46,11,12,25,42,111,86,661.342,True,False,2.000,SPD,0.414,0.099,0.108,0.225,0.378,415,158,31,35,89,157,0.111,0.027,0.029,0.060,0.101,0.291,0.355,0.343,0.281,0.268,Regierung,1.000,0.000,20.000,WP20,2022,5,20,0.853,2.559,7.134,0.864,1.441,0.254,8.161,7.615,8.286,5.857,7.171,59,53,31,13,7,21,41,0.525,0.220,0.119,0.356,0.695,0.721,2.163,5.730,0.738,1.197,0.227,6.400,5.615,8.119,4.737,6.266,2022-05-13,-3.649
113,2022-06-02,2022-06-24,11,cdu/csu,27.000,26.000,1.000,1.000,0.250,0.750,3.303,0.212,0.519,0.019,4.455,4.600,,3.938,2.794,22,5,0,16,34,104,52,668.462,True,False,4.000,CDU/CSU,0.212,0.048,0.000,0.154,0.327,381,120,38,16,73,155,0.058,0.013,0.000,0.042,0.089,0.183,0.132,0.000,0.219,0.219,Opposition,0.000,1.000,20.000,WP20,2022,6,22,0.897,2.691,6.830,0.909,1.491,0.291,8.000,8.556,8.000,5.526,6.700,55,47,22,9,5,19,40,0.400,0.164,0.091,0.345,0.727,0.647,1.941,3.527,0.698,0.972,0.272,3.545,3.956,,1.589,3.906,2022-06-02,-3.649
114,2022-06-24,2022-07-07,12,spd,20.000,21.000,-1.000,1.000,0.186,0.559,0.938,0.176,0.353,0.029,1.000,,1.000,0.857,0.625,8,0,8,14,8,34,24,675.324,True,False,2.000,SPD,0.235,0.000,0.235,0.412,0.235,123,33,6,26,51,32,0.065,0.000,0.065,0.114,0.065,0.242,0.000,0.308,0.275,0.250,Regierung,1.000,0.000,20.000,WP20,2022,6,13,0.633,1.900,6.778,0.750,0.950,0.200,9.000,6.000,9.250,6.083,7.000,20,18,5,2,8,12,8,0.250,0.100,0.400,0.600,0.400,0.447,1.341,5.840,0.574,0.597,0.171,8.000,,8.250,5.226,6.375,2022-06-24,-2.649
115,2022-07-07,2022-07-22,11,cdu/csu,27.000,26.000,1.000,1.000,0.242,0.725,3.065,0.145,0.536,0.043,4.368,2.800,3.333,3.846,2.179,19,5,3,13,28,69,46,621.377,True,False,4.000,CDU/CSU,0.275,0.072,0.043,0.188,0.406,250,81,16,13,37,94,0.076,0.020,0.012,0.052,0.112,0.235,0.312,0.231,0.351,0.298,Opposition,0.000,1.000,20.000,WP20,2022,7,15,0.847,2.541,7.006,0.865,1.405,0.270,8.846,7.400,6.750,5.455,7.190,37,30,13,5,4,11,21,0.351,0.135,0.108,0.297,0.568,0.605,1.816,3.940,0.720,0.869,0.227,4.478,4.600,3.417,1.608,5.012,2022-07-07,-3.649
119,2022-09-01,2022-09-16,13,spd,17.000,18.000,-1.000,1.000,0.105,0.316,1.361,0.105,0.197,0.013,1.452,1.750,0.778,1.267,1.111,31,4,9,15,27,76,54,707.789,True,False,2.000,SPD,0.408,0.053,0.118,0.197,0.355,292,111,18,19,62,112,0.106,0.014,0.031,0.051,0.092,0.279,0.222,0.474,0.242,0.241,Regierung,1.000,0.000,20.000,WP20,2022,9,15,0.979,2.936,7.483,1.043,1.617,0.277,8.360,8.200,8.375,6.214,7.385,47,38,25,10,8,14,26,0.532,0.213,0.170,0.298,0.553,0.873,2.620,6.122,0.937,1.420,0.263,6.908,6.450,7.597,4.948,6.274,2022-09-01,-1.649
120,2022-09-16,2022-10-06,14,cdu/csu,28.000,27.000,1.000,1.000,0.336,1.007,4.161,0.250,0.709,0.047,5.250,5.600,3.200,4.043,2.467,52,5,5,23,45,148,93,656.480,True,False,4.000,CDU/CSU,0.351,0.034,0.034,0.155,0.304,535,209,29,37,104,201,0.097,0.009,0.009,0.043,0.084,0.249,0.172,0.135,0.221,0.224,Opposition,0.000,1.000,20.000,WP20,2022,9,20,0.953,2.859,7.406,0.974,1.590,0.295,8.775,8.000,7.818,5.286,7.731,78,70,40,12,11,28,52,0.513,0.154,0.141,0.359,0.667,0.617,1.852,3.245,0.724,0.880,0.248,3.525,2.400,4.618,1.242,5.264,2022-09-16,-0.649
121,2022-10-06,2022-10-14,15,spd,17.000,17.000,0.000,0.000,0.214,0.643,1.250,0.250,0.339,0.054,1.571,1.889,1.000,0.385,1.000,14,9,4,13,19,56,36,562.893,True,False,2.000,SPD,0.250,0.161,0.071,0.232,0.339,193,51,33,12,49,72,0.073,0.047,0.021,0.067,0.098,0.275,0.273,0.333,0.265,0.264,Regierung,1.000,0.000,20.000,WP20,2022,10,8,1.111,3.333,7.714,1.292,1.625,0.417,8.667,8.571,6.500,6.818,7.867,24,21,9,7,4,11,15,0.375,0.292,0.167,0.458,0.625,0.897,2.690,6.464,1.042,1.286,0.363,7.095,6.683,5.500,6.434,6.867,2022-10-06,0.351
122,2022-10-14,2022-11-03,15,cdu/csu,26.000,28.000,-2.000,2.000,0.333,1.000,3.679,0.244,0.689,0.067,4.519,6.778,3.667,4.273,3.171,27,9,3,11,41,90,52,636.989,True,False,4.000,CDU/CSU,0.300,0.100,0.033,0.122,0.456,325,108,45,15,50,143,0.083,0.028,0.009,0.034,0.126,0.250,0.200,0.200,0.220,0.287,Opposition,0.000,1.000,20.000,WP20,2022,10,20,1.000,3.000,7.595,1.000,1.600,0.400,8.130,7.923,8.400,6.733,7.867,45,38,23,13,5,15,30,0.511,0.289,0.111,0.333,0.667,0.667,2.000,3.915,0.756,0.911,0.333,3.612,1.145,4.733,2.461,4.696,2022-10-14,0.351
123,2022-11-03,2022-11-11,14,linke,5.000,5.000,0.000,0.000,0.449,1.346,0.901,0.462,0.808,0.077,0.857,1.000,0.400,1.333,1.000,7,2,5,9,4,26,16,428.500,True,False,0.000,Die Linke,0.269,0.077,0.192,0.346,0.154,241,71,14,23,81,69,0.029,0.008,0.021,0.037,0.017,0.099,0.143,0.217,0.111,0.058,Opposition,0.000,1.000,20.000,WP20,2022,11,8,0.981,2.944,7.273,0.917,1.472,0.556,8.750,8.875,8.000,6.071,7.043,36,29,12,8,7,14,23,0.333,0.222,0.194,0.389,0.639,0.533,1.598,6.372,0.455,0.665,0.479,7.893,7.875,7.600,4.738,6.043,2022-11-03,-0.649
124,2022-11-11,2022-12-01,14,spd,18.000,19.000,-1.000,1.000,0.135,0.405,1.165,0.126,0.252,0.027,1.235,2.067,0.789,1.192,1.000,51,15,19,26,63,111,90,704.595,True,False,2.000,SPD,0.459,0.135,0.171,0.234,0.568,409,169,38,46,75,176,0.125,0.037,0.046,0.064,0.154,0.302,0.395,0.413,0.347,0.358,Regierung,1.000,0.000,20.000,WP20,2022,11,20,1.079,3.238,7.950,1.095,1.698,0.444,8.375,9.000,8.077,7.750,7.675,63,52,32,13,13,20,40,0.508,0.206,0.206,0.317,0.635,0.944,2.833,6.785,0.969,1.446,0.417,7.140,6.933,7.287,6.558,6.675,2022-11-11,-0.649
125,2022-12-01,2022-12-09,15,cdu/csu,30.000,28.000,2.000,2.000,0.355,1.066,4.659,0.276,0.684,0.105,4.652,6.600,3.600,5.267,4.579,23,10,5,15,19,76,46,608.697,True,False,4.000,CDU/CSU,0.303,0.132,0.066,0.197,0.250,281,103,35,30,67,91,0.082,0.036,0.018,0.053,0.068,0.223,0.286,0.167,0.224,0.209,Opposition,0.000,1.000,20.000,WP20,2022,12,8,1.017,3.050,7.434,1.100,1.500,0.450,8.786,9.125,7.857,5.917,8.000,40,33,14,8,7,12,18,0.350,0.200,0.175,0.300,0.450,0.661,1.984,2.775,0.824,0.816,0.345,4.134,2.525,4.257,0.650,3.421,2022-12-01,0.351
126,2022-12-09,2023-01-05,15,spd,18.000,18.000,0.000,0.000,0.222,0.667,1.267,0.120,0.373,0.173,1.524,1.818,1.000,1.520,0.794,21,11,5,25,34,75,55,623.880,True,False,2.000,SPD,0.280,0.147,0.067,0.333,0.453,267,77,35,20,78,110,0.079,0.041,0.019,0.094,0.127,0.273,0.314,0.250,0.321,0.309,Regierung,1.000,0.000,20.000,WP20,2022,12,27,0.970,2.909,7.089,0.970,1.545,0.394,7.600,8.000,7.200,6.533,7.455,33,29,15,9,5,15,22,0.455,0.273,0.152,0.455,0.667,0.747,2.242,5.822,0.850,1.172,0.221,6.076,6.182,6.200,5.013,6.660,2022-12-09,0.351
127,2023-01-05,2023-01-19,15,spd,18.000,18.000,0.000,0.000,0.282,0.846,2.167,0.231,0.385,0.231,2.000,2.750,2.000,2.000,1.800,3,4,1,3,5,13,8,618.462,True,False,2.000,SPD,0.231,0.308,0.077,0.231,0.385,44,18,14,9,11,19,0.068,0.091,0.023,0.068,0.114,0.167,0.286,0.111,0.273,0.263,Regierung,1.000,0.000,20.000,WP20,2023,1,14,1.133,3.400,8.400,1.200,1.600,0.600,9.000,9.000,8.333,7.500,8.500,5,5,2,2,3,2,4,0.400,0.400,0.600,0.400,0.800,0.851,2.554,6.233,0.969,1.215,0.369,7.000,6.250,6.333,5.500,6.700,2023-01-05,0.351
128,2023-01-19,2023-02-02,14,linke,4.000,5.000,-1.000,1.000,0.462,1.385,1.374,0.410,0.846,0.128,1.500,1.833,0.333,0.444,1.684,12,6,6,9,19,39,29,479.333,True,False,0.000,Die Linke,0.308,0.154,0.154,0.231,0.487,389,117,53,43,96,177,0.031,0.015,0.015,0.023,0.049,0.103,0.113,0.140,0.094,0.107,Opposition,0.000,1.000,20.000,WP20,2023,1,14,0.958,2.875,6.666,0.946,1.482,0.446,7.842,8.533,7.846,5.625,7.059,56,44,19,15,13,16,34,0.339,0.268,0.232,0.286,0.607,0.497,1.490,5.292,0.536,0.636,0.318,6.342,6.700,7.513,5.181,5.375,2023-01-19,-0.649
129,2023-02-02,2023-02-17,15,cdu/csu,27.000,29.000,-2.000,2.000,0.251,0.754,2.840,0.188,0.536,0.029,2.960,6.000,,2.600,2.640,25,7,0,10,25,69,49,630.913,True,False,4.000,CDU/CSU,0.362,0.101,0.000,0.145,0.362,242,94,30,10,40,90,0.103,0.029,0.000,0.041,0.103,0.266,0.233,0.000,0.250,0.278,Opposition,0.000,1.000,20.000,WP20,2023,2,15,0.853,2.559,7.062,0.765,1.353,0.441,8.077,9.125,8.000,6.100,7.381,34,28,13,8,3,10,21,0.382,0.235,0.088,0.294,0.618,0.602,1.805,4.222,0.576,0.817,0.412,5.117,3.125,,3.500,4.741,2023-02-02,0.351
130,2023-02-17,2023-03-02,15,linke,5.000,4.000,1.000,1.000,0.583,1.750,1.333,0.500,1.000,0.250,2.500,,,0.000,1.000,2,0,0,1,3,4,3,459.000,True,False,0.000,Die Linke,0.500,0.000,0.000,0.250,0.750,37,9,5,3,14,28,0.054,0.000,0.000,0.027,0.081,0.222,0.000,0.000,0.071,0.107,Opposition,0.000,1.000,20.000,WP20,2023,2,13,1.250,3.750,7.625,0.750,1.750,1.250,,8.000,,7.500,7.750,4,4,0,3,0,2,4,0.000,0.750,0.000,0.500,1.000,0.667,2.000,6.292,0.250,0.750,1.000,,,,7.500,6.750,2023-02-17,0.351
131,2023-03-02,2023-03-17,14,cdu/csu,31.000,29.000,2.000,2.000,0.357,1.071,3.705,0.232,0.723,0.116,4.929,6.500,2.667,3.655,3.426,28,16,6,29,54,112,73,605.750,True,False,4.000,CDU/CSU,0.250,0.143,0.054,0.259,0.482,378,113,66,43,86,155,0.074,0.042,0.016,0.077,0.143,0.248,0.242,0.140,0.337,0.348,Opposition,0.000,1.000,20.000,WP20,2023,3,15,1.000,3.000,7.201,1.059,1.510,0.431,8.000,8.692,8.455,6.941,7.581,51,40,16,13,11,17,31,0.314,0.255,0.216,0.333,0.608,0.643,1.929,3.495,0.827,0.787,0.315,3.071,2.192,5.788,3.286,4.155,2023-03-02,-0.649
132,2023-03-17,2023-04-06,15,cdu/csu,30.000,31.000,-1.000,1.000,0.372,1.116,3.294,0.302,0.721,0.093,4.364,5.000,0.833,3.263,2.773,22,16,6,19,44,86,68,599.151,True,False,4.000,CDU/CSU,0.256,0.186,0.070,0.221,0.512,293,83,54,29,85,151,0.075,0.055,0.020,0.065,0.150,0.265,0.296,0.207,0.224,0.291,Opposition,0.000,1.000,20.000,WP20,2023,3,20,0.958,2.875,7.302,0.975,1.400,0.500,8.583,9.000,7.714,7.000,7.586,40,37,12,9,7,19,29,0.300,0.225,0.175,0.475,0.725,0.586,1.759,4.008,0.673,0.679,0.407,4.220,4.000,6.881,3.737,4.813,2023-03-17,0.351
134,2023-04-14,2023-05-04,15,spd,19.000,18.000,1.000,1.000,0.164,0.492,1.232,0.144,0.311,0.038,1.400,1.800,0.083,0.906,1.143,60,20,12,32,42,132,109,600.652,True,False,2.000,SPD,0.455,0.152,0.091,0.242,0.318,481,209,69,31,115,166,0.125,0.042,0.025,0.067,0.087,0.287,0.290,0.387,0.278,0.253,Regierung,1.000,0.000,20.000,WP20,2023,4,20,1.051,3.152,7.278,1.061,1.576,0.515,8.367,9.053,7.727,6.115,7.372,66,59,30,19,11,26,43,0.455,0.288,0.167,0.394,0.652,0.886,2.659,6.046,0.917,1.265,0.477,6.967,7.253,7.644,5.209,6.229,2023-04-14,0.351
135,2023-05-04,2023-05-12,16,cdu/csu,30.000,29.000,1.000,1.000,0.398,1.193,4.293,0.298,0.737,0.158,4.800,6.909,7.000,4.294,4.154,20,11,1,17,26,57,45,574.509,True,False,4.000,CDU/CSU,0.351,0.193,0.018,0.298,0.456,186,70,33,11,64,79,0.108,0.059,0.005,0.091,0.140,0.286,0.333,0.091,0.266,0.329,Opposition,0.000,1.000,20.000,WP20,2023,5,8,1.000,3.000,7.727,1.074,1.481,0.444,8.833,8.714,8.500,7.583,8.267,27,23,12,7,6,12,15,0.444,0.259,0.222,0.444,0.556,0.602,1.807,3.434,0.776,0.745,0.287,4.033,1.805,1.500,3.289,4.113,2023-05-04,1.351
136,2023-05-12,2023-06-01,16,spd,18.000,17.000,1.000,1.000,0.182,0.547,1.052,0.189,0.305,0.053,1.143,1.643,0.714,0.722,0.881,28,14,7,18,42,95,71,625.442,True,False,2.000,SPD,0.295,0.147,0.074,0.189,0.442,319,95,46,21,68,143,0.088,0.044,0.022,0.056,0.132,0.295,0.304,0.333,0.265,0.294,Regierung,1.000,0.000,20.000,WP20,2023,5,20,0.968,2.905,7.310,0.952,1.500,0.452,8.188,8.500,8.667,6.647,7.567,42,40,16,14,9,17,30,0.381,0.333,0.214,0.405,0.714,0.786,2.357,6.258,0.763,1.195,0.400,7.045,6.857,7.952,5.925,6.686,2023-05-12,1.351
137,2023-06-01,2023-06-23,18,cdu/csu,29.000,28.000,1.000,1.000,0.355,1.066,3.848,0.272,0.669,0.125,5.036,6.222,3.167,4.438,3.396,28,18,6,32,53,136,87,588.029,True,False,4.000,CDU/CSU,0.206,0.132,0.044,0.235,0.390,461,114,70,42,139,188,0.061,0.039,0.013,0.069,0.115,0.246,0.257,0.143,0.230,0.282,Opposition,0.000,1.000,20.000,WP20,2023,6,22,1.038,3.113,7.774,1.081,1.613,0.419,8.071,8.235,8.333,7.636,7.889,62,52,28,17,9,22,45,0.452,0.274,0.145,0.355,0.726,0.682,2.047,3.927,0.809,0.944,0.294,3.036,2.013,5.167,3.199,4.493,2023-06-01,3.351
138,2023-06-23,2023-07-06,19,linke,4.000,4.000,0.000,0.000,0.519,1.556,1.718,0.444,1.111,0.000,1.667,1.333,1.000,0.667,2.167,6,3,1,3,6,18,13,454.222,True,False,0.000,Die Linke,0.333,0.167,0.056,0.167,0.333,147,48,31,7,23,74,0.041,0.020,0.007,0.020,0.041,0.125,0.097,0.143,0.130,0.081,Opposition,0.000,1.000,20.000,WP20,2023,6,13,1.148,3.444,8.130,1.167,1.667,0.611,8.750,9.000,8.400,7.833,8.000,18,16,8,6,5,6,15,0.444,0.333,0.278,0.333,0.833,0.630,1.889,6.412,0.722,0.556,0.611,7.083,7.667,7.400,7.167,5.833,2023-06-23,4.351
139,2023-07-06,2023-07-21,20,cdu/csu,28.000,29.000,-1.000,1.000,0.301,0.902,3.575,0.180,0.656,0.066,5.571,3.500,2.000,2.789,2.571,14,6,6,19,21,61,40,627.311,True,False,4.000,CDU/CSU,0.230,0.098,0.098,0.311,0.344,217,67,25,21,73,79,0.065,0.028,0.028,0.088,0.097,0.209,0.240,0.286,0.260,0.266,Opposition,0.000,1.000,20.000,WP20,2023,7,15,0.839,2.516,7.353,0.839,1.387,0.290,8.417,8.200,8.000,7.100,7.824,31,26,12,5,6,10,17,0.387,0.161,0.194,0.323,0.548,0.538,1.614,3.778,0.658,0.731,0.225,2.845,4.700,6.000,4.311,5.252,2023-07-06,5.351
143,2023-08-31,2023-09-15,22,linke,4.000,4.000,0.000,0.000,0.690,2.069,3.569,0.793,1.241,0.034,4.000,3.500,,2.000,2.667,11,2,0,1,9,29,17,503.345,True,False,0.000,Die Linke,0.379,0.069,0.000,0.034,0.310,300,129,34,27,45,114,0.037,0.007,0.000,0.003,0.030,0.085,0.059,0.000,0.022,0.079,Opposition,0.000,1.000,20.000,WP20,2023,8,15,1.225,3.674,8.143,1.239,1.804,0.630,8.759,8.526,8.615,7.174,8.000,46,45,29,19,13,23,35,0.630,0.413,0.283,0.500,0.761,0.535,1.605,4.574,0.446,0.563,0.596,4.759,5.026,,5.174,5.333,2023-08-31,7.351
144,2023-09-15,2023-09-28,22,cdu/csu,28.000,29.000,-1.000,1.000,0.395,1.185,4.526,0.324,0.759,0.102,5.250,6.500,2.250,4.842,4.447,28,20,4,19,38,108,65,557.083,True,False,4.000,CDU/CSU,0.259,0.185,0.037,0.176,0.352,369,95,59,25,69,111,0.076,0.054,0.011,0.051,0.103,0.295,0.339,0.160,0.275,0.342,Opposition,0.000,1.000,20.000,WP20,2023,9,13,0.876,2.627,7.768,0.863,1.333,0.431,9.267,8.714,8.833,6.308,8.034,51,37,15,14,12,13,29,0.294,0.275,0.235,0.255,0.569,0.481,1.442,3.242,0.539,0.574,0.330,4.017,2.214,6.583,1.466,3.587,2023-09-15,7.351
145,2023-09-28,2023-10-13,22,cdu/csu,28.000,28.000,0.000,0.000,0.356,1.067,4.214,0.218,0.630,0.218,4.000,6.800,2.000,5.409,4.400,36,25,7,22,45,119,82,579.151,True,False,4.000,CDU/CSU,0.303,0.210,0.059,0.185,0.378,405,131,76,29,89,164,0.089,0.062,0.017,0.054,0.111,0.275,0.329,0.241,0.247,0.274,Opposition,0.000,1.000,20.000,WP20,2023,9,15,1.071,3.214,7.620,1.018,1.536,0.661,8.409,9.150,7.077,7.043,7.850,56,51,22,20,13,23,40,0.393,0.357,0.232,0.411,0.714,0.716,2.147,3.406,0.799,0.905,0.442,4.409,2.350,5.077,1.634,3.450,2023-09-28,7.351
146,2023-10-13,2023-11-02,23,spd,15.000,16.000,-1.000,1.000,0.194,0.583,1.492,0.156,0.312,0.115,1.774,2.261,1.000,1.259,1.070,31,23,9,27,43,96,76,627.823,True,False,2.000,SPD,0.323,0.240,0.094,0.281,0.448,358,118,74,41,94,132,0.087,0.064,0.025,0.075,0.120,0.263,0.311,0.220,0.287,0.326,Regierung,1.000,0.000,20.000,WP20,2023,10,20,1.033,3.098,6.968,0.961,1.549,0.588,8.389,7.778,8.625,6.059,6.935,51,44,18,18,8,17,31,0.353,0.353,0.157,0.333,0.608,0.838,2.515,5.475,0.805,1.237,0.474,6.615,5.517,7.625,4.800,5.866,2023-10-13,8.351
147,2023-11-02,2023-11-10,22,cdu/csu,30.000,29.000,1.000,1.000,0.433,1.300,3.841,0.367,0.733,0.200,6.600,6.917,5.000,3.056,3.840,5,12,2,18,25,60,32,582.783,True,False,4.000,CDU/CSU,0.083,0.200,0.033,0.300,0.417,214,29,40,23,57,77,0.023,0.056,0.009,0.084,0.117,0.172,0.300,0.087,0.316,0.325,Opposition,0.000,1.000,20.000,WP20,2023,11,8,1.125,3.375,7.240,1.125,1.625,0.625,9.000,9.556,9.000,6.667,7.364,32,24,7,9,7,18,22,0.219,0.281,0.219,0.562,0.688,0.692,2.075,3.398,0.758,0.892,0.425,2.400,2.639,4.000,3.611,3.524,2023-11-02,7.351
148,2023-11-10,2023-12-07,21,spd,15.000,16.000,-1.000,1.000,0.203,0.608,1.697,0.165,0.358,0.085,1.558,2.667,0.857,1.792,1.458,52,27,21,48,72,176,130,631.403,True,False,2.000,SPD,0.295,0.153,0.119,0.273,0.409,628,203,100,72,195,266,0.083,0.043,0.033,0.076,0.115,0.256,0.270,0.292,0.246,0.271,Regierung,1.000,0.000,20.000,WP20,2023,11,27,1.040,3.119,7.683,1.095,1.512,0.512,8.667,8.731,8.056,6.815,7.821,84,74,33,26,18,27,56,0.393,0.310,0.214,0.321,0.667,0.837,2.511,5.986,0.930,1.154,0.427,7.109,6.064,7.198,5.023,6.363,2023-11-10,6.351
149,2023-12-07,2023-12-22,21,cdu/csu,32.000,30.000,2.000,2.000,0.395,1.186,3.362,0.314,0.643,0.229,3.900,7.000,0.143,3.000,3.846,10,14,7,19,26,70,38,625.629,True,False,4.000,CDU/CSU,0.143,0.200,0.100,0.271,0.371,219,37,41,24,72,90,0.046,0.064,0.032,0.087,0.119,0.270,0.341,0.292,0.264,0.289,Opposition,0.000,1.000,20.000,WP20,2023,12,15,1.118,3.353,7.804,1.118,1.559,0.676,8.818,9.000,8.625,7.300,8.000,34,29,11,14,8,10,24,0.324,0.412,0.235,0.294,0.706,0.722,2.167,4.442,0.803,0.916,0.448,4.918,2.000,8.482,4.300,4.154,2023-12-07,6.351
151,2024-01-04,2024-02-01,22,cdu/csu,31.000,32.000,-1.000,1.000,0.565,1.695,4.586,0.483,1.000,0.212,5.500,6.615,4.000,5.529,3.914,34,26,3,34,58,118,89,657.856,True,False,4.000,CDU/CSU,0.288,0.220,0.025,0.288,0.492,385,102,97,37,142,217,0.088,0.068,0.008,0.088,0.151,0.333,0.268,0.081,0.239,0.267,Opposition,0.000,1.000,20.000,WP20,2024,1,28,1.140,3.419,7.746,1.161,1.661,0.597,8.440,9.048,7.800,6.917,8.140,62,56,25,21,10,24,50,0.403,0.339,0.161,0.387,0.806,0.575,1.724,3.159,0.678,0.661,0.385,2.940,2.432,3.800,1.387,4.226,2024-01-04,7.351
152,2024-02-01,2024-03-07,19,spd,16.000,14.000,2.000,2.000,0.171,0.514,1.560,0.123,0.304,0.087,1.773,2.036,1.611,1.636,1.231,44,28,18,44,65,138,111,595.833,True,False,2.000,SPD,0.319,0.203,0.130,0.319,0.471,445,132,75,45,132,209,0.099,0.063,0.040,0.099,0.146,0.333,0.373,0.400,0.333,0.311,Regierung,1.000,0.000,20.000,WP20,2024,2,35,1.063,3.190,6.853,1.143,1.667,0.381,8.500,7.824,8.500,5.417,7.178,63,56,22,17,8,24,45,0.349,0.270,0.127,0.381,0.714,0.892,2.676,5.293,1.020,1.362,0.294,6.727,5.788,6.889,3.780,5.947,2024-02-01,4.351
153,2024-03-07,2024-04-04,19,cdu/csu,29.000,30.000,-1.000,1.000,0.387,1.161,4.188,0.310,0.690,0.161,5.848,6.458,1.333,4.273,3.375,33,24,12,44,64,155,111,546.761,True,False,4.000,CDU/CSU,0.213,0.155,0.077,0.284,0.413,494,102,81,48,160,229,0.067,0.049,0.024,0.089,0.130,0.324,0.296,0.250,0.275,0.279,Opposition,0.000,1.000,20.000,WP20,2024,3,28,1.000,3.000,7.066,1.000,1.522,0.478,8.833,8.706,7.182,6.471,7.304,67,58,18,17,11,34,46,0.269,0.254,0.164,0.507,0.687,0.613,1.839,2.879,0.690,0.832,0.316,2.985,2.248,5.848,2.198,3.929,2024-03-07,4.351
154,2024-04-04,2024-05-02,18,linke,3.000,3.000,0.000,0.000,0.476,1.429,1.480,0.514,0.829,0.086,1.000,1.000,1.857,2.333,1.750,12,4,7,6,12,35,25,354.714,True,False,0.000,Die Linke,0.343,0.114,0.200,0.171,0.343,531,169,64,78,174,231,0.023,0.008,0.013,0.011,0.023,0.071,0.062,0.090,0.034,0.052,Opposition,0.000,1.000,20.000,WP20,2024,4,28,0.974,2.922,7.631,0.922,1.494,0.506,8.667,8.688,8.105,7.133,7.588,77,68,27,16,19,30,51,0.351,0.208,0.247,0.390,0.662,0.498,1.494,6.151,0.408,0.665,0.421,7.667,7.688,6.248,4.800,5.838,2024-04-04,3.351
155,2024-05-02,2024-05-30,18,cdu/csu,31.000,30.000,1.000,1.000,0.370,1.111,3.232,0.311,0.589,0.211,5.231,5.800,3.333,3.135,2.316,13,15,9,37,38,90,60,562.400,True,False,4.000,CDU/CSU,0.144,0.167,0.100,0.411,0.422,286,52,51,35,116,127,0.045,0.052,0.031,0.129,0.133,0.250,0.294,0.257,0.319,0.299,Opposition,0.000,1.000,20.000,WP20,2024,5,28,1.071,3.214,7.060,1.071,1.500,0.643,8.600,8.312,7.222,6.350,7.857,42,36,10,16,9,20,28,0.238,0.381,0.214,0.476,0.667,0.701,2.103,3.828,0.760,0.911,0.432,3.369,2.513,3.889,3.215,5.541,2024-05-02,3.351
156,2024-05-30,2024-07-04,18,cdu/csu,31.000,31.000,0.000,0.000,0.474,1.422,4.619,0.366,0.750,0.306,5.778,7.036,5.053,4.708,4.176,45,55,19,65,102,232,156,586.780,True,False,4.000,CDU/CSU,0.194,0.237,0.082,0.280,0.440,753,191,179,65,218,342,0.060,0.073,0.025,0.086,0.135,0.236,0.307,0.292,0.298,0.298,Opposition,0.000,1.000,20.000,WP20,2024,5,35,1.105,3.316,7.711,1.061,1.490,0.765,8.667,8.771,8.630,7.341,8.153,98,86,27,48,27,41,72,0.276,0.490,0.276,0.418,0.735,0.631,1.894,3.092,0.695,0.740,0.459,2.889,1.734,3.577,2.634,3.976,2024-05-30,3.351
157,2024-07-04,2024-08-08,17,spd,14.000,15.000,-1.000,1.000,0.172,0.516,1.590,0.141,0.281,0.094,1.900,3.500,1.429,1.125,1.522,20,6,14,24,23,64,52,626.797,True,False,2.000,SPD,0.312,0.094,0.219,0.375,0.359,220,64,18,43,76,81,0.091,0.027,0.064,0.109,0.105,0.312,0.333,0.326,0.316,0.284,Regierung,1.000,0.000,20.000,WP20,2024,7,35,1.043,3.129,7.490,1.129,1.548,0.452,9.167,9.000,8.625,6.933,7.360,31,29,12,7,8,15,25,0.387,0.226,0.258,0.484,0.806,0.871,2.613,5.900,0.988,1.267,0.358,7.267,5.500,7.196,5.808,5.838,2024-07-04,2.351
159,2024-09-05,2024-10-10,17,cdu/csu,33.000,32.000,1.000,1.000,0.474,1.422,4.750,0.374,0.920,0.128,5.397,7.182,4.500,4.914,4.609,58,33,6,35,69,187,114,654.636,True,False,4.000,CDU/CSU,0.310,0.176,0.032,0.187,0.369,607,205,128,50,149,262,0.096,0.054,0.010,0.058,0.114,0.283,0.258,0.120,0.235,0.263,Opposition,0.000,1.000,20.000,WP20,2024,9,35,1.184,3.552,8.209,1.198,1.729,0.625,8.658,9.171,8.619,7.824,8.216,96,82,38,35,21,34,74,0.396,0.365,0.219,0.354,0.771,0.710,2.130,3.459,0.824,0.809,0.497,3.261,1.990,4.119,2.909,3.608,2024-09-05,2.351
160,2024-10-10,2024-10-31,17,spd,16.000,15.000,1.000,1.000,0.247,0.741,1.953,0.224,0.378,0.140,1.842,3.088,0.417,2.277,1.580,19,34,12,47,50,143,90,588.664,True,False,2.000,SPD,0.133,0.238,0.084,0.329,0.350,460,78,97,45,148,169,0.041,0.074,0.026,0.102,0.109,0.244,0.351,0.267,0.318,0.296,Regierung,1.000,0.000,20.000,WP20,2024,10,21,0.964,2.893,7.394,1.000,1.393,0.500,8.786,8.647,8.083,6.650,7.611,56,42,14,17,12,20,36,0.250,0.304,0.214,0.357,0.643,0.717,2.152,5.442,0.776,1.015,0.360,6.944,5.559,7.667,4.373,6.031,2024-10-10,2.351
161,2024-10-31,2024-11-07,17,cdu/csu,34.000,31.000,3.000,3.000,0.367,1.100,4.071,0.400,0.700,0.000,5.167,,,1.000,3.400,6,0,0,1,5,10,7,597.300,True,False,4.000,CDU/CSU,0.600,0.000,0.000,0.100,0.500,34,22,0,1,2,16,0.176,0.000,0.000,0.029,0.147,0.273,,0.000,0.500,0.312,Opposition,0.000,1.000,20.000,WP20,2024,10,7,1.067,3.200,8.417,1.200,1.600,0.400,8.667,7.000,8.667,9.000,8.000,5,5,3,1,3,2,4,0.600,0.200,0.600,0.400,0.800,0.700,2.100,4.345,0.800,0.900,0.400,3.500,,,8.000,4.600,2024-10-31,2.351
162,2024-11-07,2024-11-21,18,linke,,,,,0.615,1.846,1.875,0.769,1.000,0.077,2.000,,2.000,1.500,2.000,1,0,1,4,4,13,8,420.154,True,False,0.000,Die Linke,0.077,0.000,0.077,0.308,0.308,131,26,20,21,59,78,0.008,0.000,0.008,0.031,0.031,0.038,0.000,0.048,0.068,0.051,Opposition,0.000,1.000,20.000,WP20,2024,11,14,1.431,4.294,8.430,1.588,1.765,0.941,9.600,9.000,9.333,7.900,8.733,17,16,10,11,6,10,15,0.588,0.647,0.353,0.588,0.882,0.816,2.448,6.555,0.819,0.765,0.864,7.600,,7.333,6.400,6.733,2024-11-07,3.351
163,2024-11-21,2024-12-05,19,spd,14.000,16.000,-2.000,2.000,0.364,1.091,1.833,0.273,0.727,0.091,1.600,8.000,0.000,2.000,2.000,5,1,1,3,5,11,8,688.182,True,False,2.000,SPD,0.455,0.091,0.091,0.273,0.455,42,18,2,5,9,15,0.119,0.024,0.024,0.071,0.119,0.278,0.500,0.200,0.333,0.333,Regierung,1.000,0.000,20.000,WP20,2024,11,14,1.111,3.333,8.562,1.333,1.833,0.167,9.000,8.000,,7.500,8.000,6,4,3,1,0,2,3,0.500,0.167,0.000,0.333,0.500,0.747,2.242,6.729,1.061,1.106,0.076,7.400,0.000,,5.500,6.000,2024-11-21,4.351
164,2024-12-05,2024-12-19,18,linke,3.000,3.000,0.000,0.000,0.533,1.600,1.623,0.720,0.800,0.080,1.800,1.500,0.800,1.333,2.500,5,2,5,12,6,25,19,417.880,True,False,0.000,Die Linke,0.200,0.080,0.200,0.480,0.240,259,54,32,43,109,103,0.019,0.008,0.019,0.046,0.023,0.093,0.062,0.116,0.110,0.058,Opposition,0.000,1.000,20.000,WP20,2024,12,14,1.117,3.350,7.560,1.350,1.625,0.375,8.833,8.733,8.091,6.778,8.200,40,36,12,15,11,18,25,0.300,0.375,0.275,0.450,0.625,0.583,1.750,5.937,0.630,0.825,0.295,7.033,7.233,7.291,5.444,5.700,2024-12-05,3.351
165,2024-12-19,2025-01-09,19,cdu/csu,33.000,32.000,1.000,1.000,0.648,1.943,5.165,0.623,1.038,0.283,5.562,8.273,7.333,4.947,5.654,16,11,3,19,26,53,39,652.925,True,False,4.000,CDU/CSU,0.302,0.208,0.057,0.358,0.491,180,58,35,10,56,81,0.089,0.061,0.017,0.106,0.144,0.276,0.314,0.300,0.339,0.321,Opposition,0.000,1.000,20.000,WP20,2024,12,21,1.060,3.179,7.197,1.214,1.571,0.393,8.000,8.571,7.500,7.000,7.353,28,19,6,7,2,9,17,0.214,0.250,0.071,0.321,0.607,0.412,1.235,2.033,0.592,0.534,0.110,2.438,0.299,0.167,2.053,1.699,2024-12-19,4.351
166,2025-01-09,2025-01-30,20,cdu/csu,31.000,33.000,-2.000,2.000,1.048,3.143,7.097,1.143,1.429,0.571,7.500,8.250,8.000,6.333,6.667,2,4,1,3,6,7,6,816.000,True,False,4.000,CDU/CSU,0.286,0.571,0.143,0.429,0.857,26,4,17,4,15,20,0.077,0.154,0.038,0.115,0.231,0.500,0.235,0.250,0.200,0.300,Opposition,0.000,1.000,20.000,WP20,2025,1,21,1.667,5.000,8.722,2.000,2.000,1.000,9.000,10.000,8.000,7.500,9.000,3,3,1,2,1,2,3,0.333,0.667,0.333,0.667,1.000,0.619,1.857,1.625,0.857,0.571,0.429,1.500,1.750,0.000,1.167,2.333,2025-01-09,5.351
167,2025-01-30,2025-02-06,20,linke,5.000,4.000,1.000,1.000,0.854,2.562,1.482,0.875,1.125,0.562,2.667,3.286,0.667,0.900,1.000,3,7,6,10,10,16,14,441.688,True,False,0.000,Die Linke,0.188,0.438,0.375,0.625,0.625,213,34,58,45,110,110,0.014,0.033,0.028,0.047,0.047,0.088,0.121,0.133,0.091,0.091,Opposition,0.000,1.000,20.000,WP20,2025,1,7,1.262,3.786,8.566,1.286,1.643,0.857,9.375,8.818,8.700,8.357,8.600,28,24,8,11,10,14,20,0.286,0.393,0.357,0.500,0.714,0.408,1.223,7.084,0.411,0.518,0.295,6.708,5.532,8.033,7.457,7.600,2025-01-30,5.351
168,2025-02-06,2025-02-13,21,cdu/csu,31.000,30.000,1.000,1.000,1.222,3.667,7.678,1.333,1.667,0.667,9.000,8.000,7.000,7.500,7.667,1,3,1,2,3,3,3,2097.000,True,False,4.000,CDU/CSU,0.333,1.000,0.333,0.667,1.000,12,7,7,4,6,10,0.083,0.250,0.083,0.167,0.250,0.143,0.429,0.250,0.333,0.300,Opposition,0.000,1.000,20.000,WP20,2025,2,7,1.833,5.500,8.300,2.000,2.000,1.500,9.000,8.500,8.000,7.500,8.500,2,2,2,2,2,2,2,1.000,1.000,1.000,1.000,1.000,0.611,1.833,0.622,0.667,0.333,0.833,0.000,0.500,1.000,0.000,0.833,2025-02-06,6.351
170,2025-03-06,2025-04-03,21,grüne,12.000,14.000,-2.000,2.000,0.304,0.913,1.800,0.217,0.609,0.087,1.250,2.000,,2.778,1.722,16,1,0,9,18,23,20,712.435,True,False,1.000,Bündnis 90/Die Grünen,0.696,0.043,0.000,0.391,0.783,95,40,10,2,29,55,0.168,0.011,0.000,0.095,0.189,0.400,0.100,0.000,0.310,0.327,Regierung,1.000,0.000,20.000,WP20,2025,3,28,1.061,3.182,6.250,1.273,1.636,0.273,7.400,8.750,10.000,5.800,6.400,11,7,5,4,2,5,5,0.455,0.364,0.182,0.455,0.455,0.756,2.269,4.450,1.055,1.028,0.186,6.150,6.750,,3.022,4.678,2025-03-06,6.351
172,2025-05-07,2025-06-04,23,cdu/csu,27.000,26.000,1.000,1.000,0.195,0.586,3.678,0.162,0.297,0.126,4.333,5.476,2.455,5.037,2.615,42,21,11,27,52,111,85,645.351,True,False,4.000,CDU/CSU,0.378,0.189,0.099,0.243,0.468,328,121,57,50,102,130,0.128,0.064,0.034,0.082,0.159,0.347,0.368,0.220,0.265,0.400,Regierung,1.000,0.000,21.000,WP21,2025,5,28,1.090,3.269,7.583,1.176,1.537,0.556,8.383,8.541,8.120,6.884,7.750,108,97,47,37,25,43,76,0.435,0.343,0.231,0.398,0.704,0.894,2.683,3.906,1.014,1.240,0.429,4.050,3.064,5.665,1.847,5.135,2025-05-07,8.351
173,2025-06-04,2025-07-03,23,cdu/csu,29.000,27.000,2.000,2.000,0.247,0.741,3.270,0.168,0.357,0.217,4.167,6.667,3.000,4.132,2.861,24,21,9,38,72,143,92,604.364,True,False,4.000,CDU/CSU,0.168,0.147,0.063,0.266,0.503,400,73,86,36,121,173,0.060,0.052,0.022,0.095,0.180,0.329,0.244,0.250,0.314,0.416,Regierung,1.000,0.000,21.000,WP21,2025,6,29,1.157,3.470,8.020,1.162,1.598,0.709,9.167,8.911,8.143,7.373,8.108,117,98,36,45,28,51,83,0.308,0.385,0.239,0.436,0.709,0.910,2.729,4.750,0.995,1.242,0.493,5.000,2.244,5.143,3.241,5.247,2025-06-04,8.351
174,2025-07-03,2025-08-07,23,linke,10.000,9.000,1.000,1.000,0.723,2.170,1.588,0.872,1.213,0.085,1.250,3.182,1.286,1.333,1.105,16,11,7,15,19,47,35,596.362,True,False,0.000,Die Linke,0.340,0.234,0.149,0.319,0.404,289,105,53,31,75,126,0.055,0.038,0.024,0.052,0.066,0.152,0.208,0.226,0.200,0.151,Opposition,0.000,1.000,21.000,WP21,2025,7,35,1.095,3.286,7.854,1.112,1.663,0.510,8.604,8.667,7.750,7.436,7.882,98,87,48,36,28,39,68,0.490,0.367,0.286,0.398,0.694,0.372,1.116,6.266,0.240,0.450,0.425,7.354,5.485,6.464,6.103,6.777,2025-07-03,8.351
176,2025-09-03,2025-10-02,25,cdu/csu,27.000,27.000,0.000,0.000,0.158,0.475,3.438,0.147,0.230,0.097,4.141,5.125,3.273,4.623,2.533,64,32,11,53,90,217,144,670.088,True,False,4.000,CDU/CSU,0.295,0.147,0.051,0.244,0.415,598,208,88,49,154,243,0.107,0.054,0.018,0.089,0.151,0.308,0.364,0.224,0.344,0.370,Regierung,1.000,0.000,21.000,WP21,2025,9,29,1.061,3.182,7.817,1.115,1.560,0.507,8.589,8.611,8.220,7.160,7.830,209,186,95,72,50,75,153,0.455,0.344,0.239,0.359,0.732,0.902,2.707,4.379,0.967,1.329,0.410,4.449,3.486,4.947,2.537,5.297,2025-09-03,10.351
177,2025-10-02,2025-11-06,26,spd,14.000,14.000,0.000,0.000,0.303,0.908,1.848,0.306,0.408,0.194,1.944,2.333,1.786,1.853,1.762,18,15,14,34,42,98,68,554.959,True,False,2.000,SPD,0.184,0.153,0.143,0.347,0.429,415,82,67,55,133,169,0.043,0.036,0.034,0.082,0.101,0.220,0.224,0.255,0.256,0.249,Regierung,1.000,0.000,21.000,WP21,2025,10,35,1.059,3.177,7.787,1.085,1.511,0.582,8.674,8.510,8.393,7.271,7.860,141,120,46,49,28,59,100,0.326,0.348,0.199,0.418,0.709,0.756,2.269,5.939,0.779,1.102,0.388,6.729,6.177,6.607,5.418,6.098,2025-10-02,11.351
178,2025-11-06,2025-12-04,26,spd,14.000,14.000,0.000,0.000,0.199,0.597,1.510,0.194,0.280,0.124,1.787,1.730,0.500,1.471,1.198,47,37,24,51,96,186,142,552.661,True,False,2.000,SPD,0.253,0.199,0.129,0.274,0.516,666,193,124,74,184,319,0.071,0.056,0.036,0.077,0.144,0.244,0.298,0.324,0.277,0.301,Regierung,1.000,0.000,21.000,WP21,2025,11,28,1.071,3.213,7.767,1.109,1.638,0.466,8.874,8.451,7.976,7.025,7.863,221,186,87,71,42,79,161,0.394,0.321,0.190,0.357,0.729,0.872,2.616,6.257,0.915,1.358,0.342,7.086,6.721,7.476,5.555,6.665,2025-11-06,11.351
179,2025-12-04,2026-01-08,25,spd,14.000,14.000,0.000,0.000,0.274,0.821,1.855,0.305,0.400,0.116,1.556,3.000,1.000,2.140,1.326,18,15,13,43,46,95,70,512.832,True,False,2.000,SPD,0.189,0.158,0.137,0.453,0.484,366,67,47,37,150,164,0.049,0.041,0.036,0.117,0.126,0.269,0.319,0.351,0.287,0.280,Regierung,1.000,0.000,21.000,WP21,2025,12,35,0.994,2.981,6.942,1.028,1.500,0.454,8.421,8.357,7.947,6.164,7.583,108,89,19,28,19,55,72,0.176,0.259,0.176,0.509,0.667,0.720,2.160,5.087,0.723,1.100,0.338,6.865,5.357,6.947,4.024,6.257,2025-12-04,10.351
180,2026-01-08,2026-02-05,25,grüne,12.000,12.000,0.000,0.000,0.476,1.429,1.500,0.571,0.857,0.000,1.250,2.000,0.000,2.200,1.600,12,1,1,10,10,28,21,541.321,True,False,1.000,Bündnis 90/Die Grünen,0.429,0.036,0.036,0.357,0.357,141,45,7,7,51,44,0.085,0.007,0.007,0.071,0.071,0.267,0.143,0.143,0.196,0.227,Opposition,0.000,1.000,21.000,WP21,2026,1,28,1.008,3.024,6.581,1.146,1.585,0.293,8.062,8.125,6.400,4.214,7.179,41,37,16,8,5,14,28,0.390,0.195,0.122,0.341,0.683,0.532,1.596,5.081,0.575,0.728,0.293,6.812,6.125,6.400,2.014,5.579,2026-01-08,10.351
