afd_support_t,electoral_loss,party_clean,wahlperiode_cat,afd_support_c,electoral_loss_c,afd_x_loss,loss_level,predicted_distance,ci_95_low,ci_95_high
9.000,-1.160,cdu/csu,WP19,-5.513,-1.174,6.473,Niedriger Verlust / eher Gewinn,3.993,3.799,4.186
9.172,-1.160,cdu/csu,WP19,-5.341,-1.174,6.272,Niedriger Verlust / eher Gewinn,3.989,3.799,4.180
9.343,-1.160,cdu/csu,WP19,-5.170,-1.174,6.070,Niedriger Verlust / eher Gewinn,3.986,3.798,4.174
9.515,-1.160,cdu/csu,WP19,-4.998,-1.174,5.868,Niedriger Verlust / eher Gewinn,3.982,3.797,4.168
9.687,-1.160,cdu/csu,WP19,-4.826,-1.174,5.667,Niedriger Verlust / eher Gewinn,3.979,3.796,4.162
9.859,-1.160,cdu/csu,WP19,-4.655,-1.174,5.465,Niedriger Verlust / eher Gewinn,3.975,3.795,4.156
10.030,-1.160,cdu/csu,WP19,-4.483,-1.174,5.264,Niedriger Verlust / eher Gewinn,3.972,3.794,4.150
10.202,-1.160,cdu/csu,WP19,-4.311,-1.174,5.062,Niedriger Verlust / eher Gewinn,3.968,3.792,4.145
10.374,-1.160,cdu/csu,WP19,-4.139,-1.174,4.860,Niedriger Verlust / eher Gewinn,3.965,3.791,4.139
10.545,-1.160,cdu/csu,WP19,-3.968,-1.174,4.659,Niedriger Verlust / eher Gewinn,3.962,3.790,4.134
10.717,-1.160,cdu/csu,WP19,-3.796,-1.174,4.457,Niedriger Verlust / eher Gewinn,3.958,3.788,4.128
10.889,-1.160,cdu/csu,WP19,-3.624,-1.174,4.256,Niedriger Verlust / eher Gewinn,3.955,3.786,4.123
11.061,-1.160,cdu/csu,WP19,-3.453,-1.174,4.054,Niedriger Verlust / eher Gewinn,3.951,3.785,4.118
11.232,-1.160,cdu/csu,WP19,-3.281,-1.174,3.852,Niedriger Verlust / eher Gewinn,3.948,3.783,4.113
11.404,-1.160,cdu/csu,WP19,-3.109,-1.174,3.651,Niedriger Verlust / eher Gewinn,3.944,3.781,4.108
11.576,-1.160,cdu/csu,WP19,-2.937,-1.174,3.449,Niedriger Verlust / eher Gewinn,3.941,3.779,4.103
11.747,-1.160,cdu/csu,WP19,-2.766,-1.174,3.247,Niedriger Verlust / eher Gewinn,3.937,3.776,4.098
11.919,-1.160,cdu/csu,WP19,-2.594,-1.174,3.046,Niedriger Verlust / eher Gewinn,3.934,3.774,4.094
12.091,-1.160,cdu/csu,WP19,-2.422,-1.174,2.844,Niedriger Verlust / eher Gewinn,3.931,3.772,4.090
12.263,-1.160,cdu/csu,WP19,-2.251,-1.174,2.643,Niedriger Verlust / eher Gewinn,3.927,3.769,4.085
12.434,-1.160,cdu/csu,WP19,-2.079,-1.174,2.441,Niedriger Verlust / eher Gewinn,3.924,3.766,4.081
12.606,-1.160,cdu/csu,WP19,-1.907,-1.174,2.239,Niedriger Verlust / eher Gewinn,3.920,3.763,4.077
12.778,-1.160,cdu/csu,WP19,-1.735,-1.174,2.038,Niedriger Verlust / eher Gewinn,3.917,3.760,4.073
12.949,-1.160,cdu/csu,WP19,-1.564,-1.174,1.836,Niedriger Verlust / eher Gewinn,3.913,3.757,4.070
13.121,-1.160,cdu/csu,WP19,-1.392,-1.174,1.634,Niedriger Verlust / eher Gewinn,3.910,3.754,4.066
13.293,-1.160,cdu/csu,WP19,-1.220,-1.174,1.433,Niedriger Verlust / eher Gewinn,3.906,3.750,4.063
13.465,-1.160,cdu/csu,WP19,-1.049,-1.174,1.231,Niedriger Verlust / eher Gewinn,3.903,3.747,4.059
13.636,-1.160,cdu/csu,WP19,-0.877,-1.174,1.030,Niedriger Verlust / eher Gewinn,3.899,3.743,4.056
13.808,-1.160,cdu/csu,WP19,-0.705,-1.174,0.828,Niedriger Verlust / eher Gewinn,3.896,3.739,4.053
13.980,-1.160,cdu/csu,WP19,-0.533,-1.174,0.626,Niedriger Verlust / eher Gewinn,3.893,3.735,4.050
14.152,-1.160,cdu/csu,WP19,-0.362,-1.174,0.425,Niedriger Verlust / eher Gewinn,3.889,3.731,4.047
14.323,-1.160,cdu/csu,WP19,-0.190,-1.174,0.223,Niedriger Verlust / eher Gewinn,3.886,3.727,4.045
14.495,-1.160,cdu/csu,WP19,-0.018,-1.174,0.021,Niedriger Verlust / eher Gewinn,3.882,3.722,4.042
14.667,-1.160,cdu/csu,WP19,0.153,-1.174,-0.180,Niedriger Verlust / eher Gewinn,3.879,3.718,4.040
14.838,-1.160,cdu/csu,WP19,0.325,-1.174,-0.382,Niedriger Verlust / eher Gewinn,3.875,3.713,4.038
15.010,-1.160,cdu/csu,WP19,0.497,-1.174,-0.583,Niedriger Verlust / eher Gewinn,3.872,3.708,4.036
15.182,-1.160,cdu/csu,WP19,0.669,-1.174,-0.785,Niedriger Verlust / eher Gewinn,3.868,3.703,4.034
15.354,-1.160,cdu/csu,WP19,0.840,-1.174,-0.987,Niedriger Verlust / eher Gewinn,3.865,3.698,4.032
15.525,-1.160,cdu/csu,WP19,1.012,-1.174,-1.188,Niedriger Verlust / eher Gewinn,3.862,3.693,4.030
15.697,-1.160,cdu/csu,WP19,1.184,-1.174,-1.390,Niedriger Verlust / eher Gewinn,3.858,3.688,4.028
15.869,-1.160,cdu/csu,WP19,1.355,-1.174,-1.592,Niedriger Verlust / eher Gewinn,3.855,3.682,4.027
16.040,-1.160,cdu/csu,WP19,1.527,-1.174,-1.793,Niedriger Verlust / eher Gewinn,3.851,3.677,4.025
16.212,-1.160,cdu/csu,WP19,1.699,-1.174,-1.995,Niedriger Verlust / eher Gewinn,3.848,3.671,4.024
16.384,-1.160,cdu/csu,WP19,1.871,-1.174,-2.196,Niedriger Verlust / eher Gewinn,3.844,3.666,4.023
16.556,-1.160,cdu/csu,WP19,2.042,-1.174,-2.398,Niedriger Verlust / eher Gewinn,3.841,3.660,4.022
16.727,-1.160,cdu/csu,WP19,2.214,-1.174,-2.600,Niedriger Verlust / eher Gewinn,3.837,3.654,4.021
16.899,-1.160,cdu/csu,WP19,2.386,-1.174,-2.801,Niedriger Verlust / eher Gewinn,3.834,3.648,4.020
17.071,-1.160,cdu/csu,WP19,2.557,-1.174,-3.003,Niedriger Verlust / eher Gewinn,3.830,3.642,4.019
17.242,-1.160,cdu/csu,WP19,2.729,-1.174,-3.205,Niedriger Verlust / eher Gewinn,3.827,3.636,4.018
17.414,-1.160,cdu/csu,WP19,2.901,-1.174,-3.406,Niedriger Verlust / eher Gewinn,3.824,3.630,4.017
17.586,-1.160,cdu/csu,WP19,3.073,-1.174,-3.608,Niedriger Verlust / eher Gewinn,3.820,3.624,4.017
17.758,-1.160,cdu/csu,WP19,3.244,-1.174,-3.809,Niedriger Verlust / eher Gewinn,3.817,3.617,4.016
17.929,-1.160,cdu/csu,WP19,3.416,-1.174,-4.011,Niedriger Verlust / eher Gewinn,3.813,3.611,4.016
18.101,-1.160,cdu/csu,WP19,3.588,-1.174,-4.213,Niedriger Verlust / eher Gewinn,3.810,3.604,4.015
18.273,-1.160,cdu/csu,WP19,3.760,-1.174,-4.414,Niedriger Verlust / eher Gewinn,3.806,3.598,4.015
18.444,-1.160,cdu/csu,WP19,3.931,-1.174,-4.616,Niedriger Verlust / eher Gewinn,3.803,3.591,4.014
18.616,-1.160,cdu/csu,WP19,4.103,-1.174,-4.817,Niedriger Verlust / eher Gewinn,3.799,3.585,4.014
18.788,-1.160,cdu/csu,WP19,4.275,-1.174,-5.019,Niedriger Verlust / eher Gewinn,3.796,3.578,4.014
18.960,-1.160,cdu/csu,WP19,4.446,-1.174,-5.221,Niedriger Verlust / eher Gewinn,3.793,3.571,4.014
19.131,-1.160,cdu/csu,WP19,4.618,-1.174,-5.422,Niedriger Verlust / eher Gewinn,3.789,3.565,4.014
19.303,-1.160,cdu/csu,WP19,4.790,-1.174,-5.624,Niedriger Verlust / eher Gewinn,3.786,3.558,4.014
19.475,-1.160,cdu/csu,WP19,4.962,-1.174,-5.826,Niedriger Verlust / eher Gewinn,3.782,3.551,4.014
19.646,-1.160,cdu/csu,WP19,5.133,-1.174,-6.027,Niedriger Verlust / eher Gewinn,3.779,3.544,4.014
19.818,-1.160,cdu/csu,WP19,5.305,-1.174,-6.229,Niedriger Verlust / eher Gewinn,3.775,3.537,4.014
19.990,-1.160,cdu/csu,WP19,5.477,-1.174,-6.430,Niedriger Verlust / eher Gewinn,3.772,3.530,4.014
20.162,-1.160,cdu/csu,WP19,5.648,-1.174,-6.632,Niedriger Verlust / eher Gewinn,3.768,3.523,4.014
20.333,-1.160,cdu/csu,WP19,5.820,-1.174,-6.834,Niedriger Verlust / eher Gewinn,3.765,3.516,4.014
20.505,-1.160,cdu/csu,WP19,5.992,-1.174,-7.035,Niedriger Verlust / eher Gewinn,3.761,3.509,4.014
20.677,-1.160,cdu/csu,WP19,6.164,-1.174,-7.237,Niedriger Verlust / eher Gewinn,3.758,3.502,4.014
20.848,-1.160,cdu/csu,WP19,6.335,-1.174,-7.439,Niedriger Verlust / eher Gewinn,3.755,3.494,4.015
21.020,-1.160,cdu/csu,WP19,6.507,-1.174,-7.640,Niedriger Verlust / eher Gewinn,3.751,3.487,4.015
21.192,-1.160,cdu/csu,WP19,6.679,-1.174,-7.842,Niedriger Verlust / eher Gewinn,3.748,3.480,4.015
21.364,-1.160,cdu/csu,WP19,6.850,-1.174,-8.043,Niedriger Verlust / eher Gewinn,3.744,3.473,4.016
21.535,-1.160,cdu/csu,WP19,7.022,-1.174,-8.245,Niedriger Verlust / eher Gewinn,3.741,3.466,4.016
21.707,-1.160,cdu/csu,WP19,7.194,-1.174,-8.447,Niedriger Verlust / eher Gewinn,3.737,3.458,4.016
21.879,-1.160,cdu/csu,WP19,7.366,-1.174,-8.648,Niedriger Verlust / eher Gewinn,3.734,3.451,4.017
22.051,-1.160,cdu/csu,WP19,7.537,-1.174,-8.850,Niedriger Verlust / eher Gewinn,3.730,3.444,4.017
22.222,-1.160,cdu/csu,WP19,7.709,-1.174,-9.052,Niedriger Verlust / eher Gewinn,3.727,3.436,4.018
22.394,-1.160,cdu/csu,WP19,7.881,-1.174,-9.253,Niedriger Verlust / eher Gewinn,3.724,3.429,4.018
22.566,-1.160,cdu/csu,WP19,8.052,-1.174,-9.455,Niedriger Verlust / eher Gewinn,3.720,3.421,4.019
22.737,-1.160,cdu/csu,WP19,8.224,-1.174,-9.656,Niedriger Verlust / eher Gewinn,3.717,3.414,4.019
22.909,-1.160,cdu/csu,WP19,8.396,-1.174,-9.858,Niedriger Verlust / eher Gewinn,3.713,3.406,4.020
23.081,-1.160,cdu/csu,WP19,8.568,-1.174,-10.060,Niedriger Verlust / eher Gewinn,3.710,3.399,4.020
23.253,-1.160,cdu/csu,WP19,8.739,-1.174,-10.261,Niedriger Verlust / eher Gewinn,3.706,3.391,4.021
23.424,-1.160,cdu/csu,WP19,8.911,-1.174,-10.463,Niedriger Verlust / eher Gewinn,3.703,3.384,4.022
23.596,-1.160,cdu/csu,WP19,9.083,-1.174,-10.665,Niedriger Verlust / eher Gewinn,3.699,3.376,4.022
23.768,-1.160,cdu/csu,WP19,9.254,-1.174,-10.866,Niedriger Verlust / eher Gewinn,3.696,3.369,4.023
23.939,-1.160,cdu/csu,WP19,9.426,-1.174,-11.068,Niedriger Verlust / eher Gewinn,3.692,3.361,4.024
24.111,-1.160,cdu/csu,WP19,9.598,-1.174,-11.269,Niedriger Verlust / eher Gewinn,3.689,3.354,4.024
24.283,-1.160,cdu/csu,WP19,9.770,-1.174,-11.471,Niedriger Verlust / eher Gewinn,3.686,3.346,4.025
24.455,-1.160,cdu/csu,WP19,9.941,-1.174,-11.673,Niedriger Verlust / eher Gewinn,3.682,3.339,4.026
24.626,-1.160,cdu/csu,WP19,10.113,-1.174,-11.874,Niedriger Verlust / eher Gewinn,3.679,3.331,4.026
24.798,-1.160,cdu/csu,WP19,10.285,-1.174,-12.076,Niedriger Verlust / eher Gewinn,3.675,3.323,4.027
24.970,-1.160,cdu/csu,WP19,10.456,-1.174,-12.278,Niedriger Verlust / eher Gewinn,3.672,3.316,4.028
25.141,-1.160,cdu/csu,WP19,10.628,-1.174,-12.479,Niedriger Verlust / eher Gewinn,3.668,3.308,4.029
25.313,-1.160,cdu/csu,WP19,10.800,-1.174,-12.681,Niedriger Verlust / eher Gewinn,3.665,3.300,4.029
25.485,-1.160,cdu/csu,WP19,10.972,-1.174,-12.882,Niedriger Verlust / eher Gewinn,3.661,3.293,4.030
25.657,-1.160,cdu/csu,WP19,11.143,-1.174,-13.084,Niedriger Verlust / eher Gewinn,3.658,3.285,4.031
25.828,-1.160,cdu/csu,WP19,11.315,-1.174,-13.286,Niedriger Verlust / eher Gewinn,3.655,3.277,4.032
26.000,-1.160,cdu/csu,WP19,11.487,-1.174,-13.487,Niedriger Verlust / eher Gewinn,3.651,3.270,4.033
9.000,0.014,cdu/csu,WP19,-5.513,0.000,-0.000,Mittlerer Verlust,4.024,3.862,4.185
9.172,0.014,cdu/csu,WP19,-5.341,0.000,-0.000,Mittlerer Verlust,4.021,3.860,4.181
9.343,0.014,cdu/csu,WP19,-5.170,0.000,-0.000,Mittlerer Verlust,4.017,3.859,4.176
9.515,0.014,cdu/csu,WP19,-4.998,0.000,-0.000,Mittlerer Verlust,4.014,3.857,4.172
9.687,0.014,cdu/csu,WP19,-4.826,0.000,-0.000,Mittlerer Verlust,4.011,3.856,4.167
9.859,0.014,cdu/csu,WP19,-4.655,0.000,-0.000,Mittlerer Verlust,4.008,3.854,4.163
10.030,0.014,cdu/csu,WP19,-4.483,0.000,-0.000,Mittlerer Verlust,4.005,3.852,4.158
10.202,0.014,cdu/csu,WP19,-4.311,0.000,-0.000,Mittlerer Verlust,4.002,3.850,4.154
10.374,0.014,cdu/csu,WP19,-4.139,0.000,-0.000,Mittlerer Verlust,3.999,3.848,4.150
10.545,0.014,cdu/csu,WP19,-3.968,0.000,-0.000,Mittlerer Verlust,3.996,3.846,4.146
10.717,0.014,cdu/csu,WP19,-3.796,0.000,-0.000,Mittlerer Verlust,3.993,3.844,4.142
10.889,0.014,cdu/csu,WP19,-3.624,0.000,-0.000,Mittlerer Verlust,3.990,3.842,4.138
11.061,0.014,cdu/csu,WP19,-3.453,0.000,-0.000,Mittlerer Verlust,3.987,3.840,4.134
11.232,0.014,cdu/csu,WP19,-3.281,0.000,-0.000,Mittlerer Verlust,3.984,3.838,4.130
11.404,0.014,cdu/csu,WP19,-3.109,0.000,-0.000,Mittlerer Verlust,3.981,3.835,4.127
11.576,0.014,cdu/csu,WP19,-2.937,0.000,-0.000,Mittlerer Verlust,3.978,3.833,4.123
11.747,0.014,cdu/csu,WP19,-2.766,0.000,-0.000,Mittlerer Verlust,3.975,3.830,4.119
11.919,0.014,cdu/csu,WP19,-2.594,0.000,-0.000,Mittlerer Verlust,3.972,3.828,4.116
12.091,0.014,cdu/csu,WP19,-2.422,0.000,-0.000,Mittlerer Verlust,3.969,3.825,4.113
12.263,0.014,cdu/csu,WP19,-2.251,0.000,-0.000,Mittlerer Verlust,3.966,3.822,4.109
12.434,0.014,cdu/csu,WP19,-2.079,0.000,-0.000,Mittlerer Verlust,3.963,3.819,4.106
12.606,0.014,cdu/csu,WP19,-1.907,0.000,-0.000,Mittlerer Verlust,3.960,3.816,4.103
12.778,0.014,cdu/csu,WP19,-1.735,0.000,-0.000,Mittlerer Verlust,3.957,3.813,4.100
12.949,0.014,cdu/csu,WP19,-1.564,0.000,-0.000,Mittlerer Verlust,3.954,3.810,4.097
13.121,0.014,cdu/csu,WP19,-1.392,0.000,-0.000,Mittlerer Verlust,3.951,3.807,4.094
13.293,0.014,cdu/csu,WP19,-1.220,0.000,-0.000,Mittlerer Verlust,3.948,3.804,4.091
13.465,0.014,cdu/csu,WP19,-1.049,0.000,-0.000,Mittlerer Verlust,3.944,3.800,4.089
13.636,0.014,cdu/csu,WP19,-0.877,0.000,-0.000,Mittlerer Verlust,3.941,3.797,4.086
13.808,0.014,cdu/csu,WP19,-0.705,0.000,-0.000,Mittlerer Verlust,3.938,3.793,4.084
13.980,0.014,cdu/csu,WP19,-0.533,0.000,-0.000,Mittlerer Verlust,3.935,3.789,4.081
14.152,0.014,cdu/csu,WP19,-0.362,0.000,-0.000,Mittlerer Verlust,3.932,3.786,4.079
14.323,0.014,cdu/csu,WP19,-0.190,0.000,-0.000,Mittlerer Verlust,3.929,3.782,4.077
14.495,0.014,cdu/csu,WP19,-0.018,0.000,-0.000,Mittlerer Verlust,3.926,3.778,4.075
14.667,0.014,cdu/csu,WP19,0.153,0.000,0.000,Mittlerer Verlust,3.923,3.774,4.072
14.838,0.014,cdu/csu,WP19,0.325,0.000,0.000,Mittlerer Verlust,3.920,3.770,4.070
15.010,0.014,cdu/csu,WP19,0.497,0.000,0.000,Mittlerer Verlust,3.917,3.766,4.068
15.182,0.014,cdu/csu,WP19,0.669,0.000,0.000,Mittlerer Verlust,3.914,3.762,4.067
15.354,0.014,cdu/csu,WP19,0.840,0.000,0.000,Mittlerer Verlust,3.911,3.757,4.065
15.525,0.014,cdu/csu,WP19,1.012,0.000,0.000,Mittlerer Verlust,3.908,3.753,4.063
15.697,0.014,cdu/csu,WP19,1.184,0.000,0.000,Mittlerer Verlust,3.905,3.748,4.061
15.869,0.014,cdu/csu,WP19,1.355,0.000,0.000,Mittlerer Verlust,3.902,3.744,4.060
16.040,0.014,cdu/csu,WP19,1.527,0.000,0.000,Mittlerer Verlust,3.899,3.739,4.058
16.212,0.014,cdu/csu,WP19,1.699,0.000,0.000,Mittlerer Verlust,3.896,3.735,4.057
16.384,0.014,cdu/csu,WP19,1.871,0.000,0.000,Mittlerer Verlust,3.893,3.730,4.055
16.556,0.014,cdu/csu,WP19,2.042,0.000,0.000,Mittlerer Verlust,3.890,3.725,4.054
16.727,0.014,cdu/csu,WP19,2.214,0.000,0.000,Mittlerer Verlust,3.887,3.721,4.053
16.899,0.014,cdu/csu,WP19,2.386,0.000,0.000,Mittlerer Verlust,3.884,3.716,4.052
17.071,0.014,cdu/csu,WP19,2.557,0.000,0.000,Mittlerer Verlust,3.881,3.711,4.050
17.242,0.014,cdu/csu,WP19,2.729,0.000,0.000,Mittlerer Verlust,3.878,3.706,4.049
17.414,0.014,cdu/csu,WP19,2.901,0.000,0.000,Mittlerer Verlust,3.875,3.701,4.048
17.586,0.014,cdu/csu,WP19,3.073,0.000,0.000,Mittlerer Verlust,3.871,3.696,4.047
17.758,0.014,cdu/csu,WP19,3.244,0.000,0.000,Mittlerer Verlust,3.868,3.691,4.046
17.929,0.014,cdu/csu,WP19,3.416,0.000,0.000,Mittlerer Verlust,3.865,3.686,4.045
18.101,0.014,cdu/csu,WP19,3.588,0.000,0.000,Mittlerer Verlust,3.862,3.680,4.044
18.273,0.014,cdu/csu,WP19,3.760,0.000,0.000,Mittlerer Verlust,3.859,3.675,4.043
18.444,0.014,cdu/csu,WP19,3.931,0.000,0.000,Mittlerer Verlust,3.856,3.670,4.043
18.616,0.014,cdu/csu,WP19,4.103,0.000,0.000,Mittlerer Verlust,3.853,3.665,4.042
18.788,0.014,cdu/csu,WP19,4.275,0.000,0.000,Mittlerer Verlust,3.850,3.659,4.041
18.960,0.014,cdu/csu,WP19,4.446,0.000,0.000,Mittlerer Verlust,3.847,3.654,4.041
19.131,0.014,cdu/csu,WP19,4.618,0.000,0.000,Mittlerer Verlust,3.844,3.648,4.040
19.303,0.014,cdu/csu,WP19,4.790,0.000,0.000,Mittlerer Verlust,3.841,3.643,4.039
19.475,0.014,cdu/csu,WP19,4.962,0.000,0.000,Mittlerer Verlust,3.838,3.637,4.039
19.646,0.014,cdu/csu,WP19,5.133,0.000,0.000,Mittlerer Verlust,3.835,3.632,4.038
19.818,0.014,cdu/csu,WP19,5.305,0.000,0.000,Mittlerer Verlust,3.832,3.626,4.038
19.990,0.014,cdu/csu,WP19,5.477,0.000,0.000,Mittlerer Verlust,3.829,3.621,4.037
20.162,0.014,cdu/csu,WP19,5.648,0.000,0.000,Mittlerer Verlust,3.826,3.615,4.037
20.333,0.014,cdu/csu,WP19,5.820,0.000,0.000,Mittlerer Verlust,3.823,3.609,4.036
20.505,0.014,cdu/csu,WP19,5.992,0.000,0.000,Mittlerer Verlust,3.820,3.604,4.036
20.677,0.014,cdu/csu,WP19,6.164,0.000,0.000,Mittlerer Verlust,3.817,3.598,4.035
20.848,0.014,cdu/csu,WP19,6.335,0.000,0.000,Mittlerer Verlust,3.814,3.592,4.035
21.020,0.014,cdu/csu,WP19,6.507,0.000,0.000,Mittlerer Verlust,3.811,3.587,4.035
21.192,0.014,cdu/csu,WP19,6.679,0.000,0.000,Mittlerer Verlust,3.808,3.581,4.034
21.364,0.014,cdu/csu,WP19,6.850,0.000,0.000,Mittlerer Verlust,3.805,3.575,4.034
21.535,0.014,cdu/csu,WP19,7.022,0.000,0.000,Mittlerer Verlust,3.802,3.569,4.034
21.707,0.014,cdu/csu,WP19,7.194,0.000,0.000,Mittlerer Verlust,3.798,3.563,4.034
21.879,0.014,cdu/csu,WP19,7.366,0.000,0.000,Mittlerer Verlust,3.795,3.558,4.033
22.051,0.014,cdu/csu,WP19,7.537,0.000,0.000,Mittlerer Verlust,3.792,3.552,4.033
22.222,0.014,cdu/csu,WP19,7.709,0.000,0.000,Mittlerer Verlust,3.789,3.546,4.033
22.394,0.014,cdu/csu,WP19,7.881,0.000,0.000,Mittlerer Verlust,3.786,3.540,4.033
22.566,0.014,cdu/csu,WP19,8.052,0.000,0.000,Mittlerer Verlust,3.783,3.534,4.033
22.737,0.014,cdu/csu,WP19,8.224,0.000,0.000,Mittlerer Verlust,3.780,3.528,4.032
22.909,0.014,cdu/csu,WP19,8.396,0.000,0.000,Mittlerer Verlust,3.777,3.522,4.032
23.081,0.014,cdu/csu,WP19,8.568,0.000,0.000,Mittlerer Verlust,3.774,3.516,4.032
23.253,0.014,cdu/csu,WP19,8.739,0.000,0.000,Mittlerer Verlust,3.771,3.510,4.032
23.424,0.014,cdu/csu,WP19,8.911,0.000,0.000,Mittlerer Verlust,3.768,3.504,4.032
23.596,0.014,cdu/csu,WP19,9.083,0.000,0.000,Mittlerer Verlust,3.765,3.498,4.032
23.768,0.014,cdu/csu,WP19,9.254,0.000,0.000,Mittlerer Verlust,3.762,3.492,4.032
23.939,0.014,cdu/csu,WP19,9.426,0.000,0.000,Mittlerer Verlust,3.759,3.486,4.032
24.111,0.014,cdu/csu,WP19,9.598,0.000,0.000,Mittlerer Verlust,3.756,3.480,4.032
24.283,0.014,cdu/csu,WP19,9.770,0.000,0.000,Mittlerer Verlust,3.753,3.474,4.032
24.455,0.014,cdu/csu,WP19,9.941,0.000,0.000,Mittlerer Verlust,3.750,3.468,4.032
24.626,0.014,cdu/csu,WP19,10.113,0.000,0.000,Mittlerer Verlust,3.747,3.462,4.032
24.798,0.014,cdu/csu,WP19,10.285,0.000,0.000,Mittlerer Verlust,3.744,3.456,4.032
24.970,0.014,cdu/csu,WP19,10.456,0.000,0.000,Mittlerer Verlust,3.741,3.450,4.032
25.141,0.014,cdu/csu,WP19,10.628,0.000,0.000,Mittlerer Verlust,3.738,3.443,4.032
25.313,0.014,cdu/csu,WP19,10.800,0.000,0.000,Mittlerer Verlust,3.735,3.437,4.032
25.485,0.014,cdu/csu,WP19,10.972,0.000,0.000,Mittlerer Verlust,3.732,3.431,4.032
25.657,0.014,cdu/csu,WP19,11.143,0.000,0.000,Mittlerer Verlust,3.729,3.425,4.032
25.828,0.014,cdu/csu,WP19,11.315,0.000,0.000,Mittlerer Verlust,3.725,3.419,4.032
26.000,0.014,cdu/csu,WP19,11.487,0.000,0.000,Mittlerer Verlust,3.722,3.413,4.032
9.000,1.188,cdu/csu,WP19,-5.513,1.174,-6.473,Hoher Verlust,4.054,3.861,4.248
9.172,1.188,cdu/csu,WP19,-5.341,1.174,-6.272,Hoher Verlust,4.052,3.861,4.242
9.343,1.188,cdu/csu,WP19,-5.170,1.174,-6.070,Hoher Verlust,4.049,3.861,4.237
9.515,1.188,cdu/csu,WP19,-4.998,1.174,-5.868,Hoher Verlust,4.047,3.861,4.232
9.687,1.188,cdu/csu,WP19,-4.826,1.174,-5.667,Hoher Verlust,4.044,3.861,4.227
9.859,1.188,cdu/csu,WP19,-4.655,1.174,-5.465,Hoher Verlust,4.041,3.861,4.222
10.030,1.188,cdu/csu,WP19,-4.483,1.174,-5.264,Hoher Verlust,4.039,3.861,4.217
10.202,1.188,cdu/csu,WP19,-4.311,1.174,-5.062,Hoher Verlust,4.036,3.860,4.212
10.374,1.188,cdu/csu,WP19,-4.139,1.174,-4.860,Hoher Verlust,4.033,3.860,4.207
10.545,1.188,cdu/csu,WP19,-3.968,1.174,-4.659,Hoher Verlust,4.031,3.859,4.203
10.717,1.188,cdu/csu,WP19,-3.796,1.174,-4.457,Hoher Verlust,4.028,3.858,4.198
10.889,1.188,cdu/csu,WP19,-3.624,1.174,-4.256,Hoher Verlust,4.026,3.857,4.194
11.061,1.188,cdu/csu,WP19,-3.453,1.174,-4.054,Hoher Verlust,4.023,3.856,4.189
11.232,1.188,cdu/csu,WP19,-3.281,1.174,-3.852,Hoher Verlust,4.020,3.855,4.185
11.404,1.188,cdu/csu,WP19,-3.109,1.174,-3.651,Hoher Verlust,4.018,3.854,4.181
11.576,1.188,cdu/csu,WP19,-2.937,1.174,-3.449,Hoher Verlust,4.015,3.853,4.177
11.747,1.188,cdu/csu,WP19,-2.766,1.174,-3.247,Hoher Verlust,4.012,3.851,4.173
11.919,1.188,cdu/csu,WP19,-2.594,1.174,-3.046,Hoher Verlust,4.010,3.850,4.170
12.091,1.188,cdu/csu,WP19,-2.422,1.174,-2.844,Hoher Verlust,4.007,3.848,4.166
12.263,1.188,cdu/csu,WP19,-2.251,1.174,-2.643,Hoher Verlust,4.004,3.846,4.163
12.434,1.188,cdu/csu,WP19,-2.079,1.174,-2.441,Hoher Verlust,4.002,3.844,4.159
12.606,1.188,cdu/csu,WP19,-1.907,1.174,-2.239,Hoher Verlust,3.999,3.842,4.156
12.778,1.188,cdu/csu,WP19,-1.735,1.174,-2.038,Hoher Verlust,3.997,3.840,4.153
12.949,1.188,cdu/csu,WP19,-1.564,1.174,-1.836,Hoher Verlust,3.994,3.837,4.150
13.121,1.188,cdu/csu,WP19,-1.392,1.174,-1.634,Hoher Verlust,3.991,3.835,4.148
13.293,1.188,cdu/csu,WP19,-1.220,1.174,-1.433,Hoher Verlust,3.989,3.832,4.145
13.465,1.188,cdu/csu,WP19,-1.049,1.174,-1.231,Hoher Verlust,3.986,3.830,4.142
13.636,1.188,cdu/csu,WP19,-0.877,1.174,-1.030,Hoher Verlust,3.983,3.827,4.140
13.808,1.188,cdu/csu,WP19,-0.705,1.174,-0.828,Hoher Verlust,3.981,3.824,4.138
13.980,1.188,cdu/csu,WP19,-0.533,1.174,-0.626,Hoher Verlust,3.978,3.820,4.136
14.152,1.188,cdu/csu,WP19,-0.362,1.174,-0.425,Hoher Verlust,3.975,3.817,4.134
14.323,1.188,cdu/csu,WP19,-0.190,1.174,-0.223,Hoher Verlust,3.973,3.814,4.132
14.495,1.188,cdu/csu,WP19,-0.018,1.174,-0.021,Hoher Verlust,3.970,3.810,4.130
14.667,1.188,cdu/csu,WP19,0.153,1.174,0.180,Hoher Verlust,3.968,3.806,4.129
14.838,1.188,cdu/csu,WP19,0.325,1.174,0.382,Hoher Verlust,3.965,3.803,4.127
15.010,1.188,cdu/csu,WP19,0.497,1.174,0.583,Hoher Verlust,3.962,3.799,4.126
15.182,1.188,cdu/csu,WP19,0.669,1.174,0.785,Hoher Verlust,3.960,3.795,4.125
15.354,1.188,cdu/csu,WP19,0.840,1.174,0.987,Hoher Verlust,3.957,3.790,4.124
15.525,1.188,cdu/csu,WP19,1.012,1.174,1.188,Hoher Verlust,3.954,3.786,4.123
15.697,1.188,cdu/csu,WP19,1.184,1.174,1.390,Hoher Verlust,3.952,3.782,4.122
15.869,1.188,cdu/csu,WP19,1.355,1.174,1.592,Hoher Verlust,3.949,3.777,4.121
16.040,1.188,cdu/csu,WP19,1.527,1.174,1.793,Hoher Verlust,3.947,3.772,4.121
16.212,1.188,cdu/csu,WP19,1.699,1.174,1.995,Hoher Verlust,3.944,3.768,4.120
16.384,1.188,cdu/csu,WP19,1.871,1.174,2.196,Hoher Verlust,3.941,3.763,4.120
16.556,1.188,cdu/csu,WP19,2.042,1.174,2.398,Hoher Verlust,3.939,3.758,4.119
16.727,1.188,cdu/csu,WP19,2.214,1.174,2.600,Hoher Verlust,3.936,3.753,4.119
16.899,1.188,cdu/csu,WP19,2.386,1.174,2.801,Hoher Verlust,3.933,3.748,4.119
17.071,1.188,cdu/csu,WP19,2.557,1.174,3.003,Hoher Verlust,3.931,3.743,4.119
17.242,1.188,cdu/csu,WP19,2.729,1.174,3.205,Hoher Verlust,3.928,3.738,4.119
17.414,1.188,cdu/csu,WP19,2.901,1.174,3.406,Hoher Verlust,3.925,3.732,4.119
17.586,1.188,cdu/csu,WP19,3.073,1.174,3.608,Hoher Verlust,3.923,3.727,4.119
17.758,1.188,cdu/csu,WP19,3.244,1.174,3.809,Hoher Verlust,3.920,3.721,4.119
17.929,1.188,cdu/csu,WP19,3.416,1.174,4.011,Hoher Verlust,3.918,3.716,4.119
18.101,1.188,cdu/csu,WP19,3.588,1.174,4.213,Hoher Verlust,3.915,3.710,4.120
18.273,1.188,cdu/csu,WP19,3.760,1.174,4.414,Hoher Verlust,3.912,3.705,4.120
18.444,1.188,cdu/csu,WP19,3.931,1.174,4.616,Hoher Verlust,3.910,3.699,4.120
18.616,1.188,cdu/csu,WP19,4.103,1.174,4.817,Hoher Verlust,3.907,3.693,4.121
18.788,1.188,cdu/csu,WP19,4.275,1.174,5.019,Hoher Verlust,3.904,3.687,4.122
18.960,1.188,cdu/csu,WP19,4.446,1.174,5.221,Hoher Verlust,3.902,3.681,4.122
19.131,1.188,cdu/csu,WP19,4.618,1.174,5.422,Hoher Verlust,3.899,3.675,4.123
19.303,1.188,cdu/csu,WP19,4.790,1.174,5.624,Hoher Verlust,3.897,3.670,4.124
19.475,1.188,cdu/csu,WP19,4.962,1.174,5.826,Hoher Verlust,3.894,3.663,4.124
19.646,1.188,cdu/csu,WP19,5.133,1.174,6.027,Hoher Verlust,3.891,3.657,4.125
19.818,1.188,cdu/csu,WP19,5.305,1.174,6.229,Hoher Verlust,3.889,3.651,4.126
19.990,1.188,cdu/csu,WP19,5.477,1.174,6.430,Hoher Verlust,3.886,3.645,4.127
20.162,1.188,cdu/csu,WP19,5.648,1.174,6.632,Hoher Verlust,3.883,3.639,4.128
20.333,1.188,cdu/csu,WP19,5.820,1.174,6.834,Hoher Verlust,3.881,3.633,4.129
20.505,1.188,cdu/csu,WP19,5.992,1.174,7.035,Hoher Verlust,3.878,3.627,4.130
20.677,1.188,cdu/csu,WP19,6.164,1.174,7.237,Hoher Verlust,3.875,3.620,4.131
20.848,1.188,cdu/csu,WP19,6.335,1.174,7.439,Hoher Verlust,3.873,3.614,4.132
21.020,1.188,cdu/csu,WP19,6.507,1.174,7.640,Hoher Verlust,3.870,3.608,4.133
21.192,1.188,cdu/csu,WP19,6.679,1.174,7.842,Hoher Verlust,3.868,3.601,4.134
21.364,1.188,cdu/csu,WP19,6.850,1.174,8.043,Hoher Verlust,3.865,3.595,4.135
21.535,1.188,cdu/csu,WP19,7.022,1.174,8.245,Hoher Verlust,3.862,3.588,4.136
21.707,1.188,cdu/csu,WP19,7.194,1.174,8.447,Hoher Verlust,3.860,3.582,4.137
21.879,1.188,cdu/csu,WP19,7.366,1.174,8.648,Hoher Verlust,3.857,3.576,4.139
22.051,1.188,cdu/csu,WP19,7.537,1.174,8.850,Hoher Verlust,3.854,3.569,4.140
22.222,1.188,cdu/csu,WP19,7.709,1.174,9.052,Hoher Verlust,3.852,3.563,4.141
22.394,1.188,cdu/csu,WP19,7.881,1.174,9.253,Hoher Verlust,3.849,3.556,4.142
22.566,1.188,cdu/csu,WP19,8.052,1.174,9.455,Hoher Verlust,3.846,3.549,4.144
22.737,1.188,cdu/csu,WP19,8.224,1.174,9.656,Hoher Verlust,3.844,3.543,4.145
22.909,1.188,cdu/csu,WP19,8.396,1.174,9.858,Hoher Verlust,3.841,3.536,4.146
23.081,1.188,cdu/csu,WP19,8.568,1.174,10.060,Hoher Verlust,3.839,3.530,4.148
23.253,1.188,cdu/csu,WP19,8.739,1.174,10.261,Hoher Verlust,3.836,3.523,4.149
23.424,1.188,cdu/csu,WP19,8.911,1.174,10.463,Hoher Verlust,3.833,3.516,4.150
23.596,1.188,cdu/csu,WP19,9.083,1.174,10.665,Hoher Verlust,3.831,3.510,4.152
23.768,1.188,cdu/csu,WP19,9.254,1.174,10.866,Hoher Verlust,3.828,3.503,4.153
23.939,1.188,cdu/csu,WP19,9.426,1.174,11.068,Hoher Verlust,3.825,3.496,4.155
24.111,1.188,cdu/csu,WP19,9.598,1.174,11.269,Hoher Verlust,3.823,3.490,4.156
24.283,1.188,cdu/csu,WP19,9.770,1.174,11.471,Hoher Verlust,3.820,3.483,4.158
24.455,1.188,cdu/csu,WP19,9.941,1.174,11.673,Hoher Verlust,3.818,3.476,4.159
24.626,1.188,cdu/csu,WP19,10.113,1.174,11.874,Hoher Verlust,3.815,3.469,4.160
24.798,1.188,cdu/csu,WP19,10.285,1.174,12.076,Hoher Verlust,3.812,3.463,4.162
24.970,1.188,cdu/csu,WP19,10.456,1.174,12.278,Hoher Verlust,3.810,3.456,4.164
25.141,1.188,cdu/csu,WP19,10.628,1.174,12.479,Hoher Verlust,3.807,3.449,4.165
25.313,1.188,cdu/csu,WP19,10.800,1.174,12.681,Hoher Verlust,3.804,3.442,4.167
25.485,1.188,cdu/csu,WP19,10.972,1.174,12.882,Hoher Verlust,3.802,3.435,4.168
25.657,1.188,cdu/csu,WP19,11.143,1.174,13.084,Hoher Verlust,3.799,3.428,4.170
25.828,1.188,cdu/csu,WP19,11.315,1.174,13.286,Hoher Verlust,3.796,3.422,4.171
26.000,1.188,cdu/csu,WP19,11.487,1.174,13.487,Hoher Verlust,3.794,3.415,4.173
