afd_support_t,electoral_loss,party_clean,wahlperiode_cat,afd_support_c,electoral_loss_c,afd_x_loss,loss_level,predicted_gal_tan,ci_95_low,ci_95_high
9.000,-1.156,cdu/csu,WP19,-5.529,-1.171,6.477,Niedriger Verlust / eher Gewinn,2.723,2.576,2.869
9.172,-1.156,cdu/csu,WP19,-5.357,-1.171,6.275,Niedriger Verlust / eher Gewinn,2.735,2.591,2.880
9.343,-1.156,cdu/csu,WP19,-5.185,-1.171,6.074,Niedriger Verlust / eher Gewinn,2.748,2.606,2.891
9.515,-1.156,cdu/csu,WP19,-5.014,-1.171,5.873,Niedriger Verlust / eher Gewinn,2.761,2.621,2.901
9.687,-1.156,cdu/csu,WP19,-4.842,-1.171,5.672,Niedriger Verlust / eher Gewinn,2.774,2.635,2.912
9.859,-1.156,cdu/csu,WP19,-4.670,-1.171,5.471,Niedriger Verlust / eher Gewinn,2.786,2.650,2.923
10.030,-1.156,cdu/csu,WP19,-4.499,-1.171,5.270,Niedriger Verlust / eher Gewinn,2.799,2.664,2.934
10.202,-1.156,cdu/csu,WP19,-4.327,-1.171,5.069,Niedriger Verlust / eher Gewinn,2.812,2.679,2.945
10.374,-1.156,cdu/csu,WP19,-4.155,-1.171,4.867,Niedriger Verlust / eher Gewinn,2.825,2.693,2.956
10.545,-1.156,cdu/csu,WP19,-3.983,-1.171,4.666,Niedriger Verlust / eher Gewinn,2.837,2.707,2.968
10.717,-1.156,cdu/csu,WP19,-3.812,-1.171,4.465,Niedriger Verlust / eher Gewinn,2.850,2.721,2.979
10.889,-1.156,cdu/csu,WP19,-3.640,-1.171,4.264,Niedriger Verlust / eher Gewinn,2.863,2.736,2.990
11.061,-1.156,cdu/csu,WP19,-3.468,-1.171,4.063,Niedriger Verlust / eher Gewinn,2.876,2.750,3.002
11.232,-1.156,cdu/csu,WP19,-3.297,-1.171,3.862,Niedriger Verlust / eher Gewinn,2.888,2.764,3.013
11.404,-1.156,cdu/csu,WP19,-3.125,-1.171,3.660,Niedriger Verlust / eher Gewinn,2.901,2.777,3.025
11.576,-1.156,cdu/csu,WP19,-2.953,-1.171,3.459,Niedriger Verlust / eher Gewinn,2.914,2.791,3.037
11.747,-1.156,cdu/csu,WP19,-2.781,-1.171,3.258,Niedriger Verlust / eher Gewinn,2.927,2.805,3.049
11.919,-1.156,cdu/csu,WP19,-2.610,-1.171,3.057,Niedriger Verlust / eher Gewinn,2.939,2.818,3.061
12.091,-1.156,cdu/csu,WP19,-2.438,-1.171,2.856,Niedriger Verlust / eher Gewinn,2.952,2.832,3.073
12.263,-1.156,cdu/csu,WP19,-2.266,-1.171,2.655,Niedriger Verlust / eher Gewinn,2.965,2.845,3.085
12.434,-1.156,cdu/csu,WP19,-2.095,-1.171,2.454,Niedriger Verlust / eher Gewinn,2.978,2.859,3.097
12.606,-1.156,cdu/csu,WP19,-1.923,-1.171,2.252,Niedriger Verlust / eher Gewinn,2.990,2.872,3.109
12.778,-1.156,cdu/csu,WP19,-1.751,-1.171,2.051,Niedriger Verlust / eher Gewinn,3.003,2.885,3.122
12.949,-1.156,cdu/csu,WP19,-1.579,-1.171,1.850,Niedriger Verlust / eher Gewinn,3.016,2.898,3.134
13.121,-1.156,cdu/csu,WP19,-1.408,-1.171,1.649,Niedriger Verlust / eher Gewinn,3.029,2.911,3.147
13.293,-1.156,cdu/csu,WP19,-1.236,-1.171,1.448,Niedriger Verlust / eher Gewinn,3.041,2.923,3.160
13.465,-1.156,cdu/csu,WP19,-1.064,-1.171,1.247,Niedriger Verlust / eher Gewinn,3.054,2.936,3.172
13.636,-1.156,cdu/csu,WP19,-0.893,-1.171,1.046,Niedriger Verlust / eher Gewinn,3.067,2.948,3.185
13.808,-1.156,cdu/csu,WP19,-0.721,-1.171,0.844,Niedriger Verlust / eher Gewinn,3.080,2.961,3.199
13.980,-1.156,cdu/csu,WP19,-0.549,-1.171,0.643,Niedriger Verlust / eher Gewinn,3.092,2.973,3.212
14.152,-1.156,cdu/csu,WP19,-0.377,-1.171,0.442,Niedriger Verlust / eher Gewinn,3.105,2.985,3.225
14.323,-1.156,cdu/csu,WP19,-0.206,-1.171,0.241,Niedriger Verlust / eher Gewinn,3.118,2.998,3.238
14.495,-1.156,cdu/csu,WP19,-0.034,-1.171,0.040,Niedriger Verlust / eher Gewinn,3.131,3.010,3.252
14.667,-1.156,cdu/csu,WP19,0.138,-1.171,-0.161,Niedriger Verlust / eher Gewinn,3.143,3.022,3.265
14.838,-1.156,cdu/csu,WP19,0.309,-1.171,-0.363,Niedriger Verlust / eher Gewinn,3.156,3.033,3.279
15.010,-1.156,cdu/csu,WP19,0.481,-1.171,-0.564,Niedriger Verlust / eher Gewinn,3.169,3.045,3.293
15.182,-1.156,cdu/csu,WP19,0.653,-1.171,-0.765,Niedriger Verlust / eher Gewinn,3.182,3.057,3.307
15.354,-1.156,cdu/csu,WP19,0.825,-1.171,-0.966,Niedriger Verlust / eher Gewinn,3.194,3.068,3.321
15.525,-1.156,cdu/csu,WP19,0.996,-1.171,-1.167,Niedriger Verlust / eher Gewinn,3.207,3.080,3.335
15.697,-1.156,cdu/csu,WP19,1.168,-1.171,-1.368,Niedriger Verlust / eher Gewinn,3.220,3.091,3.349
15.869,-1.156,cdu/csu,WP19,1.340,-1.171,-1.569,Niedriger Verlust / eher Gewinn,3.233,3.103,3.363
16.040,-1.156,cdu/csu,WP19,1.511,-1.171,-1.771,Niedriger Verlust / eher Gewinn,3.245,3.114,3.377
16.212,-1.156,cdu/csu,WP19,1.683,-1.171,-1.972,Niedriger Verlust / eher Gewinn,3.258,3.125,3.392
16.384,-1.156,cdu/csu,WP19,1.855,-1.171,-2.173,Niedriger Verlust / eher Gewinn,3.271,3.136,3.406
16.556,-1.156,cdu/csu,WP19,2.027,-1.171,-2.374,Niedriger Verlust / eher Gewinn,3.284,3.147,3.421
16.727,-1.156,cdu/csu,WP19,2.198,-1.171,-2.575,Niedriger Verlust / eher Gewinn,3.296,3.158,3.435
16.899,-1.156,cdu/csu,WP19,2.370,-1.171,-2.776,Niedriger Verlust / eher Gewinn,3.309,3.169,3.450
17.071,-1.156,cdu/csu,WP19,2.542,-1.171,-2.977,Niedriger Verlust / eher Gewinn,3.322,3.180,3.464
17.242,-1.156,cdu/csu,WP19,2.713,-1.171,-3.179,Niedriger Verlust / eher Gewinn,3.335,3.190,3.479
17.414,-1.156,cdu/csu,WP19,2.885,-1.171,-3.380,Niedriger Verlust / eher Gewinn,3.347,3.201,3.494
17.586,-1.156,cdu/csu,WP19,3.057,-1.171,-3.581,Niedriger Verlust / eher Gewinn,3.360,3.212,3.509
17.758,-1.156,cdu/csu,WP19,3.229,-1.171,-3.782,Niedriger Verlust / eher Gewinn,3.373,3.222,3.524
17.929,-1.156,cdu/csu,WP19,3.400,-1.171,-3.983,Niedriger Verlust / eher Gewinn,3.386,3.233,3.539
18.101,-1.156,cdu/csu,WP19,3.572,-1.171,-4.184,Niedriger Verlust / eher Gewinn,3.398,3.243,3.554
18.273,-1.156,cdu/csu,WP19,3.744,-1.171,-4.385,Niedriger Verlust / eher Gewinn,3.411,3.254,3.569
18.444,-1.156,cdu/csu,WP19,3.916,-1.171,-4.587,Niedriger Verlust / eher Gewinn,3.424,3.264,3.584
18.616,-1.156,cdu/csu,WP19,4.087,-1.171,-4.788,Niedriger Verlust / eher Gewinn,3.437,3.274,3.599
18.788,-1.156,cdu/csu,WP19,4.259,-1.171,-4.989,Niedriger Verlust / eher Gewinn,3.450,3.285,3.614
18.960,-1.156,cdu/csu,WP19,4.431,-1.171,-5.190,Niedriger Verlust / eher Gewinn,3.462,3.295,3.629
19.131,-1.156,cdu/csu,WP19,4.602,-1.171,-5.391,Niedriger Verlust / eher Gewinn,3.475,3.305,3.645
19.303,-1.156,cdu/csu,WP19,4.774,-1.171,-5.592,Niedriger Verlust / eher Gewinn,3.488,3.315,3.660
19.475,-1.156,cdu/csu,WP19,4.946,-1.171,-5.794,Niedriger Verlust / eher Gewinn,3.501,3.326,3.675
19.646,-1.156,cdu/csu,WP19,5.118,-1.171,-5.995,Niedriger Verlust / eher Gewinn,3.513,3.336,3.691
19.818,-1.156,cdu/csu,WP19,5.289,-1.171,-6.196,Niedriger Verlust / eher Gewinn,3.526,3.346,3.706
19.990,-1.156,cdu/csu,WP19,5.461,-1.171,-6.397,Niedriger Verlust / eher Gewinn,3.539,3.356,3.722
20.162,-1.156,cdu/csu,WP19,5.633,-1.171,-6.598,Niedriger Verlust / eher Gewinn,3.552,3.366,3.737
20.333,-1.156,cdu/csu,WP19,5.804,-1.171,-6.799,Niedriger Verlust / eher Gewinn,3.564,3.376,3.753
20.505,-1.156,cdu/csu,WP19,5.976,-1.171,-7.000,Niedriger Verlust / eher Gewinn,3.577,3.386,3.768
20.677,-1.156,cdu/csu,WP19,6.148,-1.171,-7.202,Niedriger Verlust / eher Gewinn,3.590,3.396,3.784
20.848,-1.156,cdu/csu,WP19,6.320,-1.171,-7.403,Niedriger Verlust / eher Gewinn,3.603,3.406,3.799
21.020,-1.156,cdu/csu,WP19,6.491,-1.171,-7.604,Niedriger Verlust / eher Gewinn,3.615,3.416,3.815
21.192,-1.156,cdu/csu,WP19,6.663,-1.171,-7.805,Niedriger Verlust / eher Gewinn,3.628,3.426,3.830
21.364,-1.156,cdu/csu,WP19,6.835,-1.171,-8.006,Niedriger Verlust / eher Gewinn,3.641,3.436,3.846
21.535,-1.156,cdu/csu,WP19,7.006,-1.171,-8.207,Niedriger Verlust / eher Gewinn,3.654,3.445,3.862
21.707,-1.156,cdu/csu,WP19,7.178,-1.171,-8.408,Niedriger Verlust / eher Gewinn,3.666,3.455,3.877
21.879,-1.156,cdu/csu,WP19,7.350,-1.171,-8.610,Niedriger Verlust / eher Gewinn,3.679,3.465,3.893
22.051,-1.156,cdu/csu,WP19,7.522,-1.171,-8.811,Niedriger Verlust / eher Gewinn,3.692,3.475,3.909
22.222,-1.156,cdu/csu,WP19,7.693,-1.171,-9.012,Niedriger Verlust / eher Gewinn,3.705,3.485,3.924
22.394,-1.156,cdu/csu,WP19,7.865,-1.171,-9.213,Niedriger Verlust / eher Gewinn,3.717,3.494,3.940
22.566,-1.156,cdu/csu,WP19,8.037,-1.171,-9.414,Niedriger Verlust / eher Gewinn,3.730,3.504,3.956
22.737,-1.156,cdu/csu,WP19,8.208,-1.171,-9.615,Niedriger Verlust / eher Gewinn,3.743,3.514,3.972
22.909,-1.156,cdu/csu,WP19,8.380,-1.171,-9.817,Niedriger Verlust / eher Gewinn,3.756,3.524,3.987
23.081,-1.156,cdu/csu,WP19,8.552,-1.171,-10.018,Niedriger Verlust / eher Gewinn,3.768,3.533,4.003
23.253,-1.156,cdu/csu,WP19,8.724,-1.171,-10.219,Niedriger Verlust / eher Gewinn,3.781,3.543,4.019
23.424,-1.156,cdu/csu,WP19,8.895,-1.171,-10.420,Niedriger Verlust / eher Gewinn,3.794,3.553,4.035
23.596,-1.156,cdu/csu,WP19,9.067,-1.171,-10.621,Niedriger Verlust / eher Gewinn,3.807,3.562,4.051
23.768,-1.156,cdu/csu,WP19,9.239,-1.171,-10.822,Niedriger Verlust / eher Gewinn,3.819,3.572,4.067
23.939,-1.156,cdu/csu,WP19,9.410,-1.171,-11.023,Niedriger Verlust / eher Gewinn,3.832,3.582,4.082
24.111,-1.156,cdu/csu,WP19,9.582,-1.171,-11.225,Niedriger Verlust / eher Gewinn,3.845,3.591,4.098
24.283,-1.156,cdu/csu,WP19,9.754,-1.171,-11.426,Niedriger Verlust / eher Gewinn,3.858,3.601,4.114
24.455,-1.156,cdu/csu,WP19,9.926,-1.171,-11.627,Niedriger Verlust / eher Gewinn,3.870,3.611,4.130
24.626,-1.156,cdu/csu,WP19,10.097,-1.171,-11.828,Niedriger Verlust / eher Gewinn,3.883,3.620,4.146
24.798,-1.156,cdu/csu,WP19,10.269,-1.171,-12.029,Niedriger Verlust / eher Gewinn,3.896,3.630,4.162
24.970,-1.156,cdu/csu,WP19,10.441,-1.171,-12.230,Niedriger Verlust / eher Gewinn,3.909,3.639,4.178
25.141,-1.156,cdu/csu,WP19,10.612,-1.171,-12.431,Niedriger Verlust / eher Gewinn,3.921,3.649,4.194
25.313,-1.156,cdu/csu,WP19,10.784,-1.171,-12.633,Niedriger Verlust / eher Gewinn,3.934,3.658,4.210
25.485,-1.156,cdu/csu,WP19,10.956,-1.171,-12.834,Niedriger Verlust / eher Gewinn,3.947,3.668,4.226
25.657,-1.156,cdu/csu,WP19,11.128,-1.171,-13.035,Niedriger Verlust / eher Gewinn,3.960,3.678,4.242
25.828,-1.156,cdu/csu,WP19,11.299,-1.171,-13.236,Niedriger Verlust / eher Gewinn,3.972,3.687,4.257
26.000,-1.156,cdu/csu,WP19,11.471,-1.171,-13.437,Niedriger Verlust / eher Gewinn,3.985,3.697,4.273
9.000,0.015,cdu/csu,WP19,-5.529,0.000,-0.000,Mittlerer Verlust,2.721,2.599,2.844
9.172,0.015,cdu/csu,WP19,-5.357,0.000,-0.000,Mittlerer Verlust,2.733,2.611,2.854
9.343,0.015,cdu/csu,WP19,-5.185,0.000,-0.000,Mittlerer Verlust,2.744,2.624,2.864
9.515,0.015,cdu/csu,WP19,-5.014,0.000,-0.000,Mittlerer Verlust,2.755,2.636,2.874
9.687,0.015,cdu/csu,WP19,-4.842,0.000,-0.000,Mittlerer Verlust,2.767,2.649,2.885
9.859,0.015,cdu/csu,WP19,-4.670,0.000,-0.000,Mittlerer Verlust,2.778,2.661,2.895
10.030,0.015,cdu/csu,WP19,-4.499,0.000,-0.000,Mittlerer Verlust,2.790,2.674,2.905
10.202,0.015,cdu/csu,WP19,-4.327,0.000,-0.000,Mittlerer Verlust,2.801,2.686,2.916
10.374,0.015,cdu/csu,WP19,-4.155,0.000,-0.000,Mittlerer Verlust,2.812,2.698,2.926
10.545,0.015,cdu/csu,WP19,-3.983,0.000,-0.000,Mittlerer Verlust,2.824,2.710,2.937
10.717,0.015,cdu/csu,WP19,-3.812,0.000,-0.000,Mittlerer Verlust,2.835,2.723,2.948
10.889,0.015,cdu/csu,WP19,-3.640,0.000,-0.000,Mittlerer Verlust,2.846,2.735,2.958
11.061,0.015,cdu/csu,WP19,-3.468,0.000,-0.000,Mittlerer Verlust,2.858,2.747,2.969
11.232,0.015,cdu/csu,WP19,-3.297,0.000,-0.000,Mittlerer Verlust,2.869,2.759,2.980
11.404,0.015,cdu/csu,WP19,-3.125,0.000,-0.000,Mittlerer Verlust,2.881,2.770,2.991
11.576,0.015,cdu/csu,WP19,-2.953,0.000,-0.000,Mittlerer Verlust,2.892,2.782,3.002
11.747,0.015,cdu/csu,WP19,-2.781,0.000,-0.000,Mittlerer Verlust,2.903,2.794,3.013
11.919,0.015,cdu/csu,WP19,-2.610,0.000,-0.000,Mittlerer Verlust,2.915,2.806,3.024
12.091,0.015,cdu/csu,WP19,-2.438,0.000,-0.000,Mittlerer Verlust,2.926,2.817,3.035
12.263,0.015,cdu/csu,WP19,-2.266,0.000,-0.000,Mittlerer Verlust,2.937,2.829,3.046
12.434,0.015,cdu/csu,WP19,-2.095,0.000,-0.000,Mittlerer Verlust,2.949,2.840,3.057
12.606,0.015,cdu/csu,WP19,-1.923,0.000,-0.000,Mittlerer Verlust,2.960,2.852,3.069
12.778,0.015,cdu/csu,WP19,-1.751,0.000,-0.000,Mittlerer Verlust,2.972,2.863,3.080
12.949,0.015,cdu/csu,WP19,-1.579,0.000,-0.000,Mittlerer Verlust,2.983,2.875,3.092
13.121,0.015,cdu/csu,WP19,-1.408,0.000,-0.000,Mittlerer Verlust,2.994,2.886,3.103
13.293,0.015,cdu/csu,WP19,-1.236,0.000,-0.000,Mittlerer Verlust,3.006,2.897,3.115
13.465,0.015,cdu/csu,WP19,-1.064,0.000,-0.000,Mittlerer Verlust,3.017,2.908,3.126
13.636,0.015,cdu/csu,WP19,-0.893,0.000,-0.000,Mittlerer Verlust,3.029,2.919,3.138
13.808,0.015,cdu/csu,WP19,-0.721,0.000,-0.000,Mittlerer Verlust,3.040,2.930,3.150
13.980,0.015,cdu/csu,WP19,-0.549,0.000,-0.000,Mittlerer Verlust,3.051,2.941,3.162
14.152,0.015,cdu/csu,WP19,-0.377,0.000,-0.000,Mittlerer Verlust,3.063,2.952,3.174
14.323,0.015,cdu/csu,WP19,-0.206,0.000,-0.000,Mittlerer Verlust,3.074,2.963,3.186
14.495,0.015,cdu/csu,WP19,-0.034,0.000,-0.000,Mittlerer Verlust,3.085,2.973,3.198
14.667,0.015,cdu/csu,WP19,0.138,0.000,0.000,Mittlerer Verlust,3.097,2.984,3.210
14.838,0.015,cdu/csu,WP19,0.309,0.000,0.000,Mittlerer Verlust,3.108,2.995,3.222
15.010,0.015,cdu/csu,WP19,0.481,0.000,0.000,Mittlerer Verlust,3.120,3.005,3.234
15.182,0.015,cdu/csu,WP19,0.653,0.000,0.000,Mittlerer Verlust,3.131,3.016,3.246
15.354,0.015,cdu/csu,WP19,0.825,0.000,0.000,Mittlerer Verlust,3.142,3.026,3.259
15.525,0.015,cdu/csu,WP19,0.996,0.000,0.000,Mittlerer Verlust,3.154,3.036,3.271
15.697,0.015,cdu/csu,WP19,1.168,0.000,0.000,Mittlerer Verlust,3.165,3.047,3.283
15.869,0.015,cdu/csu,WP19,1.340,0.000,0.000,Mittlerer Verlust,3.176,3.057,3.296
16.040,0.015,cdu/csu,WP19,1.511,0.000,0.000,Mittlerer Verlust,3.188,3.067,3.308
16.212,0.015,cdu/csu,WP19,1.683,0.000,0.000,Mittlerer Verlust,3.199,3.077,3.321
16.384,0.015,cdu/csu,WP19,1.855,0.000,0.000,Mittlerer Verlust,3.211,3.087,3.334
16.556,0.015,cdu/csu,WP19,2.027,0.000,0.000,Mittlerer Verlust,3.222,3.098,3.346
16.727,0.015,cdu/csu,WP19,2.198,0.000,0.000,Mittlerer Verlust,3.233,3.108,3.359
16.899,0.015,cdu/csu,WP19,2.370,0.000,0.000,Mittlerer Verlust,3.245,3.118,3.372
17.071,0.015,cdu/csu,WP19,2.542,0.000,0.000,Mittlerer Verlust,3.256,3.128,3.385
17.242,0.015,cdu/csu,WP19,2.713,0.000,0.000,Mittlerer Verlust,3.267,3.137,3.397
17.414,0.015,cdu/csu,WP19,2.885,0.000,0.000,Mittlerer Verlust,3.279,3.147,3.410
17.586,0.015,cdu/csu,WP19,3.057,0.000,0.000,Mittlerer Verlust,3.290,3.157,3.423
17.758,0.015,cdu/csu,WP19,3.229,0.000,0.000,Mittlerer Verlust,3.302,3.167,3.436
17.929,0.015,cdu/csu,WP19,3.400,0.000,0.000,Mittlerer Verlust,3.313,3.177,3.449
18.101,0.015,cdu/csu,WP19,3.572,0.000,0.000,Mittlerer Verlust,3.324,3.187,3.462
18.273,0.015,cdu/csu,WP19,3.744,0.000,0.000,Mittlerer Verlust,3.336,3.196,3.475
18.444,0.015,cdu/csu,WP19,3.916,0.000,0.000,Mittlerer Verlust,3.347,3.206,3.488
18.616,0.015,cdu/csu,WP19,4.087,0.000,0.000,Mittlerer Verlust,3.358,3.216,3.501
18.788,0.015,cdu/csu,WP19,4.259,0.000,0.000,Mittlerer Verlust,3.370,3.225,3.514
18.960,0.015,cdu/csu,WP19,4.431,0.000,0.000,Mittlerer Verlust,3.381,3.235,3.528
19.131,0.015,cdu/csu,WP19,4.602,0.000,0.000,Mittlerer Verlust,3.393,3.244,3.541
19.303,0.015,cdu/csu,WP19,4.774,0.000,0.000,Mittlerer Verlust,3.404,3.254,3.554
19.475,0.015,cdu/csu,WP19,4.946,0.000,0.000,Mittlerer Verlust,3.415,3.263,3.567
19.646,0.015,cdu/csu,WP19,5.118,0.000,0.000,Mittlerer Verlust,3.427,3.273,3.581
19.818,0.015,cdu/csu,WP19,5.289,0.000,0.000,Mittlerer Verlust,3.438,3.282,3.594
19.990,0.015,cdu/csu,WP19,5.461,0.000,0.000,Mittlerer Verlust,3.449,3.292,3.607
20.162,0.015,cdu/csu,WP19,5.633,0.000,0.000,Mittlerer Verlust,3.461,3.301,3.621
20.333,0.015,cdu/csu,WP19,5.804,0.000,0.000,Mittlerer Verlust,3.472,3.311,3.634
20.505,0.015,cdu/csu,WP19,5.976,0.000,0.000,Mittlerer Verlust,3.484,3.320,3.647
20.677,0.015,cdu/csu,WP19,6.148,0.000,0.000,Mittlerer Verlust,3.495,3.329,3.661
20.848,0.015,cdu/csu,WP19,6.320,0.000,0.000,Mittlerer Verlust,3.506,3.339,3.674
21.020,0.015,cdu/csu,WP19,6.491,0.000,0.000,Mittlerer Verlust,3.518,3.348,3.688
21.192,0.015,cdu/csu,WP19,6.663,0.000,0.000,Mittlerer Verlust,3.529,3.357,3.701
21.364,0.015,cdu/csu,WP19,6.835,0.000,0.000,Mittlerer Verlust,3.540,3.367,3.714
21.535,0.015,cdu/csu,WP19,7.006,0.000,0.000,Mittlerer Verlust,3.552,3.376,3.728
21.707,0.015,cdu/csu,WP19,7.178,0.000,0.000,Mittlerer Verlust,3.563,3.385,3.741
21.879,0.015,cdu/csu,WP19,7.350,0.000,0.000,Mittlerer Verlust,3.575,3.394,3.755
22.051,0.015,cdu/csu,WP19,7.522,0.000,0.000,Mittlerer Verlust,3.586,3.404,3.768
22.222,0.015,cdu/csu,WP19,7.693,0.000,0.000,Mittlerer Verlust,3.597,3.413,3.782
22.394,0.015,cdu/csu,WP19,7.865,0.000,0.000,Mittlerer Verlust,3.609,3.422,3.796
22.566,0.015,cdu/csu,WP19,8.037,0.000,0.000,Mittlerer Verlust,3.620,3.431,3.809
22.737,0.015,cdu/csu,WP19,8.208,0.000,0.000,Mittlerer Verlust,3.632,3.440,3.823
22.909,0.015,cdu/csu,WP19,8.380,0.000,0.000,Mittlerer Verlust,3.643,3.449,3.836
23.081,0.015,cdu/csu,WP19,8.552,0.000,0.000,Mittlerer Verlust,3.654,3.459,3.850
23.253,0.015,cdu/csu,WP19,8.724,0.000,0.000,Mittlerer Verlust,3.666,3.468,3.864
23.424,0.015,cdu/csu,WP19,8.895,0.000,0.000,Mittlerer Verlust,3.677,3.477,3.877
23.596,0.015,cdu/csu,WP19,9.067,0.000,0.000,Mittlerer Verlust,3.688,3.486,3.891
23.768,0.015,cdu/csu,WP19,9.239,0.000,0.000,Mittlerer Verlust,3.700,3.495,3.904
23.939,0.015,cdu/csu,WP19,9.410,0.000,0.000,Mittlerer Verlust,3.711,3.504,3.918
24.111,0.015,cdu/csu,WP19,9.582,0.000,0.000,Mittlerer Verlust,3.723,3.513,3.932
24.283,0.015,cdu/csu,WP19,9.754,0.000,0.000,Mittlerer Verlust,3.734,3.522,3.945
24.455,0.015,cdu/csu,WP19,9.926,0.000,0.000,Mittlerer Verlust,3.745,3.531,3.959
24.626,0.015,cdu/csu,WP19,10.097,0.000,0.000,Mittlerer Verlust,3.757,3.541,3.973
24.798,0.015,cdu/csu,WP19,10.269,0.000,0.000,Mittlerer Verlust,3.768,3.550,3.986
24.970,0.015,cdu/csu,WP19,10.441,0.000,0.000,Mittlerer Verlust,3.779,3.559,4.000
25.141,0.015,cdu/csu,WP19,10.612,0.000,0.000,Mittlerer Verlust,3.791,3.568,4.014
25.313,0.015,cdu/csu,WP19,10.784,0.000,0.000,Mittlerer Verlust,3.802,3.577,4.028
25.485,0.015,cdu/csu,WP19,10.956,0.000,0.000,Mittlerer Verlust,3.814,3.586,4.041
25.657,0.015,cdu/csu,WP19,11.128,0.000,0.000,Mittlerer Verlust,3.825,3.595,4.055
25.828,0.015,cdu/csu,WP19,11.299,0.000,0.000,Mittlerer Verlust,3.836,3.604,4.069
26.000,0.015,cdu/csu,WP19,11.471,0.000,0.000,Mittlerer Verlust,3.848,3.613,4.083
9.000,1.187,cdu/csu,WP19,-5.529,1.171,-6.477,Hoher Verlust,2.720,2.574,2.866
9.172,1.187,cdu/csu,WP19,-5.357,1.171,-6.275,Hoher Verlust,2.730,2.586,2.874
9.343,1.187,cdu/csu,WP19,-5.185,1.171,-6.074,Hoher Verlust,2.740,2.598,2.882
9.515,1.187,cdu/csu,WP19,-5.014,1.171,-5.873,Hoher Verlust,2.750,2.610,2.890
9.687,1.187,cdu/csu,WP19,-4.842,1.171,-5.672,Hoher Verlust,2.760,2.622,2.898
9.859,1.187,cdu/csu,WP19,-4.670,1.171,-5.471,Hoher Verlust,2.770,2.634,2.906
10.030,1.187,cdu/csu,WP19,-4.499,1.171,-5.270,Hoher Verlust,2.780,2.645,2.915
10.202,1.187,cdu/csu,WP19,-4.327,1.171,-5.069,Hoher Verlust,2.790,2.657,2.923
10.374,1.187,cdu/csu,WP19,-4.155,1.171,-4.867,Hoher Verlust,2.800,2.669,2.931
10.545,1.187,cdu/csu,WP19,-3.983,1.171,-4.666,Hoher Verlust,2.810,2.680,2.940
10.717,1.187,cdu/csu,WP19,-3.812,1.171,-4.465,Hoher Verlust,2.820,2.692,2.949
10.889,1.187,cdu/csu,WP19,-3.640,1.171,-4.264,Hoher Verlust,2.830,2.703,2.957
11.061,1.187,cdu/csu,WP19,-3.468,1.171,-4.063,Hoher Verlust,2.840,2.714,2.966
11.232,1.187,cdu/csu,WP19,-3.297,1.171,-3.862,Hoher Verlust,2.850,2.725,2.975
11.404,1.187,cdu/csu,WP19,-3.125,1.171,-3.660,Hoher Verlust,2.860,2.736,2.984
11.576,1.187,cdu/csu,WP19,-2.953,1.171,-3.459,Hoher Verlust,2.870,2.747,2.993
11.747,1.187,cdu/csu,WP19,-2.781,1.171,-3.258,Hoher Verlust,2.880,2.758,3.002
11.919,1.187,cdu/csu,WP19,-2.610,1.171,-3.057,Hoher Verlust,2.890,2.769,3.011
12.091,1.187,cdu/csu,WP19,-2.438,1.171,-2.856,Hoher Verlust,2.900,2.780,3.020
12.263,1.187,cdu/csu,WP19,-2.266,1.171,-2.655,Hoher Verlust,2.910,2.790,3.030
12.434,1.187,cdu/csu,WP19,-2.095,1.171,-2.454,Hoher Verlust,2.920,2.801,3.039
12.606,1.187,cdu/csu,WP19,-1.923,1.171,-2.252,Hoher Verlust,2.930,2.811,3.049
12.778,1.187,cdu/csu,WP19,-1.751,1.171,-2.051,Hoher Verlust,2.940,2.822,3.058
12.949,1.187,cdu/csu,WP19,-1.579,1.171,-1.850,Hoher Verlust,2.950,2.832,3.068
13.121,1.187,cdu/csu,WP19,-1.408,1.171,-1.649,Hoher Verlust,2.960,2.842,3.078
13.293,1.187,cdu/csu,WP19,-1.236,1.171,-1.448,Hoher Verlust,2.970,2.852,3.088
13.465,1.187,cdu/csu,WP19,-1.064,1.171,-1.247,Hoher Verlust,2.980,2.862,3.098
13.636,1.187,cdu/csu,WP19,-0.893,1.171,-1.046,Hoher Verlust,2.990,2.872,3.109
13.808,1.187,cdu/csu,WP19,-0.721,1.171,-0.844,Hoher Verlust,3.000,2.881,3.119
13.980,1.187,cdu/csu,WP19,-0.549,1.171,-0.643,Hoher Verlust,3.010,2.891,3.129
14.152,1.187,cdu/csu,WP19,-0.377,1.171,-0.442,Hoher Verlust,3.020,2.900,3.140
14.323,1.187,cdu/csu,WP19,-0.206,1.171,-0.241,Hoher Verlust,3.030,2.910,3.150
14.495,1.187,cdu/csu,WP19,-0.034,1.171,-0.040,Hoher Verlust,3.040,2.919,3.161
14.667,1.187,cdu/csu,WP19,0.138,1.171,0.161,Hoher Verlust,3.050,2.928,3.172
14.838,1.187,cdu/csu,WP19,0.309,1.171,0.363,Hoher Verlust,3.060,2.937,3.183
15.010,1.187,cdu/csu,WP19,0.481,1.171,0.564,Hoher Verlust,3.070,2.946,3.194
15.182,1.187,cdu/csu,WP19,0.653,1.171,0.765,Hoher Verlust,3.080,2.955,3.205
15.354,1.187,cdu/csu,WP19,0.825,1.171,0.966,Hoher Verlust,3.090,2.964,3.216
15.525,1.187,cdu/csu,WP19,0.996,1.171,1.167,Hoher Verlust,3.100,2.973,3.227
15.697,1.187,cdu/csu,WP19,1.168,1.171,1.368,Hoher Verlust,3.110,2.981,3.239
15.869,1.187,cdu/csu,WP19,1.340,1.171,1.569,Hoher Verlust,3.120,2.990,3.250
16.040,1.187,cdu/csu,WP19,1.511,1.171,1.771,Hoher Verlust,3.130,2.998,3.262
16.212,1.187,cdu/csu,WP19,1.683,1.171,1.972,Hoher Verlust,3.140,3.007,3.273
16.384,1.187,cdu/csu,WP19,1.855,1.171,2.173,Hoher Verlust,3.150,3.015,3.285
16.556,1.187,cdu/csu,WP19,2.027,1.171,2.374,Hoher Verlust,3.160,3.023,3.297
16.727,1.187,cdu/csu,WP19,2.198,1.171,2.575,Hoher Verlust,3.170,3.032,3.309
16.899,1.187,cdu/csu,WP19,2.370,1.171,2.776,Hoher Verlust,3.180,3.040,3.320
17.071,1.187,cdu/csu,WP19,2.542,1.171,2.977,Hoher Verlust,3.190,3.048,3.332
17.242,1.187,cdu/csu,WP19,2.713,1.171,3.179,Hoher Verlust,3.200,3.056,3.344
17.414,1.187,cdu/csu,WP19,2.885,1.171,3.380,Hoher Verlust,3.210,3.064,3.356
17.586,1.187,cdu/csu,WP19,3.057,1.171,3.581,Hoher Verlust,3.220,3.072,3.368
17.758,1.187,cdu/csu,WP19,3.229,1.171,3.782,Hoher Verlust,3.230,3.080,3.381
17.929,1.187,cdu/csu,WP19,3.400,1.171,3.983,Hoher Verlust,3.240,3.087,3.393
18.101,1.187,cdu/csu,WP19,3.572,1.171,4.184,Hoher Verlust,3.250,3.095,3.405
18.273,1.187,cdu/csu,WP19,3.744,1.171,4.385,Hoher Verlust,3.260,3.103,3.417
18.444,1.187,cdu/csu,WP19,3.916,1.171,4.587,Hoher Verlust,3.270,3.111,3.430
18.616,1.187,cdu/csu,WP19,4.087,1.171,4.788,Hoher Verlust,3.280,3.118,3.442
18.788,1.187,cdu/csu,WP19,4.259,1.171,4.989,Hoher Verlust,3.290,3.126,3.455
18.960,1.187,cdu/csu,WP19,4.431,1.171,5.190,Hoher Verlust,3.300,3.133,3.467
19.131,1.187,cdu/csu,WP19,4.602,1.171,5.391,Hoher Verlust,3.310,3.141,3.480
19.303,1.187,cdu/csu,WP19,4.774,1.171,5.592,Hoher Verlust,3.320,3.148,3.492
19.475,1.187,cdu/csu,WP19,4.946,1.171,5.794,Hoher Verlust,3.330,3.156,3.505
19.646,1.187,cdu/csu,WP19,5.118,1.171,5.995,Hoher Verlust,3.340,3.163,3.517
19.818,1.187,cdu/csu,WP19,5.289,1.171,6.196,Hoher Verlust,3.350,3.170,3.530
19.990,1.187,cdu/csu,WP19,5.461,1.171,6.397,Hoher Verlust,3.360,3.178,3.543
20.162,1.187,cdu/csu,WP19,5.633,1.171,6.598,Hoher Verlust,3.370,3.185,3.555
20.333,1.187,cdu/csu,WP19,5.804,1.171,6.799,Hoher Verlust,3.380,3.192,3.568
20.505,1.187,cdu/csu,WP19,5.976,1.171,7.000,Hoher Verlust,3.390,3.200,3.581
20.677,1.187,cdu/csu,WP19,6.148,1.171,7.202,Hoher Verlust,3.400,3.207,3.593
20.848,1.187,cdu/csu,WP19,6.320,1.171,7.403,Hoher Verlust,3.410,3.214,3.606
21.020,1.187,cdu/csu,WP19,6.491,1.171,7.604,Hoher Verlust,3.420,3.221,3.619
21.192,1.187,cdu/csu,WP19,6.663,1.171,7.805,Hoher Verlust,3.430,3.228,3.632
21.364,1.187,cdu/csu,WP19,6.835,1.171,8.006,Hoher Verlust,3.440,3.236,3.645
21.535,1.187,cdu/csu,WP19,7.006,1.171,8.207,Hoher Verlust,3.450,3.243,3.658
21.707,1.187,cdu/csu,WP19,7.178,1.171,8.408,Hoher Verlust,3.460,3.250,3.671
21.879,1.187,cdu/csu,WP19,7.350,1.171,8.610,Hoher Verlust,3.470,3.257,3.683
22.051,1.187,cdu/csu,WP19,7.522,1.171,8.811,Hoher Verlust,3.480,3.264,3.696
22.222,1.187,cdu/csu,WP19,7.693,1.171,9.012,Hoher Verlust,3.490,3.271,3.709
22.394,1.187,cdu/csu,WP19,7.865,1.171,9.213,Hoher Verlust,3.500,3.278,3.722
22.566,1.187,cdu/csu,WP19,8.037,1.171,9.414,Hoher Verlust,3.510,3.285,3.735
22.737,1.187,cdu/csu,WP19,8.208,1.171,9.615,Hoher Verlust,3.520,3.292,3.748
22.909,1.187,cdu/csu,WP19,8.380,1.171,9.817,Hoher Verlust,3.530,3.299,3.761
23.081,1.187,cdu/csu,WP19,8.552,1.171,10.018,Hoher Verlust,3.540,3.306,3.774
23.253,1.187,cdu/csu,WP19,8.724,1.171,10.219,Hoher Verlust,3.550,3.313,3.787
23.424,1.187,cdu/csu,WP19,8.895,1.171,10.420,Hoher Verlust,3.560,3.320,3.800
23.596,1.187,cdu/csu,WP19,9.067,1.171,10.621,Hoher Verlust,3.570,3.327,3.814
23.768,1.187,cdu/csu,WP19,9.239,1.171,10.822,Hoher Verlust,3.580,3.334,3.827
23.939,1.187,cdu/csu,WP19,9.410,1.171,11.023,Hoher Verlust,3.590,3.341,3.840
24.111,1.187,cdu/csu,WP19,9.582,1.171,11.225,Hoher Verlust,3.600,3.348,3.853
24.283,1.187,cdu/csu,WP19,9.754,1.171,11.426,Hoher Verlust,3.610,3.355,3.866
24.455,1.187,cdu/csu,WP19,9.926,1.171,11.627,Hoher Verlust,3.620,3.362,3.879
24.626,1.187,cdu/csu,WP19,10.097,1.171,11.828,Hoher Verlust,3.630,3.368,3.892
24.798,1.187,cdu/csu,WP19,10.269,1.171,12.029,Hoher Verlust,3.640,3.375,3.905
24.970,1.187,cdu/csu,WP19,10.441,1.171,12.230,Hoher Verlust,3.650,3.382,3.918
25.141,1.187,cdu/csu,WP19,10.612,1.171,12.431,Hoher Verlust,3.660,3.389,3.932
25.313,1.187,cdu/csu,WP19,10.784,1.171,12.633,Hoher Verlust,3.670,3.396,3.945
25.485,1.187,cdu/csu,WP19,10.956,1.171,12.834,Hoher Verlust,3.680,3.403,3.958
25.657,1.187,cdu/csu,WP19,11.128,1.171,13.035,Hoher Verlust,3.690,3.409,3.971
25.828,1.187,cdu/csu,WP19,11.299,1.171,13.236,Hoher Verlust,3.700,3.416,3.984
26.000,1.187,cdu/csu,WP19,11.471,1.171,13.437,Hoher Verlust,3.710,3.423,3.998
