poll_interval_id,poll_date,next_poll_date,afd_support_t,mean_populism_score,mean_populism_sum,mean_gal_tan_score,mean_P1_people,mean_P2_anti_elite,mean_P3_outgroup,mean_G1_environment,mean_G2_migration,mean_G3_society,mean_G4_civil_rights,mean_G5_cosmopolitanism,n_speeches_environment,n_speeches_migration,n_speeches_society,n_speeches_civil_rights,n_speeches_cosmopolitanism,n_speeches,n_speeches_with_gal_tan,mean_word_count,share_environment_of_mainstream_speeches,share_migration_of_mainstream_speeches,share_society_of_mainstream_speeches,share_civil_rights_of_mainstream_speeches,share_cosmopolitanism_of_mainstream_speeches,unit,wahlperiode,poll_year,poll_month,interval_length_days,wahlperiode_cat
0,2017-10-12,2017-10-20,11,,,,,,,,,,,,0,0,0,0,0,0,0,,,,,,,mainstream_all,,2017,10,8,
1,2017-10-20,2017-11-09,12,0.2222222222222222,0.6666666666666666,1.0,0.3333333333333333,0.3333333333333333,0.0,,,,2.0,0.0,0,0,0,1,1,6,1,688.0,0.0,0.0,0.0,0.16666666666666666,0.16666666666666666,mainstream_all,19,2017,10,20,WP19
2,2017-11-09,2017-11-17,13,,,,,,,,,,,,0,0,0,0,0,0,0,,,,,,,mainstream_all,,2017,11,8,
3,2017-11-17,2017-11-20,12,,,,,,,,,,,,0,0,0,0,0,0,0,,,,,,,mainstream_all,,2017,11,3,
4,2017-11-20,2017-12-07,11,0.1954022988505747,0.5862068965517241,1.796816479400749,0.15517241379310345,0.3879310344827586,0.04310344827586207,2.1176470588235294,2.7142857142857144,,1.5,1.5180722891566265,17,35,0,10,83,116,89,652.0862068965517,0.14655172413793102,0.3017241379310345,0.0,0.08620689655172414,0.7155172413793104,mainstream_all,19,2017,11,17,WP19
5,2017-12-07,2017-12-15,13,0.20581655480984337,0.6174496644295302,2.189327485380117,0.11409395973154363,0.42953020134228187,0.0738255033557047,2.1176470588235294,3.3214285714285716,1.3333333333333333,2.5714285714285716,1.6629213483146068,17,28,6,42,89,149,114,604.6912751677852,0.11409395973154363,0.18791946308724833,0.040268456375838924,0.28187919463087246,0.5973154362416108,mainstream_all,19,2017,12,8,WP19
6,2017-12-15,2018-01-04,13,,,,,,,,,,,,0,0,0,0,0,0,0,,,,,,,mainstream_all,,2017,12,20,
7,2018-01-04,2018-01-26,13,0.27034120734908135,0.8110236220472441,2.1875,0.2283464566929134,0.4094488188976378,0.1732283464566929,2.28,3.3333333333333335,1.3333333333333333,2.1578947368421053,1.7777777777777777,25,48,15,38,72,127,96,691.2834645669292,0.1968503937007874,0.3779527559055118,0.11811023622047244,0.2992125984251969,0.5669291338582677,mainstream_all,19,2018,1,22,WP19
8,2018-01-26,2018-02-01,12,0.2121212121212121,0.6363636363636364,2.5454545454545454,0.09090909090909091,0.45454545454545453,0.09090909090909091,,,,2.0,2.4545454545454546,0,0,0,1,11,11,11,682.0909090909091,0.0,0.0,0.0,0.09090909090909091,1.0,mainstream_all,19,2018,1,6,WP19
9,2018-02-01,2018-02-15,14,0.2603406326034063,0.781021897810219,2.3095238095238093,0.24087591240875914,0.3795620437956204,0.16058394160583941,2.789473684210526,2.7954545454545454,2.473684210526316,2.4166666666666665,1.9452054794520548,19,44,19,36,73,137,119,686.8321167883212,0.1386861313868613,0.32116788321167883,0.1386861313868613,0.26277372262773724,0.5328467153284672,mainstream_all,19,2018,2,14,WP19
10,2018-02-15,2018-02-23,15,0.3483483483483483,1.045045045045045,2.163573883161512,0.23423423423423423,0.5585585585585585,0.25225225225225223,1.90625,3.6333333333333333,3.0606060606060606,2.2127659574468086,1.8363636363636364,32,30,33,47,55,111,97,712.3873873873874,0.2882882882882883,0.2702702702702703,0.2972972972972973,0.42342342342342343,0.4954954954954955,mainstream_all,19,2018,2,8,WP19
11,2018-02-23,2018-03-01,14,0.2349726775956284,0.7049180327868853,1.9404761904761905,0.11475409836065574,0.4098360655737705,0.18032786885245902,2.0,2.7777777777777777,1.5,1.0909090909090908,1.85,1,9,10,11,40,61,49,669.360655737705,0.01639344262295082,0.14754098360655737,0.16393442622950818,0.18032786885245902,0.6557377049180327,mainstream_all,19,2018,2,6,WP19
12,2018-03-01,2018-03-23,15,0.22698412698412698,0.680952380952381,1.9888297872340426,0.2,0.4,0.08095238095238096,2.452830188679245,3.528735632183908,1.4313725490196079,2.0086206896551726,1.7326732673267327,53,87,51,116,202,420,282,670.7523809523809,0.1261904761904762,0.20714285714285716,0.12142857142857143,0.2761904761904762,0.48095238095238096,mainstream_all,19,2018,3,22,WP19
13,2018-03-23,2018-04-05,13,0.24489795918367346,0.7346938775510204,2.8587962962962963,0.2653061224489796,0.3673469387755102,0.10204081632653061,2.3333333333333335,4.363636363636363,2.4285714285714284,3.263157894736842,2.9166666666666665,15,11,7,19,12,49,36,756.0,0.30612244897959184,0.22448979591836735,0.14285714285714285,0.3877551020408163,0.24489795918367346,mainstream_all,19,2018,3,13,WP19
14,2018-04-05,2018-04-20,14,0.24691358024691354,0.7407407407407407,2.0869281045751635,0.17037037037037037,0.45925925925925926,0.1111111111111111,3.0869565217391304,2.8666666666666667,0.6363636363636364,1.6666666666666667,1.457142857142857,23,30,11,48,70,135,102,663.0962962962963,0.17037037037037037,0.2222222222222222,0.08148148148148149,0.35555555555555557,0.5185185185185185,mainstream_all,19,2018,4,15,WP19
15,2018-04-20,2018-05-09,15,0.21979621542940317,0.6593886462882096,1.6091397849462366,0.1572052401746725,0.37117903930131,0.13100436681222707,1.4285714285714286,3.046511627906977,0.6296296296296297,1.4852941176470589,1.2522522522522523,28,43,27,68,111,229,155,672.7554585152839,0.1222707423580786,0.18777292576419213,0.11790393013100436,0.29694323144104806,0.4847161572052402,mainstream_all,19,2018,4,19,WP19
16,2018-05-09,2018-05-18,15,0.23895582329317266,0.7168674698795181,1.9311868686868685,0.18072289156626506,0.4819277108433735,0.05421686746987952,1.6666666666666667,3.142857142857143,0.8333333333333334,2.369565217391304,1.6329113924050633,57,28,24,46,79,166,132,830.777108433735,0.3433734939759036,0.1686746987951807,0.14457831325301204,0.27710843373493976,0.4759036144578313,mainstream_all,19,2018,5,9,WP19
17,2018-05-18,2018-06-14,14,0.2222222222222222,0.6666666666666666,1.7649325626204238,0.20155038759689922,0.43410852713178294,0.031007751937984496,1.8444444444444446,2.6739130434782608,0.2,1.8305084745762712,1.368421052631579,45,46,10,59,114,258,173,713.5813953488372,0.1744186046511628,0.17829457364341086,0.03875968992248062,0.22868217054263565,0.4418604651162791,mainstream_all,19,2018,5,27,WP19
18,2018-06-14,2018-06-28,15,0.2663230240549828,0.7989690721649485,2.1521252796420582,0.23195876288659795,0.4639175257731959,0.10309278350515463,1.8235294117647058,3.5483870967741935,0.8666666666666667,1.9863013698630136,1.841121495327103,17,62,15,73,107,194,149,660.6237113402062,0.08762886597938144,0.31958762886597936,0.07731958762886598,0.37628865979381443,0.5515463917525774,mainstream_all,19,2018,6,14,WP19
19,2018-06-28,2018-07-05,14,0.19273743016759776,0.5782122905027933,1.8219787516600265,0.15921787709497207,0.3770949720670391,0.04189944134078212,1.9494949494949494,2.8688524590163933,1.1071428571428572,1.6024096385542168,1.314102564102564,99,61,28,83,156,358,251,730.8854748603352,0.276536312849162,0.17039106145251395,0.0782122905027933,0.23184357541899442,0.43575418994413406,mainstream_all,19,2018,6,7,WP19
20,2018-07-05,2018-07-27,16,0.2742616033755274,0.8227848101265823,2.3641509433962264,0.26582278481012656,0.45569620253164556,0.10126582278481013,2.1666666666666665,4.136363636363637,0.7,2.72,1.7333333333333334,18,22,10,25,30,79,53,771.7974683544304,0.22784810126582278,0.27848101265822783,0.12658227848101267,0.31645569620253167,0.379746835443038,mainstream_all,19,2018,7,22,WP19
21,2018-07-27,2018-08-02,16,,,,,,,,,,,,0,0,0,0,0,0,0,,,,,,,mainstream_all,,2018,7,6,
22,2018-08-02,2018-08-24,17,,,,,,,,,,,,0,0,0,0,0,0,0,,,,,,,mainstream_all,,2018,8,22,
23,2018-08-24,2018-09-06,17,,,,,,,,,,,,0,0,0,0,0,0,0,,,,,,,mainstream_all,,2018,8,13,
24,2018-09-06,2018-09-21,16,0.2945736434108527,0.8837209302325582,2.0701431492842537,0.27906976744186046,0.4930232558139535,0.11162790697674418,1.9692307692307693,3.8780487804878048,1.5625,2.1578947368421053,1.8952380952380952,65,41,16,57,105,215,163,803.893023255814,0.3023255813953488,0.19069767441860466,0.07441860465116279,0.2651162790697674,0.4883720930232558,mainstream_all,19,2018,9,15,WP19
25,2018-09-21,2018-10-11,18,0.24793388429752067,0.743801652892562,2.272970085470085,0.19834710743801653,0.4669421487603306,0.07851239669421488,2.5901639344262297,3.323529411764706,1.7692307692307692,2.0166666666666666,1.9382716049382716,61,34,13,60,81,242,156,665.8842975206611,0.25206611570247933,0.14049586776859505,0.05371900826446281,0.24793388429752067,0.3347107438016529,mainstream_all,19,2018,9,20,WP19
26,2018-10-11,2018-10-19,16,0.23047619047619045,0.6914285714285714,1.8399543378995433,0.2057142857142857,0.40285714285714286,0.08285714285714285,2.056603773584906,3.246153846153846,1.0,1.3627450980392157,1.6328125,53,65,45,102,128,350,219,660.4914285714286,0.15142857142857144,0.18571428571428572,0.12857142857142856,0.2914285714285714,0.3657142857142857,mainstream_all,19,2018,10,8,WP19
27,2018-10-19,2018-11-15,16,0.240625,0.721875,2.0787037037037037,0.190625,0.459375,0.071875,1.8571428571428572,3.7758620689655173,0.84,2.0675675675675675,1.6423357664233578,42,58,25,74,137,320,198,648.959375,0.13125,0.18125,0.078125,0.23125,0.428125,mainstream_all,19,2018,10,27,WP19
28,2018-11-15,2018-11-30,14,0.2063125481139338,0.6189376443418014,1.7764467592592592,0.16397228637413394,0.42032332563510394,0.03464203233256351,1.7980769230769231,2.890625,0.803921568627451,1.6222222222222222,1.4966887417218544,104,64,51,135,151,433,288,701.6974595842956,0.24018475750577367,0.14780600461893764,0.11778290993071594,0.3117782909930716,0.34872979214780603,mainstream_all,19,2018,11,15,WP19
29,2018-11-30,2018-12-06,15,0.2333333333333333,0.7,1.8333333333333333,0.1625,0.4875,0.05,2.3181818181818183,1.6666666666666667,0.0,1.0,1.2647058823529411,22,21,5,16,34,80,55,652.275,0.275,0.2625,0.0625,0.2,0.425,mainstream_all,19,2018,11,6,WP19
30,2018-12-06,2018-12-14,14,0.18933333333333333,0.568,1.5,0.152,0.392,0.024,1.75,1.0,1.5,1.3255813953488371,1.375,4,5,38,43,40,125,78,679.432,0.032,0.04,0.304,0.344,0.32,mainstream_all,19,2018,12,8,WP19
31,2018-12-14,2019-01-10,13,0.16981132075471697,0.5094339622641509,1.5933333333333335,0.1509433962264151,0.32075471698113206,0.03773584905660377,2.7142857142857144,1.5,0.0,1.8333333333333333,1.1764705882352942,7,4,2,12,17,53,25,757.5283018867924,0.1320754716981132,0.07547169811320754,0.03773584905660377,0.22641509433962265,0.32075471698113206,mainstream_all,19,2018,12,27,WP19
32,2019-01-10,2019-01-25,14,0.2240143369175627,0.6720430107526881,2.0864427860696515,0.1827956989247312,0.3817204301075269,0.10752688172043011,1.6415094339622642,4.085714285714285,0.8571428571428571,2.709090909090909,1.5121951219512195,53,35,7,55,82,186,134,685.9193548387096,0.2849462365591398,0.1881720430107527,0.03763440860215054,0.2956989247311828,0.44086021505376344,mainstream_all,19,2019,1,15,WP19
33,2019-01-25,2019-02-14,15,0.20588235294117646,0.6176470588235294,2.125514403292181,0.14215686274509803,0.4411764705882353,0.03431372549019608,2.7777777777777777,4.368421052631579,0.2857142857142857,2.203125,1.6311475409836065,63,19,7,64,122,204,162,675.3039215686274,0.3088235294117647,0.09313725490196079,0.03431372549019608,0.3137254901960784,0.5980392156862745,mainstream_all,19,2019,1,20,WP19
34,2019-02-14,2019-02-22,13,0.23634651600753293,0.7090395480225988,1.873015873015873,0.22033898305084745,0.4322033898305085,0.05649717514124294,2.5,3.0869565217391304,1.9069767441860466,1.694736842105263,1.3877551020408163,54,46,43,95,147,354,231,634.7316384180791,0.15254237288135594,0.12994350282485875,0.12146892655367232,0.268361581920904,0.4152542372881356,mainstream_all,19,2019,2,8,WP19
35,2019-02-22,2019-03-15,12,0.22338568935427572,0.6701570680628273,2.080623306233062,0.16753926701570682,0.45549738219895286,0.04712041884816754,2.6136363636363638,3.4705882352941178,0.625,2.0392156862745097,1.726027397260274,44,17,16,51,73,191,123,624.5287958115183,0.23036649214659685,0.08900523560209424,0.08376963350785341,0.2670157068062827,0.38219895287958117,mainstream_all,19,2019,2,21,WP19
36,2019-03-15,2019-03-22,13,0.196078431372549,0.5882352941176471,1.280473372781065,0.17647058823529413,0.39819004524886875,0.013574660633484163,1.2745098039215685,3.7777777777777777,0.7777777777777778,1.06,1.1858407079646018,51,18,27,50,113,221,169,662.4434389140272,0.23076923076923078,0.08144796380090498,0.12217194570135746,0.22624434389140272,0.5113122171945701,mainstream_all,19,2019,3,7,WP19
37,2019-03-22,2019-04-04,12,0.1616161616161616,0.48484848484848486,1.9429012345679013,0.06060606060606061,0.30303030303030304,0.12121212121212122,1.1666666666666667,4.3,1.5217391304347827,2.41025641025641,2.625,6,10,23,39,16,66,54,681.1818181818181,0.09090909090909091,0.15151515151515152,0.3484848484848485,0.5909090909090909,0.24242424242424243,mainstream_all,19,2019,3,13,WP19
38,2019-04-04,2019-04-18,12,0.21898355754857995,0.6569506726457399,1.885793172690763,0.17040358744394618,0.42376681614349776,0.06278026905829596,2.1052631578947367,3.347826086956522,0.9,1.6405228758169934,1.865979381443299,76,46,50,153,194,446,332,622.0807174887892,0.17040358744394618,0.1031390134529148,0.11210762331838565,0.3430493273542601,0.4349775784753363,mainstream_all,19,2019,4,14,WP19
39,2019-04-18,2019-05-02,13,,,,,,,,,,,,0,0,0,0,0,0,0,,,,,,,mainstream_all,,2019,4,14,
40,2019-05-02,2019-05-17,12,0.22141706924315618,0.6642512077294686,1.8548387096774193,0.1956521739130435,0.4106280193236715,0.057971014492753624,1.5526315789473684,3.3176470588235296,1.8,2.0353982300884956,1.8026905829596414,76,85,25,113,223,414,310,642.9468599033817,0.18357487922705315,0.20531400966183574,0.06038647342995169,0.27294685990338163,0.538647342995169,mainstream_all,19,2019,5,15,WP19
41,2019-05-17,2019-06-06,13,0.18604651162790697,0.5581395348837209,1.8132530120481927,0.08139534883720931,0.4186046511627907,0.05813953488372093,2.3225806451612905,3.7142857142857144,0.3333333333333333,1.7419354838709677,1.4833333333333334,31,7,12,31,60,86,83,691.8372093023256,0.36046511627906974,0.08139534883720931,0.13953488372093023,0.36046511627906974,0.6976744186046512,mainstream_all,19,2019,5,20,WP19
42,2019-06-06,2019-06-28,13,0.23555555555555555,0.7066666666666667,1.9009229098805647,0.18,0.3844444444444444,0.14222222222222222,2.0,3.217391304347826,1.1964285714285714,2.0056818181818183,1.8647058823529412,67,92,56,176,170,450,307,630.6133333333333,0.14888888888888888,0.20444444444444446,0.12444444444444444,0.39111111111111113,0.37777777777777777,mainstream_all,19,2019,6,22,WP19
43,2019-06-28,2019-07-04,12,0.15555555555555556,0.4666666666666667,1.5542635658914727,0.14666666666666667,0.28,0.04,1.7894736842105263,2.5714285714285716,0.0,0.6,1.85,19,7,4,10,20,75,43,667.7333333333333,0.25333333333333335,0.09333333333333334,0.05333333333333334,0.13333333333333333,0.26666666666666666,mainstream_all,19,2019,6,6,WP19
44,2019-07-04,2019-07-26,13,0.1111111111111111,0.3333333333333333,2.25,0.0,0.3333333333333333,0.0,0.0,,,2.0,2.3333333333333335,1,0,0,2,6,9,6,789.6666666666666,0.1111111111111111,0.0,0.0,0.2222222222222222,0.6666666666666666,mainstream_all,19,2019,7,22,WP19
45,2019-07-26,2019-08-01,12,,,,,,,,,,,,0,0,0,0,0,0,0,,,,,,,mainstream_all,,2019,7,6,
46,2019-08-01,2019-08-23,14,,,,,,,,,,,,0,0,0,0,0,0,0,,,,,,,mainstream_all,,2019,8,22,
47,2019-08-23,2019-09-05,14,,,,,,,,,,,,0,0,0,0,0,0,0,,,,,,,mainstream_all,,2019,8,13,
48,2019-09-05,2019-09-20,15,0.2585669781931464,0.7757009345794392,1.867283950617284,0.22429906542056074,0.5186915887850467,0.03271028037383177,2.048076923076923,3.0555555555555554,0.8695652173913043,1.6511627906976745,1.4578313253012047,104,18,23,43,83,214,162,790.0373831775701,0.48598130841121495,0.08411214953271028,0.10747663551401869,0.20093457943925233,0.3878504672897196,mainstream_all,19,2019,9,15,WP19
49,2019-09-20,2019-10-11,14,0.2247765006385696,0.6743295019157088,1.5908045977011493,0.19923371647509577,0.4061302681992337,0.06896551724137931,1.6451612903225807,3.28,0.6666666666666666,1.15,1.4142857142857144,62,25,18,40,70,261,145,592.8390804597701,0.23754789272030652,0.09578544061302682,0.06896551724137931,0.1532567049808429,0.2681992337164751,mainstream_all,19,2019,9,21,WP19
50,2019-10-11,2019-10-18,14,0.2,0.6,1.7272727272727273,0.12432432432432433,0.3783783783783784,0.0972972972972973,1.8181818181818181,2.7058823529411766,0.46153846153846156,1.847457627118644,1.293103448275862,44,17,13,59,58,185,121,597.0054054054054,0.23783783783783785,0.0918918918918919,0.07027027027027027,0.31891891891891894,0.31351351351351353,mainstream_all,19,2019,10,7,WP19
51,2019-10-18,2019-11-07,14,0.2314225053078556,0.6942675159235668,1.8435672514619883,0.20063694267515925,0.4140127388535032,0.07961783439490445,1.9682539682539681,2.88,0.5,1.75,1.6282051282051282,63,25,12,68,78,314,171,628.8694267515923,0.20063694267515925,0.07961783439490445,0.03821656050955414,0.21656050955414013,0.2484076433121019,mainstream_all,19,2019,10,20,WP19
52,2019-11-07,2019-11-15,14,0.19594067135050738,0.5878220140515222,2.0602477477477477,0.14988290398126464,0.3700234192037471,0.06791569086651054,2.336734693877551,3.3255813953488373,0.4666666666666667,2.0272108843537415,1.628930817610063,98,43,45,147,159,427,296,618.311475409836,0.22950819672131148,0.10070257611241218,0.1053864168618267,0.3442622950819672,0.37236533957845436,mainstream_all,19,2019,11,8,WP19
53,2019-11-15,2019-12-05,14,0.22070534698521044,0.6621160409556314,1.9965753424657535,0.17064846416382254,0.4539249146757679,0.03754266211604096,2.1353383458646618,2.586206896551724,1.2,2.1515151515151514,1.6333333333333333,133,29,20,66,120,293,219,750.1740614334472,0.4539249146757679,0.09897610921501707,0.06825938566552901,0.22525597269624573,0.40955631399317405,mainstream_all,19,2019,11,20,WP19
54,2019-12-05,2019-12-13,15,0.22666666666666666,0.68,1.4029166666666666,0.2,0.4066666666666667,0.07333333333333333,2.0588235294117645,0.75,0.9615384615384616,0.9795918367346939,0.8695652173913043,17,16,26,49,46,150,80,590.22,0.11333333333333333,0.10666666666666667,0.17333333333333334,0.32666666666666666,0.30666666666666664,mainstream_all,19,2019,12,8,WP19
55,2019-12-13,2020-01-09,15,0.22580645161290322,0.6774193548387096,2.290453074433657,0.16451612903225807,0.4161290322580645,0.0967741935483871,2.371794871794872,1.96875,0.6666666666666666,2.6363636363636362,1.537037037037037,78,32,21,99,108,310,206,608.0774193548388,0.25161290322580643,0.1032258064516129,0.06774193548387097,0.3193548387096774,0.34838709677419355,mainstream_all,19,2019,12,27,WP19
56,2020-01-09,2020-01-24,14,0.13692946058091288,0.4107883817427386,1.987711213517665,0.1078838174273859,0.26141078838174275,0.04149377593360996,2.5454545454545454,3.3157894736842106,0.6923076923076923,1.982905982905983,1.651685393258427,77,19,26,117,89,241,217,607.7634854771784,0.31950207468879666,0.07883817427385892,0.1078838174273859,0.4854771784232365,0.36929460580912865,mainstream_all,19,2020,1,15,WP19
57,2020-01-24,2020-02-06,14,0.211340206185567,0.634020618556701,1.8280361757105943,0.18041237113402062,0.422680412371134,0.030927835051546393,1.9642857142857142,1.7777777777777777,0.5263157894736842,1.706896551724138,1.5454545454545454,56,18,19,58,66,194,129,594.3711340206186,0.28865979381443296,0.09278350515463918,0.0979381443298969,0.29896907216494845,0.3402061855670103,mainstream_all,19,2020,1,13,WP19
58,2020-02-06,2020-02-13,14,0.15833333333333333,0.475,1.0268817204301075,0.15,0.25,0.075,1.0,1.0,0.0,0.3333333333333333,1.0,7,4,1,6,29,40,31,547.6,0.175,0.1,0.025,0.15,0.725,mainstream_all,19,2020,2,7,WP19
59,2020-02-13,2020-03-05,14,0.20420420420420418,0.6126126126126126,1.847777777777778,0.15765765765765766,0.35135135135135137,0.1036036036036036,2.1777777777777776,3.0555555555555554,1.6111111111111112,1.4210526315789473,1.7142857142857142,45,36,18,57,98,222,150,588.6981981981982,0.20270270270270271,0.16216216216216217,0.08108108108108109,0.25675675675675674,0.44144144144144143,mainstream_all,19,2020,2,21,WP19
60,2020-03-05,2020-03-20,12,0.2078853046594982,0.6236559139784946,1.6820866141732282,0.13709677419354838,0.3951612903225806,0.0913978494623656,1.8059701492537314,2.464788732394366,0.5306122448979592,1.7352941176470589,1.3421052631578947,67,71,49,102,152,372,254,590.2177419354839,0.18010752688172044,0.19086021505376344,0.13172043010752688,0.27419354838709675,0.40860215053763443,mainstream_all,19,2020,3,15,WP19
61,2020-03-20,2020-04-02,10,0.12056737588652482,0.3617021276595745,1.5456989247311828,0.19148936170212766,0.1276595744680851,0.0425531914893617,1.0,4.0,0.0,1.6956521739130435,1.2777777777777777,2,2,1,23,18,47,31,645.531914893617,0.0425531914893617,0.0425531914893617,0.02127659574468085,0.48936170212765956,0.3829787234042553,mainstream_all,19,2020,3,13,WP19
62,2020-04-02,2020-04-17,10,,,,,,,,,,,,0,0,0,0,0,0,0,,,,,,,mainstream_all,,2020,4,15,
63,2020-04-17,2020-05-07,9,0.17964071856287425,0.5389221556886228,1.8333333333333335,0.17964071856287425,0.33532934131736525,0.023952095808383235,1.59375,3.4375,0.9,2.0681818181818183,1.7636363636363637,32,16,10,44,55,167,106,596.5269461077844,0.19161676646706588,0.09580838323353294,0.059880239520958084,0.2634730538922156,0.32934131736526945,mainstream_all,19,2020,4,20,WP19
64,2020-05-07,2020-05-15,9,0.17982456140350878,0.5394736842105263,1.7130584192439862,0.15789473684210525,0.34210526315789475,0.039473684210526314,1.5813953488372092,3.0,0.7777777777777778,1.6741573033707866,1.6181818181818182,43,28,18,89,110,304,194,582.6578947368421,0.14144736842105263,0.09210526315789473,0.05921052631578947,0.29276315789473684,0.3618421052631579,mainstream_all,19,2020,5,8,WP19
65,2020-05-15,2020-06-04,10,0.17019133937562939,0.5105740181268882,1.5166666666666666,0.13293051359516617,0.32628398791540786,0.0513595166163142,1.875,2.566666666666667,0.9607843137254902,1.4615384615384615,0.993103448275862,64,30,51,104,145,331,232,611.2930513595167,0.1933534743202417,0.09063444108761329,0.1540785498489426,0.31419939577039274,0.4380664652567976,mainstream_all,19,2020,5,20,WP19
66,2020-06-04,2020-06-26,9,0.19099756690997566,0.572992700729927,1.9552545155993433,0.15328467153284672,0.35766423357664234,0.06204379562043796,1.8518518518518519,2.3636363636363638,0.8571428571428571,2.0786516853932584,1.8571428571428572,54,22,35,89,105,274,203,606.4416058394161,0.19708029197080293,0.08029197080291971,0.12773722627737227,0.3248175182481752,0.38321167883211676,mainstream_all,19,2020,6,22,WP19
67,2020-06-26,2020-07-02,10,0.11515151515151514,0.34545454545454546,1.3103448275862069,0.07272727272727272,0.2727272727272727,0.0,2.0,5.5,,0.5714285714285714,1.1851851851851851,9,2,0,7,27,55,29,634.0727272727273,0.16363636363636364,0.03636363636363636,0.0,0.12727272727272726,0.4909090909090909,mainstream_all,19,2020,6,6,WP19
68,2020-07-02,2020-07-24,10,0.23538011695906433,0.706140350877193,2.1024590163934427,0.18421052631578946,0.4692982456140351,0.05263157894736842,2.22,4.0,1.3846153846153846,2.280701754385965,1.5,50,14,13,57,56,228,122,623.780701754386,0.21929824561403508,0.06140350877192982,0.05701754385964912,0.25,0.24561403508771928,mainstream_all,19,2020,7,22,WP19
69,2020-07-24,2020-08-06,11,,,,,,,,,,,,0,0,0,0,0,0,0,,,,,,,mainstream_all,,2020,7,13,
70,2020-08-06,2020-08-21,11,,,,,,,,,,,,0,0,0,0,0,0,0,,,,,,,mainstream_all,,2020,8,15,
71,2020-08-21,2020-09-03,10,,,,,,,,,,,,0,0,0,0,0,0,0,,,,,,,mainstream_all,,2020,8,13,
72,2020-09-03,2020-09-18,10,0.2102102102102102,0.6306306306306306,1.7621816168327795,0.15990990990990991,0.4189189189189189,0.0518018018018018,1.5320512820512822,3.0833333333333335,1.2666666666666666,1.9821428571428572,1.3384615384615384,156,36,15,112,130,444,301,586.6328828828829,0.35135135135135137,0.08108108108108109,0.033783783783783786,0.25225225225225223,0.2927927927927928,mainstream_all,19,2020,9,15,WP19
73,2020-09-18,2020-10-01,10,0.20655270655270652,0.6196581196581197,1.5650289017341041,0.17094017094017094,0.42735042735042733,0.021367521367521368,2.3692307692307693,1.3333333333333333,0.6428571428571429,1.358974358974359,1.4206349206349207,65,54,14,39,126,234,173,733.1880341880342,0.2777777777777778,0.23076923076923078,0.05982905982905983,0.16666666666666666,0.5384615384615384,mainstream_all,19,2020,9,13,WP19
74,2020-10-01,2020-10-16,10,0.25,0.75,1.7342261904761904,0.25,0.4557291666666667,0.044270833333333336,2.289855072463768,2.5714285714285716,0.5333333333333333,1.7045454545454546,1.2173913043478262,69,42,45,88,115,384,224,644.9661458333334,0.1796875,0.109375,0.1171875,0.22916666666666666,0.2994791666666667,mainstream_all,19,2020,10,15,WP19
75,2020-10-16,2020-11-12,11,0.196078431372549,0.5882352941176471,2.136544342507645,0.12778904665314403,0.35294117647058826,0.1075050709939148,1.6933333333333334,4.785714285714286,1.7608695652173914,2.472361809045226,1.4602272727272727,75,56,46,199,176,493,327,594.0912778904666,0.15212981744421908,0.11359026369168357,0.09330628803245436,0.40365111561866124,0.35699797160243407,mainstream_all,19,2020,10,27,WP19
76,2020-11-12,2020-11-27,10,0.19817578772802652,0.5945273631840796,1.8174751243781093,0.14427860696517414,0.3781094527363184,0.07213930348258707,2.140625,3.16,1.146341463414634,1.8175675675675675,1.3779527559055118,64,25,41,148,127,402,268,597.5149253731344,0.15920398009950248,0.06218905472636816,0.10199004975124377,0.3681592039800995,0.31592039800995025,mainstream_all,19,2020,11,15,WP19
77,2020-11-27,2020-12-03,11,0.12626262626262624,0.3787878787878788,0.7016129032258065,0.12121212121212122,0.25757575757575757,0.0,2.0,0.4,0.5,0.4090909090909091,0.14285714285714285,2,5,22,22,14,66,31,630.2878787878788,0.030303030303030304,0.07575757575757576,0.3333333333333333,0.3333333333333333,0.21212121212121213,mainstream_all,19,2020,11,6,WP19
78,2020-12-03,2020-12-11,10,0.20202020202020202,0.6060606060606061,1.603359173126615,0.16161616161616163,0.41414141414141414,0.030303030303030304,1.8904109589041096,3.25,0.8333333333333334,1.5238095238095237,1.2533333333333334,73,12,24,42,75,198,129,795.3787878787879,0.3686868686868687,0.06060606060606061,0.12121212121212122,0.21212121212121213,0.3787878787878788,mainstream_all,19,2020,12,8,WP19
79,2020-12-11,2021-01-07,9,0.22848200312989045,0.6854460093896714,1.8292880258899675,0.19248826291079812,0.41784037558685444,0.07511737089201878,2.0,2.869565217391304,1.1304347826086956,1.7761194029850746,1.9565217391304348,21,23,23,67,46,213,103,631.7464788732394,0.09859154929577464,0.107981220657277,0.107981220657277,0.3145539906103286,0.215962441314554,mainstream_all,19,2020,12,27,WP19
80,2021-01-07,2021-01-22,10,0.29979035639413,0.89937106918239,1.7862654320987654,0.24528301886792453,0.5283018867924528,0.12578616352201258,1.6666666666666667,3.2777777777777777,0.8461538461538461,2.382978723404255,1.4126984126984128,36,18,13,47,63,159,108,607.6540880503145,0.22641509433962265,0.11320754716981132,0.08176100628930817,0.29559748427672955,0.39622641509433965,mainstream_all,19,2021,1,15,WP19
81,2021-01-22,2021-02-04,10,0.1984732824427481,0.5954198473282443,1.7534516765285995,0.12213740458015267,0.4198473282442748,0.05343511450381679,1.8297872340425532,3.25,1.0588235294117647,1.8453608247422681,1.4714285714285715,47,8,17,97,70,262,169,577.9847328244275,0.17938931297709923,0.030534351145038167,0.0648854961832061,0.3702290076335878,0.26717557251908397,mainstream_all,19,2021,1,13,WP19
82,2021-02-04,2021-02-19,10,0.2212121212121212,0.6636363636363637,1.6477011494252873,0.17272727272727273,0.42272727272727273,0.06818181818181818,1.625,1.9523809523809523,0.5833333333333334,1.9036144578313252,1.2682926829268293,24,21,12,83,82,220,145,648.0272727272727,0.10909090909090909,0.09545454545454546,0.05454545454545454,0.37727272727272726,0.37272727272727274,mainstream_all,19,2021,2,15,WP19
83,2021-02-19,2021-03-04,11,0.2312925170068027,0.6938775510204082,1.6835317460317458,0.20408163265306123,0.43673469387755104,0.053061224489795916,2.242424242424242,2.8461538461538463,1.0625,1.9324324324324325,1.2527472527472527,33,13,32,74,91,245,168,604.261224489796,0.1346938775510204,0.053061224489795916,0.1306122448979592,0.3020408163265306,0.37142857142857144,mainstream_all,19,2021,2,13,WP19
84,2021-03-04,2021-03-19,11,0.25685425685425683,0.7705627705627706,1.9841269841269842,0.19047619047619047,0.5108225108225108,0.06926406926406926,2.0697674418604652,3.5,1.1724137931034482,1.9367088607594938,1.462962962962963,43,14,29,79,54,231,147,594.2164502164502,0.18614718614718614,0.06060606060606061,0.12554112554112554,0.341991341991342,0.23376623376623376,mainstream_all,19,2021,3,15,WP19
85,2021-03-19,2021-04-01,11,0.18679050567595457,0.5603715170278638,1.6020558002936858,0.10835913312693499,0.4055727554179567,0.04643962848297214,1.4545454545454546,3.1739130434782608,0.7555555555555555,1.4736842105263157,1.6535433070866141,55,23,45,95,127,323,227,551.7832817337461,0.17027863777089783,0.07120743034055728,0.1393188854489164,0.29411764705882354,0.3931888544891641,mainstream_all,19,2021,3,13,WP19
86,2021-04-01,2021-04-16,11,0.14035087719298245,0.42105263157894735,1.3944444444444446,0.08187134502923976,0.30409356725146197,0.03508771929824561,1.2291666666666667,2.8,0.4482758620689655,1.8518518518518519,1.18,48,5,29,54,50,171,120,555.6198830409356,0.2807017543859649,0.029239766081871343,0.1695906432748538,0.3157894736842105,0.29239766081871343,mainstream_all,19,2021,4,15,WP19
87,2021-04-16,2021-05-06,11,0.18306010928961747,0.5491803278688525,1.792558613659531,0.13524590163934427,0.36065573770491804,0.05327868852459016,1.4821428571428572,2.5384615384615383,1.3548387096774193,2.0736842105263156,1.2297297297297298,56,26,62,190,148,488,327,558.563524590164,0.11475409836065574,0.05327868852459016,0.12704918032786885,0.38934426229508196,0.30327868852459017,mainstream_all,19,2021,4,20,WP19
88,2021-05-06,2021-05-14,12,0.21487603305785125,0.6446280991735537,1.9692460317460316,0.15702479338842976,0.4256198347107438,0.06198347107438017,2.196078431372549,4.6,0.8,2.277227722772277,1.2361111111111112,51,5,10,101,72,242,168,548.5867768595041,0.21074380165289255,0.02066115702479339,0.04132231404958678,0.41735537190082644,0.2975206611570248,mainstream_all,19,2021,5,8,WP19
89,2021-05-14,2021-06-10,11,0.1889400921658986,0.5668202764976958,1.5418023887079262,0.1359447004608295,0.3640552995391705,0.06682027649769585,1.6588235294117648,3.9,0.9425287356321839,1.2484076433121019,1.5327102803738317,85,30,87,157,107,434,307,571.2695852534562,0.195852534562212,0.06912442396313365,0.20046082949308755,0.3617511520737327,0.2465437788018433,mainstream_all,19,2021,5,27,WP19
90,2021-06-10,2021-06-25,12,0.21551213735938424,0.6465364120781527,2.2324933687002653,0.17584369449378331,0.41207815275310833,0.0586145648312611,2.4121621621621623,3.1166666666666667,0.9661016949152542,2.2830188679245285,1.7852760736196318,148,60,59,159,163,563,377,567.133214920071,0.26287744227353466,0.10657193605683836,0.10479573712255773,0.2824156305506217,0.2895204262877442,mainstream_all,19,2021,6,15,WP19
91,2021-06-25,2021-07-01,12,0.26839826839826836,0.8051948051948052,1.3255813953488371,0.24675324675324675,0.5324675324675324,0.025974025974025976,1.125,1.2,0.42857142857142855,1.6818181818181819,1.0,8,5,7,22,33,77,43,638.3116883116883,0.1038961038961039,0.06493506493506493,0.09090909090909091,0.2857142857142857,0.42857142857142855,mainstream_all,19,2021,6,6,WP19
92,2021-07-01,2021-07-23,11,,,,,,,,,,,,0,0,0,0,0,0,0,,,,,,,mainstream_all,,2021,7,22,
93,2021-07-23,2021-08-05,10,,,,,,,,,,,,0,0,0,0,0,0,0,,,,,,,mainstream_all,,2021,7,13,
94,2021-08-05,2021-08-20,10,,,,,,,,,,,,0,0,0,0,0,0,0,,,,,,,mainstream_all,,2021,8,15,
95,2021-08-20,2021-09-02,11,0.34,1.02,2.125,0.34,0.66,0.02,0.75,1.375,0.0,3.230769230769231,1.3333333333333333,8,8,2,26,21,50,44,712.1,0.16,0.16,0.04,0.52,0.42,mainstream_all,19,2021,8,13,WP19
96,2021-09-02,2021-09-16,12,0.3939393939393939,1.1818181818181819,2.790277777777778,0.38636363636363635,0.7954545454545454,0.0,2.272727272727273,0.0,1.1666666666666667,3.32,3.0,11,1,6,25,13,44,36,743.4772727272727,0.25,0.022727272727272728,0.13636363636363635,0.5681818181818182,0.29545454545454547,mainstream_all,19,2021,9,14,WP19
97,2021-09-16,2021-10-29,11,0.3333333333333333,1.0,1.5,0.0,0.6,0.4,,,2.5,1.3333333333333333,0.0,0,0,2,3,2,5,4,575.8,0.0,0.0,0.4,0.6,0.4,mainstream_all,20,2021,9,43,WP20
98,2021-10-29,2021-11-04,10,,,,,,,,,,,,0,0,0,0,0,0,0,,,,,,,mainstream_all,,2021,10,6,
99,2021-11-04,2021-11-26,10,0.345565749235474,1.036697247706422,2.2434210526315788,0.25688073394495414,0.7247706422018348,0.05504587155963303,1.8148148148148149,3.1875,,2.5,1.7058823529411764,27,16,0,42,34,109,76,599.302752293578,0.24770642201834864,0.14678899082568808,0.0,0.3853211009174312,0.3119266055045872,mainstream_all,20,2021,11,22,WP20
100,2021-11-26,2021-12-02,11,,,,,,,,,,,,0,0,0,0,0,0,0,,,,,,,mainstream_all,,2021,11,6,
101,2021-12-02,2021-12-10,11,0.17708333333333331,0.53125,2.122448979591837,0.109375,0.40625,0.015625,2.8666666666666667,,,2.8666666666666667,1.1111111111111112,15,0,0,15,27,64,49,590.078125,0.234375,0.0,0.0,0.234375,0.421875,mainstream_all,20,2021,12,8,WP20
102,2021-12-10,2022-01-06,11,0.15454545454545454,0.4636363636363636,2.432304526748971,0.13636363636363635,0.3181818181818182,0.00909090909090909,1.7419354838709677,5.2,1.3,2.642857142857143,1.3714285714285714,31,5,10,56,35,110,81,674.2818181818182,0.2818181818181818,0.045454545454545456,0.09090909090909091,0.509090909090909,0.3181818181818182,mainstream_all,20,2021,12,27,WP20
103,2022-01-06,2022-01-21,11,0.17578772802653397,0.527363184079602,1.9556886227544912,0.17412935323383086,0.30845771144278605,0.04477611940298507,1.8604651162790697,3.1739130434782608,1.2325581395348837,1.6557377049180328,1.44,86,23,43,61,75,201,167,648.9900497512438,0.42786069651741293,0.11442786069651742,0.21393034825870647,0.3034825870646766,0.373134328358209,mainstream_all,20,2022,1,15,WP20
104,2022-01-21,2022-02-03,12,0.18787878787878787,0.5636363636363636,2.3189655172413794,0.19393939393939394,0.34545454545454546,0.024242424242424242,2.576923076923077,2.857142857142857,1.8,2.635135135135135,1.289855072463768,52,7,5,74,69,165,145,591.5151515151515,0.3151515151515151,0.04242424242424243,0.030303030303030304,0.4484848484848485,0.41818181818181815,mainstream_all,20,2022,1,13,WP20
105,2022-02-03,2022-02-18,12,0.21323529411764705,0.6397058823529411,1.6957186544342508,0.18382352941176472,0.39705882352941174,0.058823529411764705,1.46875,1.6818181818181819,0.4782608695652174,2.1636363636363636,1.125,32,22,23,55,64,136,109,575.2058823529412,0.23529411764705882,0.16176470588235295,0.16911764705882354,0.40441176470588236,0.47058823529411764,mainstream_all,20,2022,2,15,WP20
106,2022-02-18,2022-03-03,12,0.24344569288389512,0.7303370786516854,1.911111111111111,0.20224719101123595,0.48314606741573035,0.0449438202247191,2.388888888888889,2.625,0.0,1.5217391304347827,1.3518518518518519,36,16,3,23,54,89,78,631.8426966292135,0.4044943820224719,0.1797752808988764,0.033707865168539325,0.25842696629213485,0.6067415730337079,mainstream_all,20,2022,2,13,WP20
107,2022-03-03,2022-03-18,11,0.26702508960573473,0.8010752688172043,1.8563596491228072,0.22043010752688172,0.489247311827957,0.0913978494623656,2.0408163265306123,2.423076923076923,1.2,2.0481927710843375,1.2467532467532467,49,26,15,83,77,186,152,612.1182795698925,0.26344086021505375,0.13978494623655913,0.08064516129032258,0.44623655913978494,0.41397849462365593,mainstream_all,20,2022,3,15,WP20
108,2022-03-18,2022-04-07,11,0.18642611683848795,0.5592783505154639,1.7189467969598264,0.17010309278350516,0.3582474226804124,0.030927835051546393,2.19205298013245,1.6119402985074627,0.6190476190476191,1.5862068965517242,1.1724137931034482,151,67,42,87,203,388,307,660.7783505154639,0.38917525773195877,0.17268041237113402,0.10824742268041238,0.22422680412371135,0.5231958762886598,mainstream_all,20,2022,3,20,WP20
109,2022-04-07,2022-04-14,11,0.19865319865319864,0.5959595959595959,1.8510752688172045,0.20202020202020202,0.3484848484848485,0.045454545454545456,2.3333333333333335,1.7,0.6190476190476191,2.2028985507246377,1.2625,45,40,21,69,80,198,155,586.0252525252525,0.22727272727272727,0.20202020202020202,0.10606060606060606,0.3484848484848485,0.40404040404040403,mainstream_all,20,2022,4,7,WP20
110,2022-04-14,2022-04-28,11,0.21666666666666665,0.65,1.1091954022988504,0.125,0.425,0.1,0.2727272727272727,8.0,1.7,1.0714285714285714,1.0625,11,2,10,14,16,40,29,594.9,0.275,0.05,0.25,0.35,0.4,mainstream_all,20,2022,4,14,WP20
111,2022-04-28,2022-05-13,11,0.22785829307568436,0.6835748792270532,1.8013661202185791,0.21497584541062803,0.4106280193236715,0.057971014492753624,2.3893805309734515,2.1964285714285716,0.6410256410256411,1.7543859649122806,1.6285714285714286,113,56,39,114,175,414,305,601.3743961352657,0.27294685990338163,0.13526570048309178,0.09420289855072464,0.2753623188405797,0.4227053140096618,mainstream_all,20,2022,4,15,WP20
112,2022-05-13,2022-06-02,11,0.21285140562248994,0.6385542168674698,1.9679401993355483,0.18795180722891566,0.42168674698795183,0.02891566265060241,2.2721518987341773,1.5483870967741935,0.7428571428571429,1.9775280898876404,1.3821656050955413,158,31,35,89,157,415,301,631.7590361445783,0.38072289156626504,0.0746987951807229,0.08433734939759036,0.21445783132530122,0.3783132530120482,mainstream_all,20,2022,5,20,WP20
113,2022-06-02,2022-06-24,11,0.1881014873140857,0.5643044619422573,1.9229428172942817,0.1994750656167979,0.34908136482939633,0.015748031496062992,2.3916666666666666,2.026315789473684,0.5625,2.0684931506849313,1.5032258064516129,120,38,16,73,155,381,239,617.3333333333334,0.31496062992125984,0.09973753280839895,0.04199475065616798,0.19160104986876642,0.4068241469816273,mainstream_all,20,2022,6,22,WP20
114,2022-06-24,2022-07-07,12,0.2059620596205962,0.6178861788617886,1.803030303030303,0.17073170731707318,0.43902439024390244,0.008130081300813009,2.0303030303030303,2.5,1.6538461538461537,1.9019607843137254,1.625,33,6,26,51,32,123,99,599.2764227642276,0.2682926829268293,0.04878048780487805,0.21138211382113822,0.4146341463414634,0.2601626016260163,mainstream_all,20,2022,6,13,WP20
115,2022-07-07,2022-07-22,11,0.208,0.624,1.8244047619047619,0.168,0.428,0.028,2.049382716049383,3.0625,1.0769230769230769,1.9189189189189189,1.6170212765957446,81,16,13,37,94,250,168,561.0,0.324,0.064,0.052,0.148,0.376,mainstream_all,20,2022,7,15,WP20
116,2022-07-22,2022-08-04,12,,,,,,,,,,,,0,0,0,0,0,0,0,,,,,,,mainstream_all,,2022,7,13,
117,2022-08-04,2022-08-19,13,,,,,,,,,,,,0,0,0,0,0,0,0,,,,,,,mainstream_all,,2022,8,15,
118,2022-08-19,2022-09-01,12,,,,,,,,,,,,0,0,0,0,0,0,0,,,,,,,mainstream_all,,2022,8,13,
119,2022-09-01,2022-09-16,13,0.2328767123287671,0.6986301369863014,2.3714285714285714,0.2089041095890411,0.4691780821917808,0.02054794520547945,2.7837837837837838,3.0,1.1578947368421053,2.2096774193548385,1.8035714285714286,111,18,19,62,112,292,210,684.6541095890411,0.3801369863013699,0.06164383561643835,0.06506849315068493,0.21232876712328766,0.3835616438356164,mainstream_all,20,2022,9,15,WP20
120,2022-09-16,2022-10-06,14,0.27289719626168224,0.8186915887850468,2.134271671134942,0.22990654205607478,0.5607476635514018,0.028037383177570093,2.6363636363636362,2.6206896551724137,0.8648648648648649,1.5576923076923077,1.5970149253731343,209,29,37,104,201,535,373,600.4953271028037,0.39065420560747666,0.05420560747663551,0.0691588785046729,0.19439252336448598,0.37570093457943926,mainstream_all,20,2022,9,20,WP20
121,2022-10-06,2022-10-14,15,0.3316062176165803,0.9948186528497409,2.0607235142118863,0.35233160621761656,0.5803108808290155,0.06217616580310881,2.7058823529411766,3.272727272727273,0.4166666666666667,1.510204081632653,1.8055555555555556,51,33,12,49,72,193,129,580.7875647668394,0.26424870466321243,0.17098445595854922,0.06217616580310881,0.2538860103626943,0.37305699481865284,mainstream_all,20,2022,10,8,WP20
122,2022-10-14,2022-11-03,15,0.27076923076923076,0.8123076923076923,2.003888888888889,0.20923076923076922,0.5384615384615384,0.06461538461538462,2.314814814814815,2.7777777777777777,0.9333333333333333,1.86,1.7762237762237763,108,45,15,50,143,325,210,598.0676923076923,0.3323076923076923,0.13846153846153847,0.046153846153846156,0.15384615384615385,0.44,mainstream_all,20,2022,10,20,WP20
123,2022-11-03,2022-11-11,14,0.22821576763485477,0.6846473029045643,1.9322916666666667,0.1950207468879668,0.4605809128630705,0.029045643153526972,2.859154929577465,2.642857142857143,0.6521739130434783,1.5185185185185186,1.434782608695652,71,14,23,81,69,241,160,557.2697095435684,0.2946058091286307,0.058091286307053944,0.0954356846473029,0.3360995850622407,0.2863070539419087,mainstream_all,20,2022,11,8,WP20
124,2022-11-11,2022-12-01,14,0.25183374083129584,0.7555012224938875,1.908305462653289,0.2273838630806846,0.4963325183374083,0.03178484107579462,2.230769230769231,2.473684210526316,0.782608695652174,1.7333333333333334,1.5284090909090908,169,38,46,75,176,409,299,650.8899755501222,0.4132029339853301,0.09290953545232274,0.11246943765281174,0.18337408312958436,0.43031784841075793,mainstream_all,20,2022,11,20,WP20
125,2022-12-01,2022-12-09,15,0.24555160142348753,0.7366548042704626,2.199915824915825,0.2277580071174377,0.47330960854092524,0.03558718861209965,2.349514563106796,3.3142857142857145,1.3666666666666667,2.208955223880597,1.8571428571428572,103,35,30,67,91,281,198,561.0106761565836,0.3665480427046263,0.12455516014234876,0.10676156583629894,0.23843416370106763,0.3238434163701068,mainstream_all,20,2022,12,8,WP20
126,2022-12-09,2023-01-05,15,0.27215980024968783,0.8164794007490637,1.7828828828828829,0.16853932584269662,0.5205992509363296,0.12734082397003746,1.922077922077922,2.6285714285714286,1.15,1.794871794871795,1.5545454545454545,77,35,20,78,110,267,185,582.8389513108614,0.2883895131086142,0.13108614232209737,0.0749063670411985,0.29213483146067415,0.41198501872659177,mainstream_all,20,2022,12,27,WP20
127,2023-01-05,2023-01-19,15,0.41666666666666663,1.25,2.8567708333333335,0.36363636363636365,0.6590909090909091,0.22727272727272727,2.6666666666666665,2.857142857142857,1.4444444444444444,3.8181818181818183,2.4210526315789473,18,14,9,11,19,44,32,592.2727272727273,0.4090909090909091,0.3181818181818182,0.20454545454545456,0.25,0.4318181818181818,mainstream_all,20,2023,1,14,WP20
128,2023-01-19,2023-02-02,14,0.20394173093401885,0.6118251928020566,1.7027186761229316,0.15424164524421594,0.41131105398457585,0.04627249357326478,2.3162393162393164,2.207547169811321,0.6976744186046512,1.40625,1.384180790960452,117,53,43,96,177,389,282,595.0616966580977,0.30077120822622105,0.13624678663239073,0.11053984575835475,0.2467866323907455,0.455012853470437,mainstream_all,20,2023,1,14,WP20
129,2023-02-02,2023-02-17,15,0.24380165289256198,0.731404958677686,1.914258188824663,0.21487603305785125,0.4669421487603306,0.049586776859504134,1.925531914893617,3.4,1.2,1.775,1.5777777777777777,94,30,10,40,90,242,173,617.9380165289256,0.3884297520661157,0.12396694214876033,0.04132231404958678,0.1652892561983471,0.371900826446281,mainstream_all,20,2023,2,15,WP20
130,2023-02-17,2023-03-02,15,0.43243243243243246,1.2972972972972974,1.5527777777777778,0.2972972972972973,0.8378378378378378,0.16216216216216217,2.3333333333333335,2.8,0.6666666666666666,1.2857142857142858,1.2857142857142858,9,5,3,14,28,37,30,601.027027027027,0.24324324324324326,0.13513513513513514,0.08108108108108109,0.3783783783783784,0.7567567567567568,mainstream_all,20,2023,2,13,WP20
131,2023-03-02,2023-03-17,14,0.2839506172839506,0.8518518518518519,2.0458490566037737,0.23015873015873015,0.5026455026455027,0.11904761904761904,2.424778761061947,2.9696969696969697,0.8837209302325582,1.9651162790697674,1.9935483870967743,113,66,43,86,155,378,265,606.7460317460317,0.29894179894179895,0.1746031746031746,0.11375661375661375,0.2275132275132275,0.41005291005291006,mainstream_all,20,2023,3,15,WP20
132,2023-03-17,2023-04-06,15,0.25483503981797495,0.764505119453925,2.1262203626220364,0.22184300341296928,0.4880546075085324,0.05460750853242321,2.5903614457831323,3.2962962962962963,0.8620689655172413,1.6941176470588235,1.7748344370860927,83,54,29,85,151,293,239,618.3890784982935,0.2832764505119454,0.18430034129692832,0.09897610921501707,0.2901023890784983,0.515358361774744,mainstream_all,20,2023,3,20,WP20
133,2023-04-06,2023-04-14,15,,,,,,,,,,,,0,0,0,0,0,0,0,,,,,,,mainstream_all,,2023,4,8,
134,2023-04-14,2023-05-04,15,0.23492723492723494,0.7047817047817048,2.229946524064171,0.19334719334719336,0.46153846153846156,0.0498960498960499,2.569377990430622,3.101449275362319,1.0,1.9739130434782608,2.2048192771084336,209,69,31,115,166,481,374,584.7920997920997,0.43451143451143454,0.14345114345114346,0.06444906444906445,0.2390852390852391,0.34511434511434513,mainstream_all,20,2023,4,20,WP20
135,2023-05-04,2023-05-12,16,0.27956989247311825,0.8387096774193549,2.296171171171171,0.22043010752688172,0.5161290322580645,0.10215053763440861,2.242857142857143,3.8484848484848486,0.7272727272727273,2.140625,2.2025316455696204,70,33,11,64,79,186,148,584.4731182795699,0.3763440860215054,0.1774193548387097,0.05913978494623656,0.34408602150537637,0.42473118279569894,mainstream_all,20,2023,5,8,WP20
136,2023-05-12,2023-06-01,16,0.27168234064785785,0.8150470219435737,1.8522270114942527,0.2413793103448276,0.4952978056426332,0.07836990595611286,1.894736842105263,3.760869565217391,1.1428571428571428,1.9852941176470589,1.7202797202797202,95,46,21,68,143,319,232,610.7272727272727,0.29780564263322884,0.14420062695924765,0.06583072100313479,0.21316614420062696,0.4482758620689655,mainstream_all,20,2023,5,20,WP20
137,2023-06-01,2023-06-23,18,0.27114967462039047,0.8134490238611713,1.9945820433436532,0.22342733188720174,0.49891540130151846,0.0911062906724512,2.5526315789473686,3.0285714285714285,0.9047619047619048,1.8129496402877698,1.7553191489361701,114,70,42,139,188,461,323,588.8351409978308,0.2472885032537961,0.15184381778741865,0.0911062906724512,0.30151843817787416,0.4078091106290672,mainstream_all,20,2023,6,22,WP20
138,2023-06-23,2023-07-06,19,0.26077097505668934,0.782312925170068,2.4078947368421053,0.21768707482993196,0.5102040816326531,0.05442176870748299,2.9375,3.2580645161290325,0.7142857142857143,0.5217391304347826,2.3783783783783785,48,31,7,23,74,147,114,596.734693877551,0.32653061224489793,0.2108843537414966,0.047619047619047616,0.1564625850340136,0.5034013605442177,mainstream_all,20,2023,6,13,WP20
139,2023-07-06,2023-07-21,20,0.22427035330261136,0.6728110599078341,2.2001061571125264,0.12903225806451613,0.45622119815668205,0.08755760368663594,2.611940298507463,2.92,1.0952380952380953,1.8356164383561644,1.9873417721518987,67,25,21,73,79,217,157,609.8940092165899,0.3087557603686636,0.1152073732718894,0.0967741935483871,0.33640552995391704,0.3640552995391705,mainstream_all,20,2023,7,15,WP20
140,2023-07-21,2023-08-04,20,,,,,,,,,,,,0,0,0,0,0,0,0,,,,,,,mainstream_all,,2023,7,14,
141,2023-08-04,2023-08-18,21,,,,,,,,,,,,0,0,0,0,0,0,0,,,,,,,mainstream_all,,2023,8,14,
142,2023-08-18,2023-08-31,21,,,,,,,,,,,,0,0,0,0,0,0,0,,,,,,,mainstream_all,,2023,8,13,
143,2023-08-31,2023-09-15,22,0.3222222222222222,0.9666666666666667,2.5314900153609834,0.27,0.6366666666666667,0.06,2.75968992248062,3.5588235294117645,1.8888888888888888,2.0,2.1052631578947367,129,34,27,45,114,300,217,683.0133333333333,0.43,0.11333333333333333,0.09,0.15,0.38,mainstream_all,20,2023,8,15,WP20
144,2023-09-15,2023-09-28,22,0.2728093947606142,0.8184281842818428,2.548076923076923,0.21680216802168023,0.5176151761517616,0.08401084010840108,2.6210526315789475,4.423728813559322,0.84,2.217391304347826,2.4954954954954953,95,59,25,69,111,369,208,560.3414634146342,0.25745257452574527,0.15989159891598917,0.06775067750677506,0.18699186991869918,0.3008130081300813,mainstream_all,20,2023,9,13,WP20
145,2023-09-28,2023-10-13,22,0.2633744855967078,0.7901234567901234,2.420351473922903,0.16049382716049382,0.4691358024691358,0.16049382716049382,2.0763358778625953,4.302631578947368,1.1379310344827587,3.0112359550561796,2.1951219512195124,131,76,29,89,164,405,294,570.6148148148148,0.3234567901234568,0.18765432098765433,0.07160493827160494,0.21975308641975308,0.4049382716049383,mainstream_all,20,2023,9,15,WP20
146,2023-10-13,2023-11-02,23,0.25325884543761634,0.7597765363128491,2.3198924731182795,0.1787709497206704,0.4441340782122905,0.13687150837988826,2.516949152542373,3.7837837837837838,1.4390243902439024,2.095744680851064,2.2803030303030303,118,74,41,94,132,358,279,557.8435754189944,0.329608938547486,0.20670391061452514,0.11452513966480447,0.26256983240223464,0.3687150837988827,mainstream_all,20,2023,10,20,WP20
147,2023-11-02,2023-11-10,22,0.308411214953271,0.9252336448598131,2.3697222222222223,0.2850467289719626,0.5046728971962616,0.13551401869158877,2.793103448275862,4.45,1.5217391304347827,2.3157894736842106,2.2987012987012987,29,40,23,57,77,214,120,557.8130841121496,0.13551401869158877,0.18691588785046728,0.10747663551401869,0.26635514018691586,0.3598130841121495,mainstream_all,20,2023,11,8,WP20
148,2023-11-10,2023-12-07,21,0.2924628450106157,0.8773885350318471,2.3811793785310735,0.2340764331210191,0.5334394904458599,0.10987261146496816,2.6354679802955663,3.49,1.5555555555555556,2.476923076923077,2.0789473684210527,203,100,72,195,266,628,472,589.5334394904459,0.3232484076433121,0.1592356687898089,0.11464968152866242,0.3105095541401274,0.42356687898089174,mainstream_all,20,2023,11,27,WP20
149,2023-12-07,2023-12-22,21,0.289193302891933,0.867579908675799,1.9059610705596108,0.228310502283105,0.4794520547945205,0.1598173515981735,2.081081081081081,4.170731707317073,0.6666666666666666,1.5972222222222223,2.022222222222222,37,41,24,72,90,219,137,639.945205479452,0.1689497716894977,0.1872146118721461,0.1095890410958904,0.3287671232876712,0.410958904109589,mainstream_all,20,2023,12,15,WP20
150,2023-12-22,2024-01-04,21,,,,,,,,,,,,0,0,0,0,0,0,0,,,,,,,mainstream_all,,2023,12,13,
151,2024-01-04,2024-02-01,22,0.3878787878787878,1.1636363636363636,2.5259081196581197,0.34285714285714286,0.6233766233766234,0.1974025974025974,3.1372549019607843,3.804123711340206,0.5675675675675675,2.6690140845070425,1.8894009216589862,102,97,37,142,217,385,312,627.5636363636364,0.2649350649350649,0.2519480519480519,0.09610389610389611,0.36883116883116884,0.5636363636363636,mainstream_all,20,2024,1,28,WP20
152,2024-02-01,2024-03-07,19,0.27191011235955054,0.8157303370786517,2.2570809248554915,0.2157303370786517,0.501123595505618,0.09887640449438202,2.893939393939394,3.1466666666666665,1.6888888888888889,2.106060606060606,1.8708133971291867,132,75,45,132,209,445,346,582.8629213483146,0.2966292134831461,0.16853932584269662,0.10112359550561797,0.2966292134831461,0.4696629213483146,mainstream_all,20,2024,2,35,WP20
153,2024-03-07,2024-04-04,19,0.3164642375168691,0.9493927125506073,2.4293738489871086,0.23481781376518218,0.562753036437247,0.15182186234817813,3.196078431372549,4.037037037037037,0.8958333333333334,2.39375,1.8209606986899562,102,81,48,160,229,494,362,561.2975708502024,0.20647773279352227,0.16396761133603238,0.09716599190283401,0.32388663967611336,0.46356275303643724,mainstream_all,20,2024,3,28,WP20
154,2024-04-04,2024-05-02,18,0.3057124921531701,0.9171374764595104,2.1992496050552925,0.1977401129943503,0.568738229755179,0.15065913370998116,2.2366863905325443,4.0625,1.8076923076923077,2.2471264367816093,2.134199134199134,169,64,78,174,231,531,422,569.4802259887006,0.3182674199623352,0.12052730696798493,0.14689265536723164,0.327683615819209,0.4350282485875706,mainstream_all,20,2024,4,28,WP20
155,2024-05-02,2024-05-30,18,0.28438228438228436,0.8531468531468531,2.0664983164983166,0.23426573426573427,0.46153846153846156,0.15734265734265734,2.4615384615384617,3.9607843137254903,1.6285714285714286,2.0517241379310347,1.5433070866141732,52,51,35,116,127,286,198,566.3671328671329,0.18181818181818182,0.17832167832167833,0.12237762237762238,0.40559440559440557,0.44405594405594406,mainstream_all,20,2024,5,28,WP20
156,2024-05-30,2024-07-04,18,0.3386454183266932,1.0159362549800797,2.588165137614679,0.25630810092961487,0.5551128818061088,0.20451527224435592,2.816753926701571,4.290502793296089,2.276923076923077,2.7660550458715596,2.2719298245614037,191,179,65,218,342,753,545,600.1235059760957,0.2536520584329349,0.23771580345285526,0.08632138114209828,0.28950863213811423,0.4541832669322709,mainstream_all,20,2024,5,35,WP20
157,2024-07-04,2024-08-08,17,0.23787878787878786,0.7136363636363636,2.109848484848485,0.18181818181818182,0.4318181818181818,0.1,2.4375,5.388888888888889,1.3953488372093024,1.9736842105263157,1.9259259259259258,64,18,43,76,81,220,176,573.7454545454545,0.2909090909090909,0.08181818181818182,0.19545454545454546,0.34545454545454546,0.36818181818181817,mainstream_all,20,2024,7,35,WP20
158,2024-08-08,2024-09-05,16,,,,,,,,,,,,0,0,0,0,0,0,0,,,,,,,mainstream_all,,2024,8,28,
159,2024-09-05,2024-10-10,17,0.3250961010433827,0.9752883031301482,2.597902097902098,0.2652388797364086,0.6029654036243822,0.1070840197693575,2.824390243902439,4.1015625,1.18,2.6241610738255035,2.4122137404580153,205,128,50,149,262,607,429,627.171334431631,0.33772652388797364,0.21087314662273476,0.08237232289950576,0.24546952224052718,0.4316309719934102,mainstream_all,20,2024,9,35,WP20
160,2024-10-10,2024-10-31,17,0.29782608695652174,0.8934782608695652,2.6220178372352287,0.2391304347826087,0.4891304347826087,0.16521739130434782,3.0,4.175257731958763,0.6666666666666666,2.77027027027027,2.4497041420118344,78,97,45,148,169,460,299,576.3978260869566,0.16956521739130434,0.2108695652173913,0.09782608695652174,0.3217391304347826,0.3673913043478261,mainstream_all,20,2024,10,21,WP20
161,2024-10-31,2024-11-07,17,0.30392156862745096,0.9117647058823529,2.66,0.23529411764705882,0.6470588235294118,0.029411764705882353,3.227272727272727,,1.0,0.5,2.4375,22,0,1,2,16,34,25,595.4411764705883,0.6470588235294118,0.0,0.029411764705882353,0.058823529411764705,0.47058823529411764,mainstream_all,20,2024,10,7,WP20
162,2024-11-07,2024-11-21,18,0.35877862595419846,1.0763358778625953,2.4245954692556633,0.3053435114503817,0.5725190839694656,0.1984732824427481,2.8846153846153846,4.4,2.1904761904761907,2.2203389830508473,2.1025641025641026,26,20,21,59,78,131,103,657.6488549618321,0.1984732824427481,0.15267175572519084,0.16030534351145037,0.45038167938931295,0.5954198473282443,mainstream_all,20,2024,11,14,WP20
163,2024-11-21,2024-12-05,19,0.38095238095238093,1.1428571428571428,3.0246913580246915,0.3333333333333333,0.7857142857142857,0.023809523809523808,4.388888888888889,8.0,0.2,1.6666666666666667,4.0,18,2,5,9,15,42,27,633.5238095238095,0.42857142857142855,0.047619047619047616,0.11904761904761904,0.21428571428571427,0.35714285714285715,mainstream_all,20,2024,11,14,WP20
164,2024-12-05,2024-12-19,18,0.323037323037323,0.9691119691119691,2.5786458333333333,0.29343629343629346,0.583011583011583,0.09266409266409266,3.3333333333333335,4.125,2.3488372093023258,2.63302752293578,2.349514563106796,54,32,43,109,103,259,192,619.6138996138997,0.2084942084942085,0.12355212355212356,0.16602316602316602,0.42084942084942084,0.39768339768339767,mainstream_all,20,2024,12,14,WP20
165,2024-12-19,2025-01-09,19,0.44629629629629625,1.3388888888888888,2.9459287531806617,0.40555555555555556,0.7666666666666667,0.16666666666666666,3.0517241379310347,4.771428571428571,4.4,2.982142857142857,2.728395061728395,58,35,10,56,81,180,131,638.4277777777778,0.32222222222222224,0.19444444444444445,0.05555555555555555,0.3111111111111111,0.45,mainstream_all,20,2024,12,21,WP20
166,2025-01-09,2025-01-30,20,0.8076923076923077,2.423076923076923,4.8875,0.6538461538461539,1.0769230769230769,0.6923076923076923,4.75,5.705882352941177,4.0,4.733333333333333,4.35,4,17,4,15,20,26,20,697.2692307692307,0.15384615384615385,0.6538461538461539,0.15384615384615385,0.5769230769230769,0.7692307692307693,mainstream_all,20,2025,1,21,WP20
167,2025-01-30,2025-02-06,20,0.5320813771517997,1.596244131455399,2.7891919191919192,0.4225352112676056,0.8169014084507042,0.3568075117370892,3.7941176470588234,5.120689655172414,1.2222222222222223,2.618181818181818,2.7181818181818183,34,58,45,110,110,213,165,606.8497652582159,0.1596244131455399,0.27230046948356806,0.2112676056338028,0.5164319248826291,0.5164319248826291,mainstream_all,20,2025,1,7,WP20
168,2025-02-06,2025-02-13,21,0.7777777777777777,2.3333333333333335,4.261666666666667,0.9166666666666666,1.1666666666666667,0.25,4.285714285714286,5.428571428571429,4.25,4.333333333333333,3.8,7,7,4,6,10,12,10,1312.6666666666667,0.5833333333333334,0.5833333333333334,0.3333333333333333,0.5,0.8333333333333334,mainstream_all,20,2025,2,7,WP20
169,2025-02-13,2025-03-06,21,,,,,,,,,,,,0,0,0,0,0,0,0,,,,,,,mainstream_all,,2025,2,21,
170,2025-03-06,2025-04-03,21,0.3192982456140351,0.9578947368421052,2.763383838383838,0.30526315789473685,0.5368421052631579,0.11578947368421053,2.575,6.1,4.5,3.413793103448276,2.4909090909090907,40,10,2,29,55,95,66,711.6631578947369,0.42105263157894735,0.10526315789473684,0.021052631578947368,0.30526315789473685,0.5789473684210527,mainstream_all,20,2025,3,28,WP20
171,2025-04-03,2025-05-07,24,0.3333333333333333,1.0,1.0,0.25,0.5,0.25,0.0,,,,2.0,1,0,0,0,1,4,2,315.5,0.25,0.0,0.0,0.0,0.25,mainstream_all,21,2025,4,34,WP21
172,2025-05-07,2025-06-04,23,0.3252032520325203,0.975609756097561,2.1266129032258063,0.34146341463414637,0.5152439024390244,0.11890243902439024,2.1983471074380163,3.210526315789474,1.1,2.4607843137254903,1.6615384615384616,121,57,50,102,130,328,248,568.5030487804878,0.36890243902439024,0.17378048780487804,0.1524390243902439,0.31097560975609756,0.39634146341463417,mainstream_all,21,2025,5,28,WP21
173,2025-06-04,2025-07-03,23,0.31166666666666665,0.935,2.0174632352941178,0.29,0.5025,0.1425,1.8493150684931507,3.558139534883721,1.4444444444444444,2.2644628099173554,1.8670520231213872,73,86,36,121,173,400,272,551.9925,0.1825,0.215,0.09,0.3025,0.4325,mainstream_all,21,2025,6,29,WP21
174,2025-07-03,2025-08-07,23,0.2929642445213379,0.8788927335640139,1.9591194968553458,0.328719723183391,0.4671280276816609,0.08304498269896193,2.0761904761904764,3.660377358490566,1.2903225806451613,2.1866666666666665,1.6746031746031746,105,53,31,75,126,289,212,612.3391003460208,0.3633217993079585,0.18339100346020762,0.10726643598615918,0.25951557093425603,0.4359861591695502,mainstream_all,21,2025,7,35,WP21
175,2025-08-07,2025-09-03,24,,,,,,,,,,,,0,0,0,0,0,0,0,,,,,,,mainstream_all,,2025,8,27,
176,2025-09-03,2025-10-02,25,0.3065774804905239,0.919732441471572,2.1542150038669763,0.2976588628762542,0.5418060200668896,0.0802675585284281,2.2836538461538463,3.284090909090909,1.4489795918367347,2.8181818181818183,1.691358024691358,208,88,49,154,243,598,431,609.1622073578595,0.34782608695652173,0.14715719063545152,0.08193979933110368,0.25752508361204013,0.40635451505016723,mainstream_all,21,2025,9,29,WP21
177,2025-10-02,2025-11-06,26,0.3911646586345381,1.1734939759036145,2.316963226571768,0.38313253012048193,0.6216867469879518,0.1686746987951807,2.3292682926829267,3.4328358208955225,1.4,2.6315789473684212,1.8875739644970415,82,67,55,133,169,415,281,557.8313253012049,0.19759036144578312,0.1614457831325301,0.13253012048192772,0.3204819277108434,0.4072289156626506,mainstream_all,21,2025,10,35,WP21
178,2025-11-06,2025-12-04,26,0.3263263263263263,0.978978978978979,2.1562628336755645,0.31681681681681684,0.5315315315315315,0.13063063063063063,2.305699481865285,3.346774193548387,1.5810810810810811,2.467391304347826,1.8025078369905956,193,124,74,184,319,666,487,574.8423423423424,0.2897897897897898,0.18618618618618618,0.1111111111111111,0.27627627627627627,0.47897897897897895,mainstream_all,21,2025,11,28,WP21
179,2025-12-04,2026-01-08,25,0.34153005464480873,1.0245901639344261,2.0526485788113695,0.33060109289617484,0.5628415300546448,0.13114754098360656,1.8656716417910448,3.404255319148936,1.054054054054054,2.566666666666667,1.5731707317073171,67,47,37,150,164,366,258,522.0491803278688,0.1830601092896175,0.1284153005464481,0.10109289617486339,0.4098360655737705,0.44808743169398907,mainstream_all,21,2025,12,35,WP21
180,2026-01-08,2026-02-05,25,0.37825059101654845,1.1347517730496455,2.6633663366336635,0.425531914893617,0.624113475177305,0.0851063829787234,2.688888888888889,3.2857142857142856,0.5714285714285714,3.3529411764705883,1.9772727272727273,45,7,7,51,44,141,101,538.8723404255319,0.3191489361702128,0.04964539007092199,0.04964539007092199,0.3617021276595745,0.3120567375886525,mainstream_all,21,2026,1,28,WP21
